Rate,Rate_Accel,Rate_CV,Entropy,Ent_Change,Ent_MA,Size_Std,SizeStd_Change,SizeStd_MA,Label
23775.998,49.0,0.025205554,0.02106885,0.0058352803,0.014185835,17.857363,-0.20951901,-56.476456,1
20.999994,-3.257133e-07,0.24174562,1.5099685,0.28139225,1.833207,81.85736,-0.959519,135.52354,1
25801.0,9595.999,0.19371924,2.2015016,-0.13895102,2.191286,17.857363,-0.45951903,71.523544,1
20598.0,2620.9998,0.6900063,2.2069457,-0.13359691,2.3473353,17.857363,6.540481,71.523544,1
12755.0,5895.9995,0.35566896,0.045526307,-0.0011613719,0.06697266,17.857363,-7.959519,71.523544,1
22681.0,1972.0,0.044605114,1.5843651,-0.010054287,1.5537208,17.857363,-2.209519,71.523544,1
21639.0,-164.99998,0.035206735,0.016577998,0.006925776,0.0139345415,17.857363,-2.959519,71.523544,1
19776.0,-5219.0,0.10022077,2.1216815,-0.060256034,2.179214,17.857363,-6.459519,71.523544,1
10932.0,-1656.0,0.14527231,1.048384,-0.014954697,1.032431,17.857363,-7.709519,71.523544,1
19760.0,4595.0,0.11503262,2.4502122,0.14351274,2.581553,17.857363,1.790481,71.523544,1
16636.0,-724.0,0.14530541,2.2858388,-0.034195703,2.2804012,17.857363,18.040482,71.523544,1
21971.0,461.99997,0.049758606,2.5325878,-0.045977823,2.3831768,17.857363,-2.959519,71.523544,1
17794.0,-1465.9999,0.18735033,1.594043,0.117817,1.5616134,17.857363,1.290481,71.523544,1
13036.0,-852.0,0.12775485,0.078814305,-0.018519573,0.08073513,17.857363,18.290482,71.523544,1
20660.0,7000.0,0.18115553,2.2061555,0.4347439,1.9890722,17.857363,2.040481,71.523544,1
20350.0,-676.0,0.06343444,2.72237,0.10090917,2.7028856,17.857363,-2.209519,71.523544,1
12857.0,1809.0,0.08805266,2.173868,-0.13632262,2.1278758,17.857363,5.040481,71.523544,1
25222.0,1249.0,0.08635855,0.023721019,0.005544497,0.023409296,17.857363,2.540481,71.523544,1
21511.0,4815.0,0.094258144,2.1884964,0.07019855,2.2197142,17.857363,-7.459519,71.523544,1
13.999994,-16.000002,0.36108083,2.8352377,1.0533007,2.1046004,81.85736,-79.20952,135.52354,1
21328.0,-412.0,0.061967976,2.6881282,0.23459758,2.594418,17.857363,-0.709519,71.523544,1
5628.0,81.0,0.17509457,2.6892412,0.3473227,2.361621,17.857363,-0.709519,71.523544,1
23048.0,-359.0,0.03545837,0.008123199,-0.0015901696,0.0099434145,17.857363,-0.45951903,71.523544,1
16283.0,1012.0,0.13861163,2.6957963,0.14035007,2.6597676,17.857363,5.540481,71.523544,1
20076.0,1281.0001,0.09010176,1.0459983,0.036836192,1.042487,81.85736,28.040482,71.523544,1
19612.0,803.0,0.030937204,1.110081,-0.17336413,1.3351735,17.857363,-0.709519,71.523544,1
400.0,-86.0,0.12811746,0.26694086,-0.14488032,0.36855406,81.85736,-47.20952,135.52354,1
6617.0,-7371.0005,0.39550853,1.7826478,0.10844637,1.644965,17.857363,0.790481,71.523544,1
313.0,-6472.0,0.9044089,0.42398956,-2.035234,2.0440593,17.857363,-0.959519,71.523544,1
190.0,148.0,0.4713614,3.4205277,0.41441032,3.2541823,1169.8574,-72.95952,1223.5236,1
14.999994,-27.000002,0.6742381,2.7068908,-0.5189097,3.480472,81.85736,15.790481,135.52354,1
20873.0,-2084.0,0.07982149,2.6279304,-0.12872125,2.6603684,17.857363,-20.209518,71.523544,1
17201.0,-4944.0,0.12558058,2.3015792,-0.0075124423,2.2049093,17.857363,12.540481,71.523544,1
297.0,142.0,0.50738657,3.3466895,-0.28979382,3.5572195,785.85736,114.04048,647.52356,1
22659.0,2431.9998,0.05963295,0.044742864,-0.026437696,0.05005305,17.857363,-25.209518,71.523544,1
25885.0,3677.0,0.25330347,2.5287988,-0.06314296,2.4084215,17.857363,15.290481,71.523544,1
26689.0,5196.0,0.100273944,2.4492924,0.26073936,2.1951709,17.857363,5.790481,71.523544,1
22542.0,-285.0,0.04464008,0.027114669,0.0044865836,0.020056654,17.857363,3.040481,71.523544,1
14952.0,-4109.0,0.112808906,2.4794614,-0.2727305,2.664937,17.857363,1.790481,71.523544,1
12237.0,-4612.0,0.17290942,1.4995501,-0.056971908,1.5809215,17.857363,-2.209519,71.523544,1
15835.0,-138.0,0.14820564,2.3570588,-0.12733959,2.3710313,17.857363,-1.959519,71.523544,1
34.999996,-46.000004,0.5672069,4.104303,1.2969652,3.2612126,81.85736,-147.45952,199.52354,1
9566.0,-6215.0,0.30706865,2.3787725,0.1210492,2.599679,17.857363,-1.959519,71.523544,1
19382.0,-324.0,0.054315638,2.3095167,0.13281956,2.1374607,17.857363,9.790481,71.523544,1
19462.0,487.99997,0.09099598,1.1948855,-0.44589433,1.8476199,17.857363,-26.709518,71.523544,1
15435.999,139.0,0.07223138,2.5405037,0.0027681778,2.592939,81.85736,-0.959519,71.523544,1
9544.0,-7065.0,0.2838522,1.7930782,-0.2929534,2.3665476,17.857363,3.540481,71.523544,1
15852.999,1130.0001,0.18143818,1.0627801,0.35195583,1.0020231,17.857363,-0.45951903,71.523544,1
22727.0,1783.0,0.08951507,2.0306675,-0.06293554,2.257668,17.857363,-10.709519,71.523544,1
151.0,128.0,1.2317743,3.4657826,1.3671964,2.1815596,337.85736,319.79047,71.523544,1
15766.999,-2501.0,0.06477733,2.2959354,-0.02923033,2.2709785,17.857363,3.790481,71.523544,1
13117.0,1235.0,0.16678618,0.06337384,-0.019932374,0.04464333,81.85736,10.540481,71.523544,1
15344.999,-7273.0005,0.14765622,1.0026672,-0.58783925,1.4806937,17.857363,-13.209519,71.523544,1
7102.0,-3076.0,0.2489453,1.8725941,0.1416818,1.8049043,17.857363,2.290481,71.523544,1
21609.0,-845.0,0.10161392,2.2151406,-0.03139718,2.1147242,17.857363,-2.709519,71.523544,1
415.0,-113.0,0.100625224,0.35728672,-0.091569595,0.44490236,145.85736,-44.45952,135.52354,1
12446.0,-5548.0005,0.14047664,1.639468,0.0066787773,1.8667358,81.85736,29.290482,71.523544,1
24988.0,-101.0,0.01024408,2.278742,-0.24085444,2.4765334,17.857363,-1.959519,71.523544,1
186.0,117.0,0.70724034,2.283293,-0.39203724,2.665358,1297.8574,1236.7905,391.52356,1
41.999996,-5028.0,0.6641203,3.7067463,3.611862,0.792211,81.85736,72.54048,71.523544,1
6890.0,-813.0,0.2809166,1.0929725,-0.04580956,1.1032571,81.85736,26.290482,71.523544,1
117.99999,9.0,0.06896552,3.4433677,-0.3255785,3.5477352,81.85736,12.790481,199.52354,1
22471.0,3716.0,0.13873637,2.5640619,0.56130457,2.2332454,17.857363,6.540481,71.523544,1
23636.0,89.0,0.06567954,2.2754734,0.0045000413,2.296843,17.857363,11.540481,71.523544,1
15810.999,-4922.0,0.10592016,2.7507272,0.03377146,2.7165394,81.85736,25.790482,71.523544,1
23927.0,1680.0,0.09596771,2.5605853,-0.022889212,2.5439172,17.857363,6.540481,71.523544,1
445.0,123.00001,0.43786407,0.49090555,-0.37284392,0.6087946,145.85736,36.79048,199.52354,1
91.99999,17.0,0.21030404,3.7621365,0.04517776,3.86951,337.85736,178.04048,327.52356,1
17652.0,-4151.0,0.1839451,2.5164812,-0.10257706,2.4843817,17.857363,-0.709519,71.523544,1
24247.0,1968.0,0.038365595,2.6968124,-0.1158813,2.7334704,17.857363,-5.209519,71.523544,1
20682.0,5262.9995,0.12244507,0.02139453,-0.0057793683,0.024180342,17.857363,1.040481,71.523544,1
20386.0,-892.0,0.18180852,2.543801,0.09727472,2.4562597,17.857363,2.790481,71.523544,1
21761.0,-1613.0,0.103801735,2.2098582,-0.042992134,2.1175761,17.857363,-6.209519,71.523544,1
21219.0,6863.0,0.13566425,2.1495264,-0.05639129,2.3083735,17.857363,-8.959519,71.523544,1
14893.0,-2725.0002,0.08432245,2.2960994,0.1562096,2.3006186,17.857363,-6.709519,71.523544,1
21122.0,1295.0001,0.081431724,1.887572,-0.018403798,2.0821714,17.857363,1.290481,71.523544,1
20341.0,-2666.0002,0.3864789,1.9167044,0.3313429,1.57732,17.857363,-1.209519,-56.476456,1
557.0,93.0,0.18334155,0.34423807,-0.06928067,0.41688484,145.85736,21.290482,135.52354,1
133.0,13.000001,0.45372298,3.0328963,0.5436909,2.9235,785.85736,-127.20952,903.52356,1
26146.0,-393.00003,0.09124581,0.026712218,0.003261002,0.034681726,17.857363,-1.209519,71.523544,1
21589.0,7111.0,0.19318727,1.5921276,-0.108526565,1.5157446,17.857363,-67.45952,71.523544,1
17201.0,412.0,0.20988663,1.7707312,0.062334366,1.8952245,17.857363,14.540481,71.523544,1
17666.0,1936.0001,0.26016337,2.3255455,0.16658849,2.2493873,17.857363,-0.959519,71.523544,1
11659.0,-3589.0002,0.2514851,2.5729358,0.03291148,2.506503,17.857363,-0.45951903,71.523544,1
15431.999,-3527.0,0.33041212,2.0032566,0.17142332,1.7800735,17.857363,-4.959519,71.523544,1
48.999996,-3.257133e-07,0.17787719,2.3188484,0.4238255,2.421874,465.85736,205.29048,199.52354,1
593.0,1426.0077,0.8049297,-18.34374,-4.615169,-17.552845,3708519400.0,366949150.0,3706858800.0,1
18531.0,-504.0,0.07857402,1.7828553,0.29686186,1.595642,17.857363,8.290481,71.523544,1
10450.0,-3252.0002,0.32316676,1.4666207,0.437663,1.2178925,17.857363,-0.709519,71.523544,1
93.99999,-48.000004,2.1666107,3.1957114,-0.4732203,2.7534273,81.85736,-287.95953,135.52354,1
386.0,62.999996,0.11885298,1.0985005,0.31904575,0.8800673,337.85736,142.29048,199.52354,1
21660.0,766.0,0.13584739,0.014830391,-0.016145527,0.022977281,17.857363,-1.709519,71.523544,1
21611.0,3478.0,0.1625416,1.8343327,0.13035117,1.6606315,17.857363,1.040481,71.523544,1
24241.0,4659.0,0.098711856,2.3230946,-0.2110692,2.4365125,17.857363,0.040480983,71.523544,1
497.0,144.0,0.22010383,3.746958,-1.2583696,4.2854023,785.85736,230.04048,903.52356,1
20931.0,-850.0,0.11487624,2.7278943,0.0006716609,2.6123056,17.857363,0.790481,71.523544,1
18433.0,786.0,0.1882585,1.4626572,-0.13456596,1.9615878,17.857363,-2.959519,71.523544,1
21342.0,2300.0,0.051898446,0.007414142,-0.016085729,0.013932634,17.857363,-1.459519,71.523544,1
13336.0,-7191.0,0.20922995,2.23966,-0.059303194,2.2837934,17.857363,9.790481,71.523544,1
10.999994,-14.000002,0.32755318,2.5949066,-0.28339094,2.845774,81.85736,-2.709519,71.523544,1
16106.0,2874.0,0.122883506,2.254832,0.14280026,2.3784046,17.857363,7.790481,71.523544,1
14328.0,-2673.0,0.09015697,1.5573399,-0.051073268,1.5438002,17.857363,2.540481,71.523544,1
72.99999,12.0,0.0678547,2.4087517,0.22937673,2.313407,81.85736,5.040481,71.523544,1
23459.0,200.00002,0.066460624,2.394108,-0.09496403,2.4703312,17.857363,0.540481,71.523544,1
16816.0,-1027.0,0.34398037,1.6268966,0.0030422232,1.6190494,81.85736,39.79048,71.523544,1
19929.0,403.0,0.05217091,2.786754,0.10768618,2.7285764,17.857363,5.540481,71.523544,1
11228.0,1033.0,0.080805644,2.6086,-0.15542749,2.4644246,17.857363,3.040481,71.523544,1
24735.0,3151.0,0.049226023,0.017730037,0.0042346907,0.016106535,17.857363,2.290481,71.523544,1
17419.0,1736.0,0.11171047,1.6087983,0.005753784,1.5146159,17.857363,0.790481,71.523544,1
22322.0,-473.0,0.053202704,2.324857,0.19399375,2.0271654,17.857363,-0.45951903,71.523544,1
21198.0,1042.0,0.035774015,2.5504048,0.011191228,2.4748406,17.857363,-0.45951903,71.523544,1
22.999994,-14.000002,0.32605216,3.1092434,0.41321293,3.1024592,81.85736,-10.459519,135.52354,1
21571.0,-447.0,0.13473722,2.0768468,-0.36740062,2.4283218,17.857363,0.040480983,71.523544,1
23023.0,3148.0,0.13288571,2.2354581,0.3082238,1.7189234,17.857363,2.540481,71.523544,1
150.0,98.0,0.46890888,3.712422,0.37290823,3.611878,785.85736,687.54047,519.52356,1
98.99999,14.000001,0.100795954,3.1850016,0.25133383,3.2504625,81.85736,-129.20952,135.52354,1
75.99999,-3.0000002,0.13953353,3.4477863,-0.34385833,3.7377553,529.85736,252.29048,327.52356,1
20351.0,4417.0,0.12723945,2.3539917,0.1462869,2.285719,17.857363,-4.959519,71.523544,1
23.999994,0.9999997,0.3672392,2.2126415,-1.3695513,3.0328138,337.85736,294.29047,327.52356,1
23021.0,2936.9998,0.089704946,2.5292027,-0.09543915,2.6320128,17.857363,-0.709519,71.523544,1
3569.0,-2758.0,0.23956646,2.388838,0.05002785,2.38792,17.857363,-24.959518,71.523544,1
13832.0,1597.0,0.15516602,0.95527726,0.8817089,0.28315777,17.857363,-8.209519,71.523544,1
17542.0,2208.0,0.10717702,1.8619878,-0.10073415,1.985248,17.857363,-0.959519,71.523544,1
13601.0,-489.0,0.04900244,2.5948608,0.054600295,2.572781,17.857363,7.540481,71.523544,1
1.9999943,-13062.0,0.5940877,-1.9875229e-07,-2.0228798,1.7877649,17.857363,-20.209518,71.523544,1
20408.0,-3758.0002,0.074505866,0.013613026,-0.0038377454,0.012375761,17.857363,-4.709519,71.523544,1
14131.0,-5601.0,0.18146494,1.9573796,-0.015208382,1.8994068,17.857363,-1.209519,71.523544,1
21768.0,6409.0,0.53324527,0.02149419,-0.014321331,0.0449075,17.857363,-8.209519,71.523544,1
17144.0,-1926.9999,0.13960959,0.029542247,0.012097362,0.02606671,17.857363,7.790481,71.523544,1
18313.0,2107.0,0.16615409,1.2439106,-0.23553422,1.436283,17.857363,3.790481,71.523544,1
14067.0,-5180.0,0.13628109,1.2072814,-0.4045247,1.5106033,17.857363,8.790481,71.523544,1
17051.0,-2640.0,0.09045155,2.2800853,-0.05668714,2.2634292,17.857363,-0.959519,71.523544,1
18026.0,-6572.0,0.12456967,2.5248373,-0.072517335,2.6228905,17.857363,3.790481,71.523544,1
15551.999,-6354.0,0.21224974,0.005623142,0.002093902,0.0066341646,17.857363,-0.959519,-56.476456,1
23578.0,3291.0,0.0765463,2.646135,0.09409522,2.5632267,17.857363,9.540481,71.523544,1
15521.999,-3065.0,0.16494718,2.5544055,0.19466811,2.3599539,17.857363,14.290481,71.523544,1
9594.0,-6811.0,0.25925317,1.7690217,-0.78887147,2.4992785,17.857363,-1.459519,71.523544,1
23198.0,1609.0001,0.05336641,2.2554963,-0.18281241,2.4712524,17.857363,2.540481,71.523544,1
70.99999,-31.999998,0.3045876,3.8890932,0.38332984,3.8193552,785.85736,587.29047,327.52356,1
16889.0,1440.0001,0.061927598,0.5245388,-0.11437423,0.69103473,81.85736,11.540481,71.523544,1
19969.0,67.0,0.05431441,2.479067,0.06484631,2.4145994,17.857363,-1.209519,71.523544,1
175.0,58.0,0.36875293,3.6629734,-0.36066574,3.635927,529.85736,74.54048,327.52356,1
7120.0,-2536.0002,0.1794257,0.052840512,0.022653202,0.04674046,17.857363,1.540481,71.523544,1
12026.0,-2833.0002,0.16694355,0.34028032,-0.6767161,0.8683409,17.857363,20.040482,71.523544,1
23655.0,5530.0,0.14534324,2.3381407,0.006153207,2.3909125,17.857363,4.540481,71.523544,1
14735.0,-4589.0,0.16545877,0.04652671,-0.96284425,0.83889335,17.857363,5.040481,71.523544,1
17236.0,-3264.0,0.141275,2.3726351,0.076646596,2.2707958,17.857363,0.040480983,71.523544,1
18553.0,-4658.0,0.777265,2.590316,-0.035949897,2.5948653,17.857363,3.790481,71.523544,1
23405.0,2281.9998,0.118526906,2.4859416,0.04076407,2.494227,17.857363,-16.459518,71.523544,1
18222.0,-2601.0,0.065870084,2.5825927,-0.17780906,2.5512786,17.857363,-15.959519,71.523544,1
27.999994,-177.0,0.9495603,2.0131109,1.4013063,1.3571142,81.85736,80.79048,71.523544,1
421.0,28.0,0.2590982,0.51802284,-0.19095124,0.5353822,145.85736,-10.209519,199.52354,1
16114.999,-3265.0,0.15345846,2.0959737,0.091964975,2.0152202,81.85736,41.04048,71.523544,1
12542.0,443.0,0.06616593,2.4100044,0.03906743,2.3042345,17.857363,-12.959519,71.523544,1
12594.0,6643.0,0.2932878,2.1539223,-0.05942507,2.15697,17.857363,-16.209518,71.523544,1
-2949.5532,951.0076,-1.0964237,-18.015255,2.3000088,-18.454163,3708519400.0,366949000.0,3706858500.0,1
176.0,-258.00003,0.43666306,3.8433266,1.1555479,3.5879564,1041.8574,32.29048,647.52356,1
277.0,-38.000004,0.069112964,0.46415737,-0.07399736,0.6028041,273.85736,-4.459519,199.52354,1
22581.0,3659.9998,0.17608275,2.7237113,-0.051177494,2.3180451,17.857363,-0.45951903,71.523544,1
19582.0,-2365.0,0.15375309,2.0196507,-0.2851319,2.0648909,17.857363,-0.20951901,71.523544,1
46.999996,-6425.0,0.75135875,3.7263324,1.326576,2.7923222,81.85736,100.54048,71.523544,1
19774.0,553.0,0.04873777,2.212498,-0.0025073492,2.2076097,17.857363,-0.20951901,-56.476456,1
10713.0,611.0,0.16789873,2.033322,0.29645044,1.7858547,17.857363,-6.459519,71.523544,1
16107.0,1324.0,0.14262559,1.0012629,-0.020103578,1.0206317,17.857363,16.290482,71.523544,1
9656.0,1876.0001,0.13507624,1.755379,-0.6371962,2.0306144,145.85736,121.29048,135.52354,1
20894.0,970.99994,0.15898748,2.3433821,0.07120582,2.299522,17.857363,1.040481,71.523544,1
19245.0,363.99997,0.08979542,1.975353,-0.048778035,2.1952538,17.857363,1.040481,71.523544,1
14021.0,5654.0,0.20090121,2.5008976,0.23827001,2.4995508,81.85736,-25.209518,71.523544,1
17837.0,-2533.0,0.08437618,1.8045528,-0.16442606,1.9279875,17.857363,-10.209519,71.523544,1
22340.0,-2538.0002,0.057797905,2.268181,0.1385991,2.0591512,17.857363,2.540481,71.523544,1
7703.0,-3507.0,0.20492835,1.1387823,0.032500777,1.1165985,17.857363,8.790481,71.523544,1
25070.998,985.0,0.07863481,2.4119866,0.123615615,2.3527184,17.857363,2.290481,71.523544,1
24408.0,702.0,0.04353082,2.528311,-0.013780393,2.5925794,17.857363,5.790481,71.523544,1
13926.0,-9041.0,0.21662524,2.3867662,-0.06386566,2.4935627,17.857363,9.290481,71.523544,1
5.9999943,-12.999998,0.66968906,0.9182957,-0.6596814,1.4764193,17.857363,-128.70952,71.523544,1
21401.0,-2969.0,0.1658759,0.023757258,-0.0009542123,0.0233845,17.857363,7.290481,71.523544,1
19352.0,-116.0,0.06102361,2.2888033,0.04180914,2.3501391,17.857363,-4.209519,71.523544,1
19134.0,-2880.0,0.09100739,2.3772304,-0.103849806,2.3375292,17.857363,-44.70952,71.523544,1
8917.0,-244.00002,0.095784,2.3398697,0.19592687,2.2754092,17.857363,20.290482,71.523544,1
12550.0,-11738.0,0.23522416,1.0689881,-0.5427577,1.496899,17.857363,-13.459519,71.523544,1
21408.0,4150.0,0.14204334,1.9879992,0.033319965,2.1328688,17.857363,18.540482,71.523544,1
22048.0,4451.0,0.11266422,2.34103,0.026211241,2.3505821,17.857363,-1.209519,71.523544,1
14876.0,-2897.0,0.22077183,2.363559,-0.14946383,2.41192,17.857363,-1.459519,71.523544,1
18074.0,-1518.0,0.09430988,0.98716336,-1.4673544,2.132493,17.857363,-3.459519,71.523544,1
84.00048,-212.0,0.7940118,1.8039262,0.38917553,1.229957,145.85736,-334.95953,199.52354,1
4167.0,-8591.0,0.52631474,0.06317023,0.03045955,0.041785646,17.857363,-9.209519,71.523544,1
15790.0,-833.0,0.19183826,0.628928,-0.04176316,0.82168335,17.857363,7.540481,71.523544,1
22460.0,287.0,0.10203692,2.3627355,0.052416254,2.2755089,17.857363,5.540481,71.523544,1
19471.0,4519.0,0.11000574,2.6585,0.1790387,2.6511436,17.857363,-7.959519,71.523544,1
23237.0,-662.0,0.045744926,0.02291564,0.010102359,0.025197435,17.857363,1.290481,71.523544,1
20339.0,2804.0,0.16727109,2.1556232,-0.17752856,2.3660765,17.857363,-22.209518,71.523544,1
23854.0,8678.0,0.16356964,1.7269313,-0.26726875,1.9484419,17.857363,-0.20951901,71.523544,1
18732.0,-995.00006,0.057057217,2.295756,-0.08052412,2.4125223,17.857363,-0.709519,71.523544,1
20160.0,-4407.0,0.0962673,1.8300221,-0.39554244,2.1497722,17.857363,1.790481,71.523544,1
23690.0,-1877.9999,0.18710458,2.2606633,0.00042409482,2.4049916,17.857363,7.040481,71.523544,1
15074.0,-772.00006,0.124908715,1.8561871,0.19057143,1.6352752,17.857363,1.540481,71.523544,1
24983.0,902.0,0.038354844,1.9759204,-0.0020378025,2.110754,17.857363,1.290481,71.523544,1
1094.0,-15154.0,0.55607986,1.7257636,-1.0670196,2.417142,17.857363,6.540481,71.523544,1
19294.0,736.0,0.043571748,2.4856603,0.15687558,2.4405723,17.857363,1.540481,-56.476456,1
10049.0,-2316.0,0.2863242,0.115182675,-0.6306639,1.1351708,17.857363,4.790481,71.523544,1
16744.0,-156.0,0.058927666,2.3749917,-0.117261596,2.6171227,17.857363,0.540481,71.523544,1
21675.0,465.0,0.0934752,2.0733888,0.10171529,1.907009,17.857363,-20.209518,71.523544,1
472.0,255.0,1.0501995,4.8132668,-0.23488691,4.5033154,849.85736,267.04047,327.52356,1
19368.0,-2256.0,0.10506138,2.7064493,-0.027257934,2.7163148,17.857363,-20.209518,71.523544,1
16432.0,272.0,0.071012266,0.9215668,-0.10013654,1.2395347,17.857363,1.040481,71.523544,1
2958.0,-15890.0,0.62601036,2.1648104,0.12969527,2.137486,17.857363,5.040481,71.523544,1
23347.0,1081.0001,0.025362054,0.010505001,-0.0025111416,0.010917593,17.857363,-0.709519,71.523544,1
2147.0,-2415.0,0.6432029,0.090399064,0.0048461524,0.051778246,17.857363,20.540482,71.523544,1
22991.0,2465.0,0.09209822,2.3827436,-0.18762375,2.2362227,17.857363,-7.459519,71.523544,1
13888.0,-579.0,0.14636305,1.35304,0.23714933,1.3167466,17.857363,11.290481,71.523544,1
11769.0,1940.0001,0.15559085,2.039883,-0.1527789,2.0443978,17.857363,-21.959518,71.523544,1
538.0,-73.0,0.09093527,1.6665351,0.15005283,1.6027559,721.85736,-93.70952,1031.5236,1
22494.0,1225.0,0.11842667,2.2855484,0.09135868,2.2203703,17.857363,-3.459519,71.523544,1
12454.0,-7477.0,0.19258542,2.5841649,0.02784767,2.658506,17.857363,-0.45951903,71.523544,1
6081.0,-402.00003,0.2755929,1.9608214,-0.1925425,2.02978,17.857363,-18.959518,71.523544,1
26805.0,35.0,0.1272471,1.0080526,0.0031244515,0.99549764,17.857363,5.290481,71.523544,1
15330.999,79.0,0.09598268,2.4034202,-0.18488212,2.524756,17.857363,5.290481,71.523544,1
23421.998,2677.0,0.17649348,0.02030448,-0.018918417,0.026368547,17.857363,-7.959519,71.523544,1
22285.0,2358.0,0.23678899,1.9194138,-0.018561795,2.2137356,17.857363,-0.45951903,-56.476456,1
25561.0,-2156.0,0.04674332,2.4642866,0.10136595,2.3935719,17.857363,-21.959518,71.523544,1
99.99999,-47.000004,0.18072428,3.4581256,-0.5616754,3.6970844,81.85736,-6.709519,135.52354,1
521.0,325.99997,0.8254863,0.29949883,-0.5432573,1.1919974,81.85736,-61.20952,135.52354,1
401.0,-172.0,0.3086282,1.8343947,0.54077,1.6166476,1681.8574,78.79048,1735.5236,1
207.0,58.999996,0.34954065,3.219555,0.33934772,3.3489218,721.85736,-50.20952,647.52356,1
17211.0,-991.0,0.56253713,2.128629,0.08656554,2.6422787,17.857363,-18.959518,135.52354,1
534.0,103.0,0.24818508,0.31986168,0.08372793,0.2371916,81.85736,1.290481,135.52354,1
9560.0,3239.0,0.3721251,0.0363038,-0.023242395,0.60797447,17.857363,1.290481,71.523544,1
16740.0,7002.0,0.26605797,2.6360185,-0.05355168,2.6715503,81.85736,-7.959519,71.523544,1
23535.0,3808.9998,0.19155826,2.7560382,-0.01152676,2.1705394,17.857363,-1.959519,71.523544,1
21867.0,4232.0,0.12757868,2.4602091,-0.10288693,2.5721927,17.857363,1.790481,71.523544,1
26462.0,3044.9998,0.19761442,0.02227048,-0.0076789404,0.030422617,17.857363,-2.209519,71.523544,1
17459.0,-1910.0,0.110648945,2.3198078,-0.07433064,2.354661,17.857363,-1.209519,71.523544,1
20243.0,-931.0,0.032622725,2.762869,-0.011589233,2.7417083,17.857363,-7.459519,71.523544,1
17256.0,-3283.0,0.08227567,2.4529483,2.7600996e-05,2.4966426,17.857363,0.040480983,71.523544,1
24615.998,2793.0,0.09934391,1.9785688,0.027828345,1.9665712,17.857363,-6.959519,71.523544,1
10066.0,-1722.9999,0.1124624,1.2808273,0.08686897,1.2906655,17.857363,-7.209519,71.523544,1
10434.0,-3937.0,0.1901141,0.28208283,0.09142036,0.20991461,81.85736,53.79048,135.52354,1
101.99999,-16.999998,0.42998388,4.156235,0.33728492,3.1822228,337.85736,-133.70952,327.52356,1
9762.0,-11095.0,0.30490038,0.97754604,-0.3733182,1.2920712,17.857363,12.540481,71.523544,1
26569.0,-1637.0,0.044374287,2.7512047,-0.06550078,2.7537076,17.857363,8.540481,71.523544,1
20388.0,4419.0,0.13477004,2.3453872,0.04179678,2.1635346,17.857363,-4.709519,71.523544,1
209.0,53.0,0.30749598,0.49283388,-0.5048768,0.63452476,273.85736,-8.209519,199.52354,1
5576.0,-1477.0,0.25592074,0.22277908,-0.040694576,0.31974453,17.857363,13.790481,71.523544,1
140.0,22.0,0.2959111,4.2609487,0.28844514,3.8247643,81.85736,-42.45952,135.52354,1
18213.0,62.999996,0.12988855,1.0443666,-0.002110766,1.3218435,17.857363,0.540481,71.523544,1
21570.0,-954.0,0.05414199,2.435712,-0.15826824,2.4753027,17.857363,1.040481,71.523544,1
23407.998,1099.0,0.056967635,2.105438,-0.00044452367,2.099152,17.857363,8.040481,71.523544,1
16280.999,3399.0,0.35617214,2.3736417,0.0034461564,1.8451108,17.857363,-9.209519,71.523544,1
4836.0,3491.9998,1.1988639,2.4239361,-0.10081754,3.4268394,81.85736,-87.95952,199.52354,1
270.0,-2.0000002,0.30700383,3.5070312,0.3086788,3.3441586,273.85736,130.79048,199.52354,1
22845.0,-560.0,0.0657814,2.2403858,-0.3202526,2.4668212,17.857363,3.540481,71.523544,1
9640.0,-3157.0,0.13397186,0.048199456,0.021746038,0.037371565,17.857363,7.790481,71.523544,1
20682.0,389.99997,0.018713893,2.4917743,0.07144607,2.5332208,17.857363,3.540481,71.523544,1
20184.0,44.0,0.038443968,2.7101634,-0.03588263,2.6903267,17.857363,-0.709519,71.523544,1
21736.0,3056.9998,0.073515095,2.6711223,-0.12221245,2.7190993,17.857363,-4.959519,71.523544,1
23040.0,4279.0,0.08973334,2.473397,0.05009425,2.5008392,81.85736,-23.459518,71.523544,1
18809.0,-2807.0,0.13350524,2.5780127,-0.012901716,2.4889627,17.857363,1.040481,71.523544,1
8237.0,-2181.0002,0.18047523,2.3869793,-0.04939968,2.4092612,17.857363,-7.459519,71.523544,1
308.0,-39.0,0.09922101,0.2611654,-0.003532469,0.40833658,145.85736,10.790481,199.52354,1
17274.0,-555.0,0.11852774,2.154342,-0.1172364,2.3802352,17.857363,-18.459518,71.523544,1
23892.0,-972.0,0.13775988,2.6395671,0.0023842512,2.5316591,17.857363,-7.959519,71.523544,1
19651.0,-2064.0,0.18984269,2.2677252,-0.033006884,2.1699495,17.857363,29.040482,71.523544,1
9003.0,-990.00006,0.31096312,0.051621716,0.019601095,0.050870348,17.857363,2.540481,71.523544,1
296.0,-74.0,0.51542276,2.6704075,0.59959507,3.1219528,849.85736,-429.95953,839.52356,1
19742.0,-2973.0002,0.07905381,2.4349859,-0.08012291,2.5022907,17.857363,-2.709519,71.523544,1
35.999996,-43.999996,0.59424525,3.4675858,0.18955974,3.1816494,81.85736,-494.70953,583.52356,1
18526.0,-2581.0,0.1638056,1.9093354,-0.0912473,2.0914402,17.857363,-6.959519,71.523544,1
13387.0,-7297.0,0.19290227,1.2124431,-0.15115942,1.3994654,17.857363,3.540481,-56.476456,1
18345.0,-148.0,0.077674754,2.7356498,0.11049538,2.687274,17.857363,6.790481,71.523544,1
111.99999,30.0,0.14234567,3.115677,0.29408902,3.0580728,337.85736,295.04047,135.52354,1
15170.0,-1190.0,0.13444288,2.0260298,0.34158343,2.111157,17.857363,-0.20951901,71.523544,1
490.0,363.99997,0.7975125,2.7243574,-1.7911766,3.799675,593.85736,37.54048,647.52356,1
20822.0,4627.9995,0.19924957,2.4997175,0.65291345,2.5012298,17.857363,7.790481,71.523544,1
149.0,37.0,0.24897441,3.8592315,0.74355453,3.2911735,465.85736,72.79048,199.52354,1
22020.0,-2013.0,0.054546386,2.7582717,-0.02397259,2.6479015,17.857363,-1.459519,-56.476456,1
108.99999,18.0,0.10025089,3.3914094,-0.03166632,3.3411393,81.85736,3.040481,71.523544,1
23932.0,4035.9998,0.09865489,2.1204326,0.020995142,1.9257697,17.857363,25.290482,71.523544,1
20078.0,7476.0,0.18832664,2.3306897,-0.23808303,2.4856734,17.857363,-5.959519,71.523544,1
9575.0,2756.9998,0.29083842,0.03829984,-0.13847303,0.09552471,17.857363,-47.20952,71.523544,1
19240.0,-1200.0,0.059911393,2.2521756,0.16470143,2.0716133,17.857363,0.790481,71.523544,1
12169.0,7395.0,1.081303,1.0859249,0.14049456,2.2762165,17.857363,-148.95952,135.52354,1
17768.0,-2515.0,0.9080077,1.9854667,-0.14000857,2.600975,17.857363,-4.959519,135.52354,1
21198.0,143.0,0.06627424,2.4690244,-0.13801466,2.635181,17.857363,-0.709519,71.523544,1
12698.0,-2387.0002,0.25227037,0.05379514,0.013160289,0.03375571,17.857363,-4.459519,71.523544,1
429.0,-16.999998,0.30951196,0.76131564,0.3137521,0.7392368,145.85736,-19.709518,135.52354,1
16851.0,-7400.0,0.17603894,1.8760016,-0.17192543,2.0012622,17.857363,-3.459519,71.523544,1
22971.0,940.99994,0.12853257,2.307503,0.026261592,2.4169955,17.857363,6.790481,71.523544,1
109.99999,57.0,0.5514802,3.350739,-0.29597834,3.4346137,81.85736,-19.459518,71.523544,1
14411.0,2628.9998,0.107596844,0.17206173,0.020563923,0.47688955,81.85736,15.790481,71.523544,1
8068.0,-2864.0002,0.25263697,1.0518625,0.003478464,1.039471,17.857363,10.040481,71.523544,1
280.0,23.0,0.13094524,3.3383949,-0.09383859,3.3900383,81.85736,31.540482,71.523544,1
23484.0,6101.0,0.11026784,2.370762,-0.17829597,2.5836716,17.857363,-1.709519,71.523544,1
22429.0,6565.0,0.12314638,1.8136599,0.0028796273,1.8684105,17.857363,-1.459519,71.523544,1
17481.0,1502.0,0.06406756,1.06342,0.20260118,1.081118,17.857363,31.540482,71.523544,1
23374.0,3953.0,0.094396666,2.5815141,0.47903615,2.297318,17.857363,-3.709519,71.523544,1
15407.0,-2643.0,0.09849181,2.2173665,-0.15733051,2.2061968,17.857363,21.790482,71.523544,1
7091.0,-860.0,0.12988278,1.310931,0.2602375,1.1326817,17.857363,-24.209518,71.523544,1
16466.0,-3912.0,0.107591756,2.1089408,0.18855473,1.9886888,17.857363,-1.459519,71.523544,1
26613.0,7479.0,0.13873579,2.471223,-0.08878767,2.4961686,17.857363,-2.709519,71.523544,1
10972.0,2119.0,0.12792832,1.6987565,0.30667913,1.7548321,17.857363,-0.20951901,71.523544,1
20461.0,4462.0,0.1640472,0.015786925,-0.0046024784,0.016981054,17.857363,-0.45951903,-56.476456,1
92.99999,12.0,0.17939258,4.141438,0.87324625,3.5850646,145.85736,-147.20952,391.52356,1
21460.0,-309.00003,0.122800015,2.3219507,0.14504622,2.2693372,17.857363,-7.459519,71.523544,1
16133.0,-3921.0,0.1426322,2.3781645,0.091652885,2.3791556,17.857363,-6.459519,71.523544,1
23383.998,1725.0,0.047642313,2.7238839,0.102368005,2.6790853,17.857363,-2.709519,71.523544,1
23288.0,192.00002,0.06426775,0.016523639,0.0002578463,0.015067983,17.857363,3.540481,-56.476456,1
9213.0,1022.0,0.059935734,1.0643647,-0.0060156058,1.2060603,17.857363,-19.709518,71.523544,1
481.0,-39.0,0.26425773,0.5607856,0.06699193,0.6637935,145.85736,-20.209518,199.52354,1
118.99999,-3.0000002,0.3139759,3.6075907,0.47187784,3.419389,81.85736,-434.70953,199.52354,1
15875.999,-5097.0,0.19215861,1.6927941,-0.16779687,1.7791876,17.857363,-7.709519,71.523544,1
20445.0,2420.9998,0.07137674,2.4334447,0.10455018,2.3919444,17.857363,-3.209519,71.523544,1
12469.0,-695.00006,0.18398826,1.0577729,-0.26702708,1.6853403,17.857363,1.290481,71.523544,1
24187.998,3480.0,0.09825329,2.515127,-0.099801734,2.6566944,81.85736,4.040481,71.523544,1
18319.0,-129.0,0.05065012,1.5942948,0.011323571,1.7460316,17.857363,-0.709519,71.523544,1
19092.0,8420.0,0.2099549,2.7751713,0.08064811,2.700304,17.857363,-8.209519,71.523544,1
14955.0,-1177.9999,0.09778422,1.3548739,-0.06281673,1.3231567,17.857363,1.040481,71.523544,1
19979.0,1711.0,0.11131788,2.2049382,-0.06317745,2.1117258,17.857363,-18.459518,71.523544,1
4885.0,2430.9998,0.47025928,2.261206,0.1894954,2.2788825,17.857363,-21.709518,71.523544,1
17616.0,3298.0,0.10001851,2.4486187,-0.0046151313,2.4438553,17.857363,-7.959519,71.523544,1
89.99999,-18.999998,0.20610824,3.357768,-0.54205143,3.9421682,785.85736,191.29048,647.52356,1
21555.0,-3224.0,0.12052083,2.1044147,0.011282308,2.1689477,17.857363,0.040480983,71.523544,1
20943.0,-722.00006,0.033277668,0.03384761,-0.0045967787,0.032318998,17.857363,-9.709519,71.523544,1
8036.0,-1404.0,0.36037633,0.22132663,0.16996121,0.5812277,17.857363,12.790481,71.523544,1
11729.0,-4431.0,0.13396017,1.5982206,-0.016956892,1.553809,17.857363,-1.959519,71.523544,1
15422.0,502.99997,0.045251988,2.1733973,0.17503138,2.0668797,17.857363,2.290481,71.523544,1
12386.0,-1374.0,0.046544686,0.0692747,0.008329025,0.05941813,17.857363,-16.209518,71.523544,1
5852.0,1087.0,0.28326318,2.4533312,0.42654043,1.7613705,81.85736,46.79048,71.523544,1
50.999996,-9.999998,0.5391679,3.6856937,-0.28226188,3.7889657,81.85736,-100.20952,327.52356,1
22186.0,213.00002,0.24047273,2.3459837,0.08285184,2.3495722,17.857363,6.790481,71.523544,1
16098.0,-4459.0,0.10692247,2.562338,-0.0038949323,2.5994353,17.857363,1.040481,71.523544,1
23391.0,-222.0,0.037606984,2.4666936,0.29577255,2.2510977,17.857363,-0.20951901,71.523544,1
21086.0,1210.0,0.15312259,1.9116452,0.07528306,1.9586366,17.857363,-0.20951901,71.523544,1
22747.0,-3970.0,0.1258697,2.1835353,-0.04329447,2.0982785,17.857363,2.290481,71.523544,1
24787.0,126.0,0.13219625,2.5930169,0.13592076,2.4961925,17.857363,-3.709519,71.523544,1
20274.0,883.99994,0.16859604,1.9712784,-0.06212659,1.2068962,17.857363,1.040481,71.523544,1
22997.0,2739.9998,0.18871807,2.7152536,0.01823444,2.7014546,17.857363,-10.459519,71.523544,1
24247.0,-492.0,0.11693601,2.5269592,-0.03819847,2.5569205,17.857363,-6.209519,71.523544,1
3243.5525,889.0076,1.3256234,-16.72399,-0.99996746,-17.541384,3708519400.0,-366949020.0,3706858500.0,1
53.999996,19.0,0.3748372,3.6875253,0.16580412,3.7334592,81.85736,45.04048,327.52356,1
14006.0,-6701.0,0.138478,2.2297547,-0.00900271,2.2806134,17.857363,10.540481,71.523544,1
2485.0,-6099.0,0.44389156,0.2607539,0.06693879,0.2235593,81.85736,-15.459519,71.523544,1
304.0,-65.0,0.089563765,0.5985225,-0.116974525,0.7696075,145.85736,17.290482,199.52354,1
3914.0,-14338.0,0.5548685,2.7971618,0.2426734,2.555169,17.857363,22.790482,71.523544,1
146.0,27.0,0.19814806,3.335188,0.2100361,3.0660965,721.85736,82.79048,903.52356,1
94.99999,20.0,0.6117644,3.739842,0.09761444,3.591123,337.85736,26.290482,519.52356,1
10016.0,-3579.0002,0.1926352,2.1375172,-0.07206509,2.0209956,81.85736,4.290481,71.523544,1
12826.0,-2356.0,0.18447776,0.8873146,-0.08754383,0.80409855,17.857363,2.790481,-56.476456,1
17589.0,5473.0,0.16477548,1.7997735,0.14421286,1.8953031,17.857363,-11.709519,71.523544,1
22665.0,1509.0001,0.18708958,2.7812417,0.12732603,2.6951952,17.857363,-13.459519,71.523544,1
16678.0,2108.0,1.3661882,2.0162466,0.033081368,2.9017813,17.857363,1.040481,71.523544,1
14525.0,-323.0,0.11027358,2.2561443,-0.22003607,2.4423742,17.857363,5.290481,71.523544,1
166.0,-18.000002,2.107144,3.7850397,-0.053885095,2.834233,529.85736,-150.70952,583.52356,1
25242.998,6852.0,0.17907928,1.6911433,-0.073997386,2.0039682,17.857363,-3.709519,71.523544,1
16862.0,-1502.0,0.032785103,2.1873682,-0.010103185,2.2440834,17.857363,-201.95952,71.523544,1
19946.0,5910.0,0.18041115,2.0114415,-0.1480599,2.1094818,17.857363,19.540482,71.523544,1
22122.0,5226.0,0.10423393,2.5401418,0.024495142,1.6326355,17.857363,-19.209518,71.523544,1
325.0,-87.99999,0.21757956,0.63172895,0.10645259,0.5324816,145.85736,28.790482,135.52354,1
4703.0,-5198.0,0.4384098,0.1013234,0.061404407,0.040037084,17.857363,6.790481,71.523544,1
17580.0,-384.0,0.038234554,1.6323006,-0.1946228,1.8862857,17.857363,5.790481,71.523544,1
22028.0,-4380.0,0.10954988,2.2471983,-0.08223013,2.3420062,17.857363,-0.959519,71.523544,1
19159.0,-802.0,0.09697875,1.7413628,-0.39374766,2.0426817,17.857363,4.540481,71.523544,1
17779.0,-3470.0002,0.14223552,2.4938815,-0.12959443,2.6329575,17.857363,-0.959519,71.523544,1
15457.999,-758.0,0.037047334,2.4888299,0.08303631,2.5050268,81.85736,27.290482,71.523544,1
16073.0,-4564.0,0.13170822,2.4598782,-0.20904969,2.6584783,17.857363,5.790481,71.523544,1
28735.0,1164.0,0.101371,0.017864505,-0.012454793,0.019466806,17.857363,-12.459519,71.523544,1
19996.0,9759.0,0.2649237,2.5767453,0.16079703,2.5944948,17.857363,-1.209519,71.523544,1
18498.0,1338.0,0.07281692,1.9913199,-0.05884327,1.8071007,17.857363,-3.459519,71.523544,1
11633.0,-6555.0,0.2242233,1.0193183,0.019202856,0.7770347,17.857363,4.040481,71.523544,1
308.0,53.0,0.16683862,3.3715773,0.19457819,3.362192,145.85736,132.29048,135.52354,1
13987.0,-3250.0002,0.1715386,0.15189771,0.08929051,0.057263304,81.85736,65.54048,71.523544,1
24342.0,207.0,0.21010423,2.575495,-0.08518563,2.6314368,17.857363,14.290481,71.523544,1
19.999994,1.9999996,1.7779795,3.6464393,0.3437166,2.4441767,81.85736,-6.709519,327.52356,1
22145.0,2511.9998,0.08405088,2.1884868,-0.15272598,2.397221,17.857363,8.290481,71.523544,1
5834.0,-3867.0002,0.18148084,1.9194076,0.13644668,1.3912929,17.857363,5.790481,71.523544,1
6457.0,-9494.0,0.37098533,2.4143155,0.07112637,2.3331738,17.857363,0.540481,71.523544,1
22251.0,-3706.0002,0.06371121,2.1522372,-0.042842254,2.228067,17.857363,-0.20951901,-56.476456,1
27.999994,-79.99999,0.49456707,3.5071273,2.1555326,1.7186898,145.85736,-1157.2095,839.52356,1
20614.0,4545.0,0.15011667,1.995199,0.3448673,1.4844493,17.857363,-2.959519,71.523544,1
20762.0,1431.0,0.27078965,0.01909093,-0.005752628,0.023141313,17.857363,0.040480983,-56.476456,1
12710.0,3997.9998,0.1404724,2.0311496,0.17101334,2.042389,17.857363,-3.959519,71.523544,1
17400.0,-960.00006,0.104876764,2.0331542,0.55230325,1.7593287,17.857363,-1.209519,71.523544,1
14177.0,-590.0,0.13070092,1.5971324,-0.002265345,1.6156963,17.857363,1.040481,71.523544,1
22539.0,1710.0,0.11747331,2.7298887,0.048349384,2.750428,17.857363,-6.459519,71.523544,1
20796.0,1917.0,0.10572427,2.2149155,0.0011053759,2.2566204,81.85736,-0.45951903,71.523544,1
12756.0,2439.0,0.20909883,0.026776591,-0.0038804987,0.026635576,17.857363,-3.209519,71.523544,1
17475.0,704.0,0.111955,2.4414504,0.115292005,2.3220558,17.857363,-1.459519,71.523544,1
14052.0,-2338.0002,0.16624665,2.5023334,0.5320976,2.2754288,17.857363,-0.959519,71.523544,1
22449.0,4295.0,0.095787145,1.8406045,-0.38544133,2.0799785,17.857363,-0.45951903,-56.476456,1
16806.0,-1390.9999,0.19344074,1.0358827,0.07887023,0.8561587,17.857363,3.040481,71.523544,1
15314.0,-1904.0,0.14392115,1.9544537,0.13276878,1.689382,17.857363,14.290481,71.523544,1
21384.0,1204.0,0.052875984,2.151931,0.012722318,2.2261562,17.857363,1.040481,71.523544,1
6861.0,-6930.0,0.31465426,1.8016975,-0.235928,1.9572452,17.857363,1.540481,71.523544,1
7504.0,-2034.9999,0.22637793,0.93832284,0.019547675,1.2555083,17.857363,15.540481,71.523544,1
17639.0,2719.9998,0.18027495,1.038604,-0.38719845,1.6309289,17.857363,-1.459519,71.523544,1
15307.999,-7241.0,0.23108575,2.2895596,-0.014456984,2.2481093,17.857363,-6.209519,71.523544,1
21813.0,-908.00006,0.10096467,1.9719384,-0.055598594,2.1179142,17.857363,11.540481,71.523544,1
20281.0,-299.00003,0.11643582,1.7539661,-0.18762182,1.8759803,17.857363,-4.959519,71.523544,1
20678.0,-122.0,0.115949675,2.533971,0.025385402,2.5455856,17.857363,-1.709519,-56.476456,1
13806.0,-2126.0,0.054979395,1.9905503,0.07391329,1.9376653,81.85736,7.290481,71.523544,1
19310.0,1261.0001,0.06980799,2.2771547,-0.22458534,2.5120225,17.857363,-16.709518,71.523544,1
23107.0,5537.9995,0.16723578,2.264901,-0.09122888,2.5413337,17.857363,-1.959519,71.523544,1
21976.0,2396.0,0.07055942,2.0028522,0.019524936,1.9483613,17.857363,-16.459518,71.523544,1
47.999996,-43.000004,0.69267845,3.6330752,-0.57202804,3.8483071,81.85736,-379.95953,327.52356,1
9650.0,-2348.0002,0.20403127,0.98214036,-0.045297004,0.98844236,17.857363,-0.959519,71.523544,1
15754.999,1036.0,0.5361695,2.2103775,-0.17845249,2.7677639,17.857363,-2.709519,199.52354,1
635.0,306.99997,0.25520706,0.22902755,-0.41242793,0.34020323,81.85736,-5.709519,135.52354,1
11199.0,-5094.0,0.24180263,1.7519019,-0.17767495,2.0055203,17.857363,5.290481,71.523544,1
13561.0,433.0,0.1152082,2.46259,0.06633432,2.4012299,17.857363,-26.959518,71.523544,1
19820.0,1936.0001,0.047414705,2.8032908,0.03044681,2.7497451,17.857363,6.540481,71.523544,1
560.0,-42.000004,0.25354552,0.13203649,-0.20300306,0.22214644,81.85736,-32.70952,135.52354,1
16113.0,-3077.0,0.15735759,2.6069052,0.29290456,2.3967452,17.857363,-2.709519,71.523544,1
18785.0,4086.9998,0.13479088,0.9852064,0.089125134,0.98481315,17.857363,-5.959519,71.523544,1
23377.0,-2958.0,0.072908066,2.7061937,-0.037519034,2.6828609,17.857363,3.790481,-56.476456,1
16394.0,-2532.0,0.11154129,2.2649024,0.12085318,2.2358332,17.857363,-0.709519,71.523544,1
19219.0,4694.0,0.15079236,1.6896436,-0.07073801,1.805559,17.857363,-1.209519,71.523544,1
21347.0,-1127.9999,0.16943885,2.1805236,0.061752394,2.1926746,17.857363,5.040481,71.523544,1
12540.0,-2009.0,0.22195826,2.5339072,-0.006867727,2.496026,17.857363,1.540481,71.523544,1
21845.0,3343.9998,0.0649246,2.6864898,0.041304935,2.6559467,17.857363,-0.20951901,71.523544,1
13551.0,372.0,0.14529498,2.282138,0.014740251,2.288259,17.857363,-7.459519,71.523544,1
72.99999,-1.0000004,0.26503247,2.9234471,0.0072719245,2.94299,81.85736,8.040481,135.52354,1
24195.998,4633.0,0.08170718,2.4925125,0.007660126,2.3852525,17.857363,6.040481,71.523544,1
14303.0,2176.0,0.151228,0.12637739,0.030348055,0.3036136,81.85736,34.79048,71.523544,1
17739.0,213.00002,0.06929647,2.496999,-0.08742746,2.5576591,17.857363,1.040481,71.523544,1
20727.0,618.0,0.07987714,2.3537977,0.21081229,2.1525965,17.857363,8.540481,71.523544,1
22859.0,4351.0,0.725605,0.02386407,0.005185664,0.9137458,17.857363,-11.709519,71.523544,1
15280.0,-6168.0,0.16297364,2.4289114,-0.056131423,2.3933616,17.857363,33.54048,71.523544,1
20989.0,-1737.9999,0.4377629,2.6940548,0.1853251,2.561235,17.857363,-3.709519,71.523544,1
14729.0,-7845.0,0.15962023,2.566313,0.1484271,2.5188732,17.857363,1.790481,71.523544,1
13416.0,866.0,0.29763514,1.0710957,0.002107436,1.3918103,17.857363,1.040481,71.523544,1
26042.0,1769.0,0.056676544,0.018533984,-0.0053577567,0.02060454,17.857363,-0.709519,-56.476456,1
18193.0,393.99997,0.17652291,2.7132924,0.009197606,2.592884,17.857363,12.540481,71.523544,1
26103.0,-854.0,0.062412523,2.2472303,-0.0024205258,2.2778487,17.857363,0.540481,71.523544,1
14471.0,-1244.0,0.20742737,1.8335931,-0.11991494,1.9197592,17.857363,1.790481,71.523544,1
7416.0,-4566.0,0.18861142,1.6579831,-0.4764397,1.9327759,17.857363,4.540481,71.523544,1
9636.0,-1469.0,0.1472407,2.4316843,0.061450373,2.3364453,17.857363,5.540481,71.523544,1
19791.0,534.0,0.11361843,2.2854106,-0.040476676,2.2283058,17.857363,-5.209519,71.523544,1
22578.0,1474.0001,0.12733422,2.4032547,-0.15887286,2.6589727,17.857363,-33.20952,71.523544,1
25.999994,5.9999995,0.3375784,2.0174706,-1.5044576,2.890577,593.85736,509.79047,199.52354,1
11207.0,1792.0001,0.08724223,2.4450805,0.18847863,2.327649,17.857363,-2.959519,71.523544,1
25918.998,-156.99998,0.07089857,0.015147011,-0.014719177,0.021577764,17.857363,-3.459519,-56.476456,1
17566.0,-886.00006,0.06804346,2.4586966,-0.1676422,2.6945224,17.857363,1.790481,71.523544,1
14280.0,-7846.0005,0.4929432,0.025213996,0.010994295,0.043207098,17.857363,13.040481,71.523544,1
212.0,-111.0,0.19693485,0.5835212,0.256891,0.49266952,273.85736,31.040482,199.52354,1
18774.0,-1702.9999,0.07265804,1.9948518,0.14223658,2.0248837,17.857363,4.790481,71.523544,1
7934.0,-419.00003,0.1143051,1.6760447,-0.050217032,1.6871065,17.857363,2.290481,71.523544,1
18836.0,2415.0,0.06495488,1.9553578,-0.3541614,2.3009648,17.857363,7.540481,71.523544,1
7672.0,-2245.0,0.32893822,0.99435455,-0.04889699,1.2160839,17.857363,19.290482,71.523544,1
23488.0,642.0,0.04256075,2.7309704,0.019819673,2.7141113,17.857363,-1.209519,71.523544,1
19913.0,6474.0,0.2023407,2.5495512,0.043725878,2.388671,17.857363,-2.209519,71.523544,1
18209.0,-290.00003,0.21163012,2.7181456,-0.059346817,2.7333503,17.857363,-4.459519,71.523544,1
25340.0,-425.0,0.1511499,2.2788413,0.07499475,2.31322,17.857363,-4.709519,71.523544,1
49.999996,0.9999997,0.295141,3.0899174,0.115698874,3.2374098,529.85736,432.54047,135.52354,1
24871.998,3172.0,0.28302833,2.4261143,-0.14444321,2.4808254,17.857363,-1.959519,71.523544,1
16647.0,-6698.0005,0.12548473,1.6011889,-0.23396385,1.7212175,17.857363,4.040481,71.523544,1
24063.0,1338.0,0.076906905,0.046128552,0.016375743,0.034180094,17.857363,-22.709518,71.523544,1
-3870.106,901.0076,-1.1730992,-17.198074,1.9822075,-17.21903,3708519200.0,366949020.0,3706858500.0,1
17732.0,-1245.0,0.09093104,0.017041484,-0.018787056,0.024396349,17.857363,-7.959519,71.523544,1
24925.0,1033.0,0.08702279,0.012364666,0.001910156,0.013337065,17.857363,-0.45951903,-56.476456,1
32.999996,-8.999998,1.0965384,3.2981622,0.6364351,1.9200734,81.85736,63.04048,135.52354,1
14127.0,-3914.0002,0.1299565,2.2715409,-0.062371843,2.3607092,17.857363,3.040481,71.523544,1
25076.0,3586.0,0.077490784,2.3245418,-0.124125995,2.380753,17.857363,1.290481,-56.476456,1
15619.999,-705.00006,0.06639989,1.6291211,-0.28991732,1.8966368,17.857363,-0.20951901,71.523544,1
17770.0,-3695.0,0.20591167,0.042993825,-0.013945721,0.061463762,17.857363,-42.95952,71.523544,1
22621.0,759.0,0.55777305,2.187885,0.09688592,2.576449,17.857363,1.290481,199.52354,1
60.999996,28.0,1.026335,2.629686,0.017257394,2.5337915,273.85736,172.04048,135.52354,1
3619.0,-189.0,0.6351027,0.15511255,0.007145816,0.10226528,17.857363,-9.209519,71.523544,1
15829.0,978.0,0.11151074,2.229336,-0.074256234,2.2076955,81.85736,10.540481,71.523544,1
172.0,-3.0000002,0.392778,3.171003,-0.33782467,3.0155346,81.85736,-384.45953,135.52354,1
-2947.5532,865.00757,-1.1180875,-18.500906,1.9523873,-18.50613,3708519400.0,366949020.0,3706858500.0,1
17611.0,-3517.0,0.088207774,2.7411437,0.06680095,2.709634,17.857363,-0.20951901,71.523544,1
18565.0,3970.0,0.2436937,2.6828692,0.029004624,2.577992,17.857363,-4.209519,71.523544,1
17135.0,-8140.0,0.14992398,2.4828184,0.040504098,2.3362064,81.85736,21.540482,71.523544,1
13653.0,-7770.0005,0.18362576,2.1733239,-0.070462875,2.173267,17.857363,2.790481,71.523544,1
23649.0,3706.0,0.12527019,1.9176772,-0.1378749,2.28401,17.857363,-2.709519,71.523544,1
13962.0,668.0,0.20512448,2.6750267,0.27113962,2.5784593,81.85736,27.790482,71.523544,1
15700.0,-1855.0,0.1073978,1.5578663,-0.48898757,2.1515884,17.857363,2.040481,71.523544,1
7526.0,319.0,0.58261555,2.2376335,0.07501953,2.2523136,17.857363,-12.209519,71.523544,1
18510.0,-4543.0,0.19446392,2.1183884,-0.18472296,2.2049327,17.857363,1.540481,71.523544,1
24044.0,-486.00003,0.17710765,1.9215863,0.17120291,1.8676175,17.857363,-1.959519,71.523544,1
14858.0,3758.0,0.27148452,0.035871785,0.016552623,0.02931111,17.857363,1.290481,71.523544,1
22965.0,375.0,0.07282005,2.414213,-0.1515676,2.469112,17.857363,-0.709519,71.523544,1
1349.0,-266.0,0.25901663,2.9611,-0.015508402,3.0442967,721.85736,40.04048,647.52356,1
16309.0,-3987.0,0.944782,1.9213965,-0.007893102,2.06174,17.857363,8.290481,71.523544,1
21751.0,6216.0,0.1344738,2.6368663,0.06611945,2.6208124,17.857363,-10.459519,71.523544,1
13018.0,-2471.0,0.13170819,2.0258148,-0.1556263,2.0550694,17.857363,2.290481,71.523544,1
27193.0,7611.0,0.14059798,1.9632165,-0.05142478,1.9750007,17.857363,-7.209519,71.523544,1
21764.0,139.0,0.85389405,0.03944234,0.009219961,0.81693596,17.857363,-16.959518,71.523544,1
19254.0,-2688.0,0.053488836,2.0109284,-0.16940749,2.1551275,17.857363,-3.459519,71.523544,1
216.0,89.0,0.30415684,4.999613,0.26817313,4.7410636,465.85736,276.79047,391.52356,1
11849.0,-3213.0,0.3562239,1.6794479,0.43514577,1.4392451,17.857363,-0.959519,71.523544,1
20594.0,-1231.9999,0.05136262,2.2240374,-0.1788518,2.4155068,17.857363,7.290481,71.523544,1
17587.0,3679.9998,0.12840596,1.0265348,-0.04591182,1.0531968,17.857363,-4.209519,71.523544,1
13193.0,1274.0,0.23680784,1.9778788,-0.07396303,2.1377168,17.857363,-3.709519,71.523544,1
6817.0,2727.9998,0.33595493,2.1156085,-0.51429117,2.387188,17.857363,-28.209518,71.523544,1
84.00048,24.0,0.31546995,3.701029,0.23318627,3.4761605,81.85736,-31.459518,199.52354,1
19134.0,6205.0,0.22611077,2.4595206,0.28760204,2.3012543,17.857363,6.040481,71.523544,1
25934.0,1435.0001,0.10096134,2.0998213,-0.11809068,2.4156199,17.857363,-1.459519,71.523544,1
19681.0,486.0,0.13151808,2.258393,0.16462491,2.0155683,17.857363,0.790481,71.523544,1
17521.0,-1072.0,0.1669696,2.117541,-0.028492838,2.3042521,17.857363,4.040481,71.523544,1
18251.0,-631.0,0.0785267,2.0206048,0.059325036,2.0369902,17.857363,1.040481,71.523544,1
20253.0,2523.0,0.30020973,2.2494528,-0.024696637,1.9453224,17.857363,1.790481,71.523544,1
13338.0,-712.0,0.082535096,2.4693868,0.037606567,2.420168,81.85736,13.540481,71.523544,1
13182.0,-635.0,0.1438379,1.5515668,-0.08583006,1.9711136,17.857363,7.290481,71.523544,1
17241.0,-2830.0,0.06305227,2.6577446,-0.06024971,2.6606226,81.85736,35.79048,71.523544,1
22768.0,2871.0,0.10358555,2.0679162,-0.029968616,2.188026,17.857363,-20.709518,71.523544,1
2673.9995,1620.9923,1.9074283,-9.100962,-3.31855,-14.8338375,3708519400.0,366948670.0,3706858500.0,1
18411.0,-2199.0,0.06648855,1.6089756,-0.41787165,2.016756,17.857363,-8.709519,71.523544,1
1191.0,-542.0,0.31875926,3.0485404,0.020695578,3.1756802,721.85736,257.04047,583.52356,1
18162.0,-1100.9999,0.34987533,2.2363446,-0.0038057787,1.5763096,17.857363,-6.459519,71.523544,1
17484.0,4155.0,0.16283625,0.98690253,-0.5553293,1.396562,81.85736,40.29048,71.523544,1
19509.0,1174.0,0.15270863,2.0403411,0.005289206,1.9429802,17.857363,5.790481,71.523544,1
21412.0,8362.0,0.20793325,2.216492,-0.038639385,2.2725725,17.857363,-6.209519,71.523544,1
18970.0,-1444.0,0.04320042,2.7131636,0.100764856,2.5470018,17.857363,-1.709519,71.523544,1
14102.0,-438.00003,0.15913257,2.5602343,-0.06812156,2.5675597,17.857363,2.790481,71.523544,1
21587.0,-2191.0002,0.12895307,2.8333683,0.12841633,2.7168233,17.857363,14.790481,71.523544,1
20664.0,1443.0,0.08185577,2.6392357,0.008851763,2.7018108,17.857363,-0.709519,71.523544,1
23317.0,1802.0001,0.093215995,2.5952594,0.22909275,2.4466472,17.857363,2.790481,71.523544,1
15975.999,-5703.0,0.10806447,2.3457115,0.0026014748,2.3771377,17.857363,5.040481,71.523544,1
104.99999,-10.999998,0.1845861,4.3927054,0.54788244,3.9750535,465.85736,17.540482,391.52356,1
12284.0,-2209.0,0.08159436,2.6175182,-0.12873176,2.6400404,81.85736,23.040482,71.523544,1
19277.0,335.0,0.07981204,2.4873822,-0.17552692,2.6139145,17.857363,-1.459519,71.523544,1
23274.0,439.0,0.06086348,2.299977,0.034178387,2.4411016,17.857363,-6.959519,71.523544,1
15554.999,-1365.9999,0.108986035,2.2531602,0.30458248,1.9947323,17.857363,5.540481,71.523544,1
20679.0,1254.0,0.06428637,2.568794,0.33838794,2.460793,17.857363,-6.959519,71.523544,1
18611.0,3401.0,0.1387225,2.0641887,-0.13520361,2.277464,17.857363,-12.459519,71.523544,1
17253.0,58.999996,0.20777659,2.1749523,0.028826725,2.209546,17.857363,-4.459519,71.523544,1
23796.0,4747.9995,0.09773649,2.5261815,-0.070981644,2.5729222,17.857363,-24.209518,71.523544,1
9266.0,-4665.0,0.25746125,0.918341,-0.08443715,1.3124741,17.857363,-23.709518,71.523544,1
1982.0,-16766.0,0.5171328,0.27299145,0.2434945,0.07666819,17.857363,3.040481,71.523544,1
13733.0,643.0,0.15791906,2.6395328,0.05639463,2.549704,81.85736,27.290482,71.523544,1
23551.0,6397.0,0.1233737,2.2241738,-0.022479389,2.214984,17.857363,6.540481,71.523544,1
47.999996,-14.999998,0.21711007,3.1887217,-1.1120039,3.7426007,81.85736,15.790481,135.52354,1
23830.0,2275.9998,0.16621515,1.5647786,-0.0038280075,1.3556942,17.857363,6.540481,71.523544,1
-2889.5532,940.0076,-1.1028788,-18.21702,-2.295736,-18.094791,3708519400.0,366949020.0,3706858500.0,1
12955.0,-2549.0,0.1074817,2.0916445,-0.31620905,2.340375,17.857363,-0.709519,71.523544,1
215.0,125.0,0.45980933,1.0498097,-0.35474083,1.0254449,273.85736,129.29048,199.52354,1
21505.0,4233.0,0.093394615,1.9699614,-0.53164905,2.3847213,17.857363,2.290481,71.523544,1
21276.0,-166.0,0.10156128,2.2654517,0.17251727,2.334415,17.857363,0.040480983,-56.476456,1
437.0,189.0,0.39791006,3.992444,0.3452821,3.4683578,593.85736,129.04048,391.52356,1
19315.0,-1378.0,0.08810838,2.6268299,-0.036984857,2.6036692,17.857363,0.540481,71.523544,1
32.999996,-27.999998,0.27060091,3.8242526,0.5899186,3.4522533,145.85736,64.29048,135.52354,1
21212.0,282.0,0.08803251,2.3127005,0.086252846,2.2219033,17.857363,11.540481,71.523544,1
21140.0,383.99997,0.06724861,2.7675245,0.068880394,2.747882,17.857363,-1.459519,71.523544,1
18210.0,3966.0,0.20683616,2.3122084,0.3179496,2.189199,17.857363,20.290482,71.523544,1
21292.0,-2721.0,0.07823623,0.015746871,-0.0022041292,0.019820143,17.857363,-0.959519,71.523544,1
18022.0,-5155.0,0.10366109,2.325001,0.015401542,2.2736773,17.857363,-19.709518,71.523544,1
22092.0,-1290.0,0.052182835,1.9929211,-0.070832044,2.1536245,17.857363,-18.959518,71.523544,1
15911.999,-3625.0,0.07437873,1.9595807,-0.019620165,1.9857525,17.857363,-0.20951901,71.523544,1
18547.0,1300.0001,0.12632845,2.0964167,0.03095332,2.0510259,17.857363,13.790481,71.523544,1
24882.0,2020.0001,0.039403796,2.5153277,0.025255471,2.479042,17.857363,-0.709519,71.523544,1
23513.0,-31.999998,0.023432204,2.5080516,-0.051165298,2.5377455,17.857363,-5.959519,71.523544,1
14931.0,2391.9998,0.16697143,1.612911,-0.07813289,1.5823382,17.857363,-0.959519,71.523544,1
6144.0,-920.0,0.6348693,0.036608975,0.005799768,0.12648813,17.857363,1.290481,71.523544,1
23339.0,2937.9998,0.11677962,1.9861867,-0.0016909238,1.8993667,17.857363,6.790481,71.523544,1
18462.0,4368.0,0.12990208,2.4370863,0.41758254,2.4381475,17.857363,0.040480983,71.523544,1
20451.0,11532.0,0.28121823,1.2478058,-0.23900375,1.4395441,17.857363,-4.459519,71.523544,1
24938.0,475.99997,0.070238225,2.3398678,-0.12110493,2.0833054,17.857363,1.290481,71.523544,1
17063.0,-4493.0,0.5550291,0.01113538,0.005535547,0.021299291,17.857363,2.040481,71.523544,1
17601.0,-3670.0,0.15034357,2.6628058,-0.0065890006,2.5951176,81.85736,22.290482,71.523544,1
19893.0,-2305.0,0.10057629,2.6666243,-0.009352477,2.6864944,17.857363,-63.70952,71.523544,1
13991.0,50.0,0.0029940393,2.545182,-0.015503198,2.5302587,81.85736,-0.709519,71.523544,1
12351.0,5923.0,0.29749477,0.022803584,0.005265172,0.028440882,17.857363,0.040480983,71.523544,1
17544.0,10205.0,1.027414,0.009604256,-0.0147111155,0.5613379,17.857363,-0.45951903,71.523544,1
25321.0,-3238.0,0.22313222,2.1664932,-0.23070356,2.3814216,17.857363,-14.709519,71.523544,1
14428.0,-912.0,0.21778315,2.5022051,0.28334582,2.4241695,17.857363,4.540481,71.523544,1
18161.0,3829.9998,0.13342974,2.0338295,-0.010123329,2.128788,17.857363,-12.709519,71.523544,1
18259.0,1578.0001,0.13894942,0.88963586,-0.057326265,0.86543936,17.857363,2.790481,71.523544,1
21215.0,-662.0,0.06797463,2.5646627,0.14507884,2.4164667,17.857363,2.540481,71.523544,1
23104.0,1319.0,0.08909151,2.1985815,0.22469215,2.1153932,17.857363,7.790481,71.523544,1
19950.0,4305.0,0.11001003,1.5456598,-0.3994208,1.9797376,17.857363,3.790481,71.523544,1
20806.0,2386.0,0.097013034,0.03861026,0.016714036,0.025165487,17.857363,-6.209519,71.523544,1
19316.0,2341.9998,0.1428158,1.8977902,0.067762606,1.9057473,17.857363,-0.709519,71.523544,1
8607.0,3381.9998,0.23622765,1.8872812,-0.27297413,1.9273251,17.857363,-11.709519,71.523544,1
240.0,-4.9999986,0.050205253,3.087772,-0.025891319,3.153022,145.85736,83.54048,135.52354,1
24298.0,9600.0,0.24302442,0.007742683,-0.009256156,0.016570497,17.857363,-2.209519,71.523544,1
403.0,85.0,0.6948651,0.38615444,-0.014947724,0.99782604,81.85736,4.040481,71.523544,1
654.0,332.99997,0.28525227,0.38047913,-0.7129323,0.5654735,145.85736,-345.45953,327.52356,1
18807.0,-4357.0,0.09165042,2.3233364,0.011025717,2.0237079,17.857363,1.790481,71.523544,1
18765.0,768.0,0.07945874,2.77911,0.11919032,2.6771865,81.85736,39.29048,135.52354,1
8932.0,-13579.0,0.31166106,1.72527,-0.08298278,1.8551792,17.857363,-3.459519,71.523544,1
15645.999,-4167.0,0.12325975,2.2582834,0.14856957,2.2547436,17.857363,8.040481,71.523544,1
16126.999,-618.00006,0.09811575,1.1169102,-0.004141174,1.2553939,17.857363,1.790481,71.523544,1
26846.0,4190.0,0.115428194,2.5884416,-0.0052125896,2.6534743,17.857363,-15.459519,71.523544,1
16497.0,2548.0,0.11458148,2.5597813,0.07429078,2.5542111,17.857363,1.040481,71.523544,1
18365.0,3078.0,0.18397169,2.1753757,-0.11859805,2.2636375,17.857363,12.540481,71.523544,1
36.999996,-114.0,0.7154783,3.0832093,1.2144141,2.8219304,529.85736,-331.70953,391.52356,1
11376.0,1037.0,0.19615722,0.28635052,-0.04972092,0.8623008,81.85736,-52.70952,135.52354,1
14287.0,-926.0,0.111057326,1.4693267,-0.50729954,2.031569,17.857363,2.540481,71.523544,1
17761.0,-1055.0,0.14745258,2.2148554,-0.058199465,2.2010908,17.857363,1.290481,71.523544,1
21075.0,9312.0,0.29004362,2.347778,0.08028387,2.0902748,17.857363,2.290481,71.523544,1
23478.0,740.0,0.18634102,2.153877,0.35461584,1.925455,17.857363,-1.209519,71.523544,1
18409.0,2306.0,0.18118843,2.5158722,0.07183392,2.4659529,17.857363,-10.709519,71.523544,1
21622.0,3158.0,0.07207992,1.8067119,-0.041415185,1.8550466,17.857363,-1.959519,71.523544,1
18127.0,1248.0,0.10754902,1.389971,-0.22788389,1.6049112,17.857363,8.540481,71.523544,1
21854.0,8189.0,0.17229794,2.3083708,0.122497685,2.195756,17.857363,-2.209519,71.523544,1
20293.0,1997.0,0.07040553,1.3849809,-0.16213574,1.7052191,17.857363,-6.209519,71.523544,1
24890.0,2984.9998,0.13860665,2.52198,-0.12888774,2.4897642,17.857363,-1.209519,71.523544,1
27512.998,3064.0,0.10352261,0.01843671,-0.002808254,0.023662973,17.857363,-0.45951903,71.523544,1
19493.0,-603.00006,0.27785483,2.362347,0.30573726,1.9282287,17.857363,1.790481,71.523544,1
22263.0,3674.0,0.14058143,2.2749293,0.078220524,2.2247038,17.857363,-1.209519,-56.476456,1
23883.0,4540.0,0.09582821,1.6043994,0.02806966,1.6009668,17.857363,-3.959519,71.523544,1
23106.0,-1797.9999,0.07668841,2.724343,0.05410988,2.672377,17.857363,5.790481,71.523544,1
129.0,13.000001,0.2714667,3.0120468,-0.16077626,3.258042,337.85736,-52.45952,519.52356,1
20313.0,2685.0,0.068955116,2.4655144,-0.0700061,2.4832106,17.857363,5.290481,71.523544,1
16974.0,3347.0,0.1304706,1.8300278,-0.027261708,1.9733261,17.857363,-0.709519,71.523544,1
25.999994,-4.0000005,0.28437808,2.9446132,-0.052803457,3.205465,81.85736,-6.209519,71.523544,1
1003.0,167.0,0.19439101,2.75947,-0.25093928,2.9925058,529.85736,25.040482,583.52356,1
17893.0,2115.0,0.15087812,0.029897014,-0.0097458325,0.026893068,17.857363,-0.709519,71.523544,1
224.0,-10344.0,0.5564775,3.8809052,3.602827,0.9926042,529.85736,472.29047,199.52354,1
19731.0,-813.0,0.06466072,2.3072278,-0.029670265,2.4603672,17.857363,1.290481,71.523544,1
25844.0,873.99994,0.058777478,2.5511682,-0.13749598,2.634912,17.857363,1.040481,71.523544,1
392.0,-303.0,0.30469033,0.7375067,0.48598146,0.5776481,145.85736,70.79048,135.52354,1
15378.999,1224.0,0.04654909,2.4364522,-0.019513577,2.4171972,81.85736,-20.959518,71.523544,1
62.999996,23.0,0.26464918,3.0823941,-0.41219422,3.6216183,593.85736,511.04047,199.52354,1
485.0,-187.99998,0.15667763,0.5650833,0.40718755,0.30506653,81.85736,1.540481,135.52354,1
16283.0,378.99997,0.17508404,1.9827173,0.12950742,1.9778799,17.857363,1.290481,71.523544,1
17419.0,-2359.0002,0.0838355,1.4820187,0.056695655,1.4409307,17.857363,17.290482,71.523544,1
1157.0,153.0,0.22583525,3.0963776,-0.09154926,3.0961897,721.85736,7.540481,647.52356,1
22110.0,9548.0,0.19975689,2.6975195,-0.028186873,2.7317898,17.857363,-3.459519,71.523544,1
11123.0,-5427.0005,0.22814628,1.772445,0.053737678,1.7124928,81.85736,83.29048,71.523544,1
20558.0,6851.0,0.17217001,2.4600255,0.81599534,2.2927275,17.857363,-0.959519,71.523544,1
11707.0,-6289.0,0.17201915,1.5182765,-0.6351987,2.0028152,17.857363,8.290481,71.523544,1
15091.0,-2146.0,0.11477152,2.4617317,-0.079461366,2.5900235,17.857363,7.290481,71.523544,1
18382.0,-3142.0002,0.12279648,2.4413111,0.108949035,2.3754897,17.857363,1.540481,71.523544,1
15551.999,336.99997,0.05124563,2.472597,-0.11042098,2.5088243,81.85736,14.790481,71.523544,1
21679.0,8229.0,0.17631187,2.2861273,0.028208813,2.2520022,17.857363,1.290481,71.523544,1
10.999994,-4.0000005,0.30057943,1.3221791,-0.31804457,1.63214,145.85736,79.79048,135.52354,1
9863.0,-8926.0,0.22822979,1.8580287,0.270053,1.697987,17.857363,24.040482,71.523544,1
19454.0,-2220.0,0.16244958,2.161134,-0.045556024,1.9366864,17.857363,5.040481,71.523544,1
17736.0,-4650.0,0.13993022,1.5679886,-0.02947801,1.5871409,17.857363,7.040481,71.523544,1
20812.0,2224.0,0.078959346,2.2897851,-0.04568638,2.181491,17.857363,-1.459519,71.523544,1
20861.0,4795.0,0.23562779,0.018516818,-0.0044287513,0.030066896,17.857363,-3.209519,71.523544,1
18950.0,-1187.9999,0.042968325,1.9949172,0.0022884256,1.9814051,17.857363,-7.959519,71.523544,1
19321.0,-4084.0,0.08323693,0.016200343,-0.0003515274,0.015844751,17.857363,8.290481,71.523544,1
25571.0,572.0,0.15618317,2.605151,-0.086540215,2.5136008,17.857363,-3.459519,71.523544,1
13469.0,-4657.0,0.13815749,1.9982369,-0.26247808,2.3299956,17.857363,-10.709519,71.523544,1
24884.0,3823.0,0.3384074,2.4078333,-0.12569146,2.455122,17.857363,0.790481,71.523544,1
20978.0,-968.0,0.08598939,2.3893216,-0.06527656,1.8579968,17.857363,-0.20951901,71.523544,1
11537.0,2435.0,0.1171882,0.10702685,-0.8936871,0.86773485,17.857363,33.04048,71.523544,1
12219.0,-7351.0005,0.18194704,2.3302448,-0.20781085,2.4279332,81.85736,4.540481,71.523544,1
24606.0,-162.0,0.07120719,2.7920315,0.054246515,2.752736,17.857363,-1.459519,71.523544,1
20401.0,2647.9998,0.08390294,1.9878776,0.13204245,1.9019555,17.857363,-8.209519,71.523544,1
22746.0,3675.0,0.07097364,2.6246016,0.5990449,2.5832343,17.857363,-0.20951901,71.523544,1
14402.0,-1720.0,0.1473146,0.4724653,-0.28861603,0.84602684,17.857363,2.540481,71.523544,1
13516.0,1238.0,0.3359935,2.1884568,0.093644224,1.9287041,17.857363,0.040480983,71.523544,1
319.0,0.9999997,0.27534786,1.5222785,-0.122741766,1.2797121,145.85736,-39.45952,199.52354,1
18628.0,1553.0001,0.10555003,1.7125022,-0.01229085,1.7795323,17.857363,1.790481,71.523544,1
106.99999,28.0,0.4501714,2.254709,-0.24065766,2.2109365,1169.8574,-129.70952,775.52356,1
16209.999,318.0,0.08484579,2.5198867,-0.05831384,2.446303,17.857363,11.540481,71.523544,1
20852.0,4617.0,0.1158816,1.4713523,-0.10122925,1.5527009,17.857363,-1.959519,71.523544,1
24.999994,-11.999998,0.32848948,1.8263133,0.16083455,1.8845557,273.85736,-322.20953,199.52354,1
15792.999,-7177.0,0.15419546,2.3412082,-0.14054282,2.4797077,17.857363,9.540481,71.523544,1
19735.0,2144.0,0.045817994,2.486706,0.11156605,2.3651943,17.857363,-1.959519,71.523544,1
23748.0,4142.0,0.08675772,0.018688956,-0.0038297602,0.017514635,17.857363,-8.209519,71.523544,1
18572.0,-18.000002,0.21276942,2.328472,-0.022780824,2.3183775,17.857363,23.290482,71.523544,1
23495.0,-1549.0,0.067691505,0.034978192,0.0041489373,0.029691149,17.857363,-1.209519,71.523544,1
18839.0,2001.0,0.067582145,1.7016466,0.010874627,1.7096027,17.857363,19.540482,71.523544,1
21071.0,2156.0,0.120228924,1.9381931,0.024872784,2.1180449,17.857363,-0.959519,71.523544,1
12397.0,-3877.0002,0.11987407,2.2595322,0.046930023,2.3536859,17.857363,-5.709519,71.523544,1
19162.0,-474.0,0.02828809,1.506213,0.06573397,1.8011211,17.857363,11.290481,71.523544,1
11648.0,66.0,0.07398051,2.6821592,0.14017126,2.4531174,17.857363,-4.459519,71.523544,1
19262.0,546.0,0.13691647,0.01982526,-0.0038704833,0.023824144,17.857363,0.790481,-56.476456,1
17350.0,-160.0,0.015049868,0.7942923,-0.097071506,0.866507,17.857363,-1.209519,71.523544,1
823.0,-151.0,0.14494629,3.2149014,0.18333164,3.0846667,593.85736,-16.709518,583.52356,1
18737.0,-2521.0,0.11989088,0.015281002,0.003940091,0.011972833,17.857363,0.540481,71.523544,1
16468.0,-4620.0,0.10716595,2.2455628,-0.15788731,2.2711864,17.857363,-9.459519,71.523544,1
20746.0,-329.0,0.23754531,1.922014,0.06223181,1.8417281,17.857363,14.540481,71.523544,1
21397.0,-382.00003,0.18563935,2.2905161,0.28978014,2.031959,17.857363,7.040481,71.523544,1
20558.0,31.0,0.3302264,2.2932398,0.11696749,2.0341873,17.857363,-1.209519,71.523544,1
130.0,58.999996,0.5488168,4.038457,0.14254571,3.7756433,337.85736,-86.70952,519.52356,1
12115.0,-1374.0,0.06138531,2.1106236,0.004367936,2.1070647,17.857363,24.290482,71.523544,1
23904.0,2934.0,0.05738525,2.5566165,0.10532331,2.4852824,17.857363,1.290481,-56.476456,1
22792.0,40.0,0.047899902,2.2125585,0.0005549438,2.0431585,17.857363,4.290481,71.523544,1
20133.0,31.0,0.092867866,2.3257744,0.1254792,2.285194,17.857363,-3.209519,71.523544,1
556.0,-253.99998,0.7009349,4.989404,0.108603045,4.8750243,849.85736,-21.209518,647.52356,1
21718.0,9090.0,0.19796935,2.240628,0.07781077,2.1805348,17.857363,-8.959519,71.523544,1
139.0,25.0,0.21678524,3.0006123,-0.0999081,2.9990914,977.85736,156.54048,839.52356,1
71.99999,20.0,0.6930439,3.52323,0.16919959,2.9131732,81.85736,-20.709518,199.52354,1
19752.0,-3184.0,0.1719777,1.9714811,0.111294545,1.85786,17.857363,-1.459519,71.523544,1
25726.0,4350.0,0.11023742,2.1723974,-0.016050376,2.3397722,17.857363,4.540481,71.523544,1
15160.0,5976.9995,0.20232408,0.18446855,-0.033351276,0.17346232,81.85736,-15.959519,71.523544,1
16265.999,1044.0,0.1739304,0.015754024,-0.010334559,0.029140402,17.857363,0.790481,71.523544,1
24629.0,6963.0,0.13265863,2.489094,0.026236989,2.5100036,17.857363,19.790482,71.523544,1
18372.0,-4016.0002,0.107308544,1.6233842,0.022368573,1.6575879,17.857363,15.790481,71.523544,1
19877.0,3540.0,0.11402653,2.2653873,-0.3285784,2.4569426,17.857363,-1.709519,-56.476456,1
24630.0,3222.0,0.07856976,2.3146303,0.079036795,1.9694384,17.857363,-9.209519,71.523544,1
16794.0,987.0,0.10545219,2.3119195,0.24181189,2.2207384,17.857363,10.790481,71.523544,1
18521.0,2104.0,0.07702099,2.2441485,0.0855535,2.3226566,17.857363,-4.209519,71.523544,1
13.999994,-392.00003,1.2263219,2.8423707,2.474717,1.7788662,17.857363,-162.20952,135.52354,1
7286.0,-10874.001,0.36045754,0.16014557,0.11693039,0.055008817,81.85736,56.54048,71.523544,1
20339.0,1538.0001,0.052895803,0.026788512,0.00974518,0.02267449,17.857363,0.790481,71.523544,1
22775.0,9.0,0.09120276,0.02620391,0.007572874,0.02285092,17.857363,4.540481,71.523544,1
24620.998,655.99994,0.057915244,0.030927936,-0.0071147005,0.029343057,17.857363,7.540481,71.523544,1
19061.0,-1045.9999,0.029994035,2.752192,0.056077883,2.6824903,17.857363,22.290482,71.523544,1
136.0,9.0,0.47930175,4.454896,0.28923896,4.230798,337.85736,-95.45952,519.52356,1
16339.0,12109.0,0.5543969,1.374151,0.2722658,0.8979201,17.857363,-3.709519,71.523544,1
20.999994,-5226.0,1.2857504,2.4915483,2.4015934,0.9490327,81.85736,66.04048,71.523544,1
16234.999,-2656.0002,0.1177699,2.717291,0.13382742,2.651166,17.857363,13.290481,71.523544,1
13541.0,-1434.0,0.25624084,1.9855955,-0.25924382,2.3690805,17.857363,-26.959518,71.523544,1
21293.0,1250.0,0.07254056,2.5126555,0.052402195,2.5676498,17.857363,-4.959519,71.523544,1
21267.0,-1286.9999,0.6532884,2.2161334,0.26877913,2.277287,17.857363,-6.209519,71.523544,1
16796.0,-345.00003,0.1457046,0.022350112,-0.0068310066,0.024307657,17.857363,-6.459519,71.523544,1
16328.0,-1682.0,0.12752952,2.4772007,0.48038173,2.4174328,17.857363,3.790481,71.523544,1
567.0,34.0,0.16348173,0.23854046,-0.36939856,0.4914369,145.85736,-173.20952,391.52356,1
23770.0,5429.0,0.30854315,2.7121165,0.011053124,2.5924053,17.857363,-21.209518,71.523544,1
16445.0,-57.999996,0.19022255,1.9082448,0.12816224,1.8159255,17.857363,-1.209519,71.523544,1
11901.0,613.0,0.07711575,2.6388447,0.056613445,2.566959,81.85736,42.29048,71.523544,1
20709.0,2843.0,0.09718886,1.7417152,0.3306693,1.5081867,17.857363,3.790481,71.523544,1
14193.0,-3575.0,0.1040493,2.452851,0.22166955,2.401844,17.857363,-0.709519,71.523544,1
27635.0,6303.0,0.122276194,0.012471001,-0.0016464792,0.012265135,17.857363,-0.20951901,71.523544,1
13721.0,-7364.0,0.16163605,1.0373557,0.002362909,1.0157875,17.857363,1.040481,71.523544,1
16635.0,3723.0,0.14901724,2.5382326,-0.23792389,2.6398869,17.857363,-13.959519,71.523544,1
27572.998,-1165.0,0.03435649,0.016665736,-0.0019364,0.020546842,17.857363,1.290481,-56.476456,1
21057.0,-2568.0002,0.08551062,2.5742462,-0.011977045,2.5222363,17.857363,2.040481,71.523544,1
23132.0,134.0,0.033464342,2.2741406,-0.042456713,2.2602453,17.857363,-21.459518,71.523544,1
16739.0,330.99997,0.048696846,1.9435322,0.35071495,1.7318887,17.857363,-1.209519,71.523544,1
19971.0,-6553.0,0.115298316,0.0340455,0.014534977,0.019377638,17.857363,1.790481,71.523544,1
22540.0,10236.0,0.23443374,2.187638,-0.12187546,2.3153076,17.857363,-9.709519,71.523544,1
13181.0,-960.00006,0.071838655,0.067911424,-0.00043775482,0.07198326,17.857363,19.040482,71.523544,1
17600.0,776.0,0.051689707,2.720032,0.09341188,2.6317568,17.857363,-7.709519,71.523544,1
15708.0,-4292.0,0.09307543,1.3377435,0.031406518,1.3185486,17.857363,16.540482,71.523544,1
18793.0,2872.0,0.106819585,2.7472942,0.22907694,2.6147375,17.857363,-1.959519,71.523544,1
18774.0,-3174.0,0.09754942,2.5472124,0.095446326,2.4548922,17.857363,-15.709519,71.523544,1
18060.0,3849.9998,0.15803222,1.6136048,-0.0069079637,1.7118767,17.857363,-8.209519,71.523544,1
13575.0,-12105.0,0.21284412,2.620083,0.038409,2.49652,17.857363,3.540481,71.523544,1
753.0,-68.0,0.21147668,0.46890333,0.03841169,0.50933164,273.85736,-449.20953,391.52356,1
23639.998,-1877.9999,0.11793905,0.017383376,0.007300341,0.016133238,17.857363,0.790481,71.523544,1
20691.0,-107.0,0.036574878,2.7467518,0.042230718,2.700467,17.857363,6.540481,71.523544,1
24337.0,1218.0,0.1279905,2.1670845,0.08333407,2.193139,17.857363,1.290481,-56.476456,1
19560.0,-955.0,0.10848307,0.024511138,0.0057778466,0.021797586,17.857363,-2.959519,71.523544,1
18916.0,-3308.0,0.21028525,1.9698198,0.065471604,1.8616313,17.857363,0.540481,71.523544,1
15558.999,-1087.0,0.11626038,1.9674222,-0.04716841,2.3976936,17.857363,-18.459518,71.523544,1
36.999996,-11.999998,0.26367941,3.836247,0.61770034,3.4867203,81.85736,-9.959519,135.52354,1
5625.0,-1455.9999,0.13386126,1.893758,-0.32982984,2.2943153,17.857363,-9.709519,71.523544,1
24050.0,1600.0,0.052802965,0.01744298,-0.014511745,0.023200441,17.857363,-7.459519,71.523544,1
4535.0,-11853.0,0.44026512,1.2565348,-1.2044926,2.2554288,17.857363,1.790481,71.523544,1
20765.0,5981.0,0.20439933,2.4032872,0.26964375,2.2378664,81.85736,55.54048,71.523544,1
24938.0,-1269.0,0.115711585,2.277664,-0.067655995,2.268577,17.857363,7.790481,71.523544,1
122.99999,-27.000002,0.20407109,2.6174529,-0.3685618,2.852293,273.85736,-51.95952,519.52356,1
17563.0,-25.999998,0.14204657,2.051057,-0.20859824,2.214191,17.857363,-2.209519,71.523544,1
17530.0,-791.0,0.105542585,2.217899,-0.015383597,2.1593337,17.857363,-1.709519,71.523544,1
23516.0,-1000.00006,0.10461576,0.0076039233,-0.00081153924,0.0076412447,17.857363,1.290481,-56.476456,1
16440.0,-7822.0,0.17167407,1.8952935,-0.36408454,2.1257033,17.857363,8.540481,71.523544,1
205.0,-92.99999,0.14657433,3.79667,0.10331075,3.6506884,81.85736,65.79048,71.523544,1
17557.0,1021.0,0.07206992,2.3530767,0.71127945,2.235824,17.857363,-26.709518,71.523544,1
11588.0,-8453.0,0.19227792,2.5395868,-0.011447588,2.5261865,81.85736,20.290482,71.523544,1
25163.0,6125.0,0.14587131,2.3053281,-0.18066713,2.4507957,17.857363,-4.959519,71.523544,1
25602.0,1382.0,0.19981726,2.150369,-0.08828538,2.0483723,17.857363,9.540481,71.523544,1
181.0,18.0,0.13684422,3.1890445,-0.3740892,3.2574682,721.85736,130.79048,647.52356,1
28379.998,445.99997,0.12640382,2.5448916,-0.083428666,2.5349255,17.857363,-3.209519,-56.476456,1
19570.0,5034.0,0.13940817,2.796126,0.59904665,2.3996797,17.857363,-2.209519,71.523544,1
19155.0,-609.0,0.10277379,2.6845877,0.11856276,2.6750379,17.857363,0.790481,71.523544,1
9287.0,-1841.9999,0.1749249,1.6383951,-0.20405173,2.0046735,17.857363,-32.20952,71.523544,1
12259.0,-8998.0,0.20926873,2.42749,-0.29499492,2.6265197,17.857363,-0.45951903,71.523544,1
23445.0,6956.0,0.28183797,2.0368836,0.04250477,2.1253643,17.857363,-6.959519,71.523544,1
26817.998,252.0,0.1414683,2.4676216,0.15059423,2.5456772,17.857363,0.540481,71.523544,1
18409.0,7171.0,0.19641536,2.0392468,0.0699233,1.9198831,17.857363,-6.459519,71.523544,1
19636.0,2127.0,0.12769547,1.5180657,-0.124402575,1.5922488,17.857363,-6.459519,71.523544,1
21674.0,72.0,0.09296579,2.3045962,-0.073815875,2.2819643,17.857363,-6.209519,71.523544,1
15753.999,3387.0,0.13978663,2.463649,0.047546644,2.4641242,81.85736,-1.709519,71.523544,1
24967.0,3768.0,0.064626895,2.7685392,-0.07429031,2.746972,17.857363,-5.709519,71.523544,1
21923.0,3114.9998,0.20605911,2.4116523,-0.1016603,2.5473719,17.857363,-3.209519,71.523544,1
18182.0,3744.0,0.36591515,2.1537983,0.0019100237,2.3768983,17.857363,18.540482,71.523544,1
18909.0,3640.9998,0.11650252,2.550566,-0.05905062,2.6494966,17.857363,0.540481,71.523544,1
22815.0,-368.0,0.049434423,2.7415824,0.06251305,2.6834803,17.857363,4.790481,71.523544,1
24056.998,3370.0,0.09743631,2.668595,-0.02095693,2.6832304,17.857363,-0.45951903,71.523544,1
14640.0,724.0,0.14662966,2.1674888,2.1421807,0.45912164,17.857363,-1.459519,71.523544,1
616.0,166.0,0.22845773,0.57099515,-0.017761186,0.5389375,145.85736,9.540481,135.52354,1
18986.0,910.0,0.11623654,2.0025432,0.109523065,1.9602231,17.857363,-2.209519,71.523544,1
22742.0,499.0,0.11530723,2.4615428,-0.05864258,2.4301925,17.857363,-0.959519,71.523544,1
14050.0,2545.0,0.08734471,2.4317806,0.00054406037,2.4342198,17.857363,-3.959519,71.523544,1
19903.0,-1292.9999,0.06932811,2.7336051,-0.055327512,2.706328,17.857363,1.040481,71.523544,1
15111.0,-3356.0,0.10235197,2.0780828,0.06489329,2.1245914,81.85736,16.540482,71.523544,1
16906.0,2583.0,0.124767855,2.5669482,-0.10437872,2.6071968,17.857363,-7.959519,71.523544,1
19443.0,-2204.0,0.15629041,2.702131,0.05425742,2.6287346,17.857363,-0.45951903,71.523544,1
21890.0,2757.9998,0.06368816,2.341472,-0.07186253,2.4226818,17.857363,10.790481,71.523544,1
11707.0,726.0,0.29988742,1.9709795,0.28107497,1.9621886,17.857363,-19.459518,71.523544,1
25228.998,3252.0,0.16753468,2.5155613,0.03194692,2.4943051,17.857363,-0.20951901,71.523544,1
16308.0,-2254.0,0.15917122,2.4475033,0.109040625,2.4410257,17.857363,-10.459519,71.523544,1
16272.0,370.0,0.72616804,1.622422,0.015795238,1.3242162,17.857363,4.540481,71.523544,1
17398.0,157.0,0.06235487,2.775204,0.11745923,2.7056336,17.857363,-6.209519,71.523544,1
19327.0,-2755.0002,0.084936656,2.641287,0.048546996,2.6502542,17.857363,-0.45951903,71.523544,1
11158.0,-3000.0,0.19027263,1.8098361,-0.05210831,2.3045015,17.857363,2.290481,71.523544,1
15784.0,-578.0,0.20055385,2.5111701,0.07039992,2.4503222,17.857363,8.540481,71.523544,1
10985.0,-5760.0,0.20400596,2.338857,0.2923709,2.0808816,17.857363,-2.709519,71.523544,1
19609.0,1562.0,0.19220538,2.0749886,0.10227319,2.1327248,17.857363,1.790481,71.523544,1
15713.999,2249.0,0.100681484,2.6818688,0.33063775,2.528411,17.857363,-1.459519,71.523544,1
16306.999,-3298.0,0.1248633,2.2308347,0.11490335,2.0514116,17.857363,-2.959519,71.523544,1
159.0,81.0,0.96853787,4.169796,1.1872588,3.0984237,529.85736,56.54048,199.52354,1
13586.0,1076.0001,0.17994994,2.2824419,-0.21446162,2.113915,17.857363,-31.959518,71.523544,1
22538.0,1904.0,0.040387034,2.4593256,0.033965908,2.4273944,17.857363,8.540481,71.523544,1
16301.0,-3350.0002,0.094119504,2.0193226,-0.004383925,1.973853,17.857363,-20.459518,71.523544,1
17810.0,2123.0,0.08816199,2.380027,0.3525451,2.2055473,17.857363,0.540481,71.523544,1
17071.0,12258.0,0.73067564,1.5121896,0.22975792,1.9679445,17.857363,-11.709519,71.523544,1
24475.0,-491.0,0.14189602,2.5490415,0.11591958,2.5501418,17.857363,-0.709519,-56.476456,1
453.0,-37.0,0.29860818,0.6487635,0.012787456,0.56725067,145.85736,-29.709518,135.52354,1
19621.0,6654.0,0.17251556,1.7882478,0.3063877,1.5736431,17.857363,-36.45952,71.523544,1
14700.0,-2467.0002,0.16397057,2.0771372,-0.26302698,2.2806249,17.857363,3.540481,71.523544,1
44.999996,-20.999998,0.20821002,3.704176,-0.55062526,3.7649565,81.85736,-18.459518,199.52354,1
16653.0,1052.0,0.09140837,2.2647636,-0.03824723,2.2695065,17.857363,-2.209519,71.523544,1
9684.0,-218.99998,0.19990852,2.1926477,-0.21967672,2.2768073,17.857363,-12.959519,71.523544,1
50.999996,24.0,0.28674418,2.929849,-0.88023204,3.3726268,337.85736,282.79047,327.52356,1
338.0,158.0,0.96212715,0.3664973,-0.12759772,1.5518879,81.85736,37.54048,199.52354,1
141.0,-234.00002,0.96725774,1.567733,0.3162166,1.607066,145.85736,0.790481,135.52354,1
22924.0,4956.0,0.10336106,2.0174043,0.1543937,1.9150318,17.857363,1.540481,71.523544,1
20420.0,9910.999,0.2685783,0.01911048,-0.02096954,0.031099726,17.857363,14.540481,71.523544,1
14733.0,-2673.0,0.20063038,1.9097569,-0.17951354,2.1316843,17.857363,-3.459519,71.523544,1
19220.0,3133.0,0.09412523,2.461921,0.13416089,2.3681922,17.857363,6.540481,71.523544,1
22786.0,-1537.0,0.12278577,2.333516,0.113676816,2.253395,17.857363,8.290481,71.523544,1
7622.0,12.0,0.47251862,0.0696824,0.027872108,0.10239832,17.857363,4.290481,71.523544,1
5655.0,-3993.0,0.3538958,0.070870675,0.056375794,0.85469145,17.857363,1.790481,71.523544,1
22957.0,3659.0,0.06593293,2.691519,0.0143056065,2.558599,17.857363,-38.95952,71.523544,1
7550.0,-4889.0,0.1771573,1.943536,0.5373346,1.5823025,17.857363,-0.709519,71.523544,1
21801.0,-738.0,0.09232247,2.629794,-0.102791466,2.3507743,17.857363,-7.459519,71.523544,1
148.0,-130.99998,0.26344997,3.693752,0.401207,3.5672917,337.85736,-302.20953,775.52356,1
26672.0,-913.00006,0.050636757,2.7590528,-0.0692878,2.82936,17.857363,-12.709519,71.523544,1
8444.0,4550.0,0.7189789,1.0212181,-0.3558852,1.4282678,81.85736,-74.20952,135.52354,1
19282.0,2332.9998,0.069783404,1.9483988,0.4003543,1.9413913,17.857363,17.290482,71.523544,1
16617.0,3348.0,0.12938152,1.9972141,0.006980222,1.9806079,17.857363,-0.959519,71.523544,1
19843.0,2068.0,0.14458895,2.4950554,-0.008036975,2.5218773,17.857363,-6.709519,71.523544,1
19582.0,2041.0,0.077877924,1.724838,0.16483496,1.6283554,17.857363,1.790481,71.523544,1
89.99999,16.0,0.1362409,3.0271108,0.49944848,2.8645325,81.85736,-22.709518,71.523544,1
10317.0,-6296.0,0.22739542,1.0116379,0.08029184,0.9096431,17.857363,26.290482,71.523544,1
1711.0,737.0076,0.582006,-17.052485,-2.2850547,-16.701412,3708519400.0,366948830.0,3706858800.0,1
15603.999,-2957.0,0.13973294,1.9979413,-0.22450839,2.0765758,17.857363,0.540481,71.523544,1
7379.0,525.0,0.8363933,0.13277273,0.004058556,0.34786123,145.85736,17.040482,135.52354,1
260.0,155.0,0.740606,2.3407934,0.27217454,2.0639586,849.85736,24.540482,839.52356,1
13445.0,-6429.0,0.19063963,2.5314038,-0.301447,2.630024,17.857363,21.040482,71.523544,1
8491.0,-746.0,0.23493153,0.05853967,0.0052145016,0.045664717,17.857363,2.040481,71.523544,1
15648.999,-167.0,0.1612393,1.6430371,0.007939366,1.625296,17.857363,-2.709519,71.523544,1
14284.0,3932.0,0.117998175,1.5557048,-0.09259765,1.6551751,17.857363,-4.959519,71.523544,1
13817.0,-2327.0,0.12086739,1.637397,-0.45872825,2.1301785,17.857363,3.790481,71.523544,1
18882.0,1142.0,1.1552507,2.2427456,-0.0094446745,2.5656261,17.857363,0.040480983,71.523544,1
17410.0,2627.0,0.21210541,2.4389684,0.099953674,2.1946592,17.857363,11.040481,71.523544,1
21091.0,-3416.0,0.056974854,2.6835735,0.010601925,2.5737615,17.857363,-21.459518,71.523544,1
20313.0,-801.0,0.2285745,2.5686934,-0.0889409,2.6199622,17.857363,-7.709519,71.523544,1
19923.0,-5162.0,0.12907742,2.7112057,0.11357438,2.447177,17.857363,8.290481,71.523544,1
21478.0,-716.0,0.049409617,2.6478055,-0.15144704,2.7043405,17.857363,-16.959518,71.523544,1
310.0,111.0,0.3927876,2.3243344,0.81895584,2.5998793,1937.8574,1224.7905,903.52356,1
989.0,-85.0,0.09555806,2.7556372,-0.40186816,2.884248,593.85736,65.29048,647.52356,1
14500.0,-2374.0,0.08440727,1.6061938,0.05637524,1.5831007,17.857363,6.540481,71.523544,1
20315.0,1093.0001,0.08245679,2.2832267,0.2964783,2.1511264,17.857363,-20.459518,71.523544,1
11445.0,1216.0001,0.11397859,0.07190684,-0.02695407,0.06634943,17.857363,-11.709519,71.523544,1
5946.0,-3229.0,0.50748086,0.040970128,-0.0076084672,0.045665193,17.857363,0.540481,71.523544,1
20923.0,1740.0,0.06483173,2.7587461,0.09866007,2.7104442,81.85736,-19.209518,71.523544,1
23478.0,-231.99998,0.05148052,2.7001107,0.0062340577,2.6802669,81.85736,-11.959519,135.52354,1
20510.0,10331.0,0.27837843,1.0426486,0.011047742,1.3473123,81.85736,27.290482,71.523544,1
17706.0,-1404.0,0.31045055,1.8302519,0.03801078,1.123506,17.857363,-1.209519,71.523544,1
17397.0,-1668.9999,0.18191594,1.3732088,-0.03180772,1.4417881,17.857363,3.040481,71.523544,1
21508.0,878.99994,0.24796559,2.7771308,0.26716173,2.5049481,17.857363,-8.709519,71.523544,1
160.0,71.0,0.32103407,3.9954426,-0.3971745,4.0483117,721.85736,17.540482,775.52356,1
15900.999,-1537.0,0.08973778,2.2926505,0.061296307,2.1945167,17.857363,4.790481,71.523544,1
21055.0,-401.0,0.21347421,2.4983666,-0.07467088,2.536407,17.857363,-0.45951903,71.523544,1
12695.0,-3236.0,0.16686425,2.2900703,-0.10213685,2.2212229,17.857363,6.540481,71.523544,1
20559.0,-1435.9999,0.27343988,2.0765197,0.020287875,2.1104922,17.857363,1.540481,71.523544,1
21726.0,-105.0,0.09134107,2.7986834,0.025264641,2.7685094,17.857363,-10.709519,71.523544,1
356.0,52.0,0.16504213,0.8703087,0.18916258,0.80285543,145.85736,-1.459519,199.52354,1
50.999996,2.9999998,0.23187613,3.9438963,0.14590132,3.635633,145.85736,42.54048,135.52354,1
20998.0,-2624.0,0.057431564,1.017606,0.0027542377,1.3568319,17.857363,5.790481,71.523544,1
16167.999,-1518.0,0.057426885,2.5634615,-0.029026933,2.3158584,17.857363,-0.20951901,71.523544,1
12682.0,-556.00006,0.08448222,2.4679844,-0.11451458,2.2107053,17.857363,-2.709519,71.523544,1
298.0,1.9999996,0.15471035,3.071258,0.114462376,2.9495063,465.85736,218.29048,135.52354,1
28251.998,2945.0,0.10296849,2.464526,0.0040002507,2.220375,17.857363,-1.959519,71.523544,1
12456.0,3162.0,0.12097778,2.019171,0.10792066,2.0172586,17.857363,4.790481,71.523544,1
14632.0,-3480.0002,0.09129984,1.6141241,0.03610461,1.601221,17.857363,-20.709518,71.523544,1
102.99999,-33.0,0.49233794,3.1601443,-0.38310346,3.4230318,81.85736,-140.70952,391.52356,1
591.0,54.0,0.12682588,0.29405335,-0.18124154,0.3513264,81.85736,-36.45952,135.52354,1
118.99999,-5.9999986,0.18478677,3.6862247,-0.08674041,3.514495,337.85736,67.29048,199.52354,1
101.99999,-27.999998,0.23328902,3.8743713,-0.29385152,3.8638709,81.85736,-294.45953,327.52356,1
17787.0,5108.0,0.12823264,2.0403936,0.19527018,1.9899338,17.857363,-2.709519,71.523544,1
19302.0,-2365.0,0.11239832,2.3248236,0.023088891,2.318162,17.857363,-1.709519,71.523544,1
16212.999,6071.0,0.20634374,1.9679644,-0.037440293,2.008048,17.857363,-0.20951901,71.523544,1
22517.0,-575.0,0.09402574,1.9852235,0.0410719,2.076754,17.857363,-15.959519,71.523544,1
20032.0,234.0,0.10598121,1.9364378,0.25614336,1.9359506,17.857363,2.540481,71.523544,1
18717.0,1256.0001,0.1110188,1.6309392,0.22528562,1.5517634,17.857363,1.790481,71.523544,1
21506.0,7537.0,0.19196877,0.025028506,-0.0592935,0.03134959,17.857363,-6.459519,71.523544,1
113.99999,-16.999998,0.44081172,3.5545204,0.20304824,3.29939,337.85736,267.54047,391.52356,1
21417.0,-1088.0,0.08320616,2.2305062,0.2364811,1.8121241,17.857363,1.790481,71.523544,1
18661.0,-934.0,0.10072249,0.022043506,0.001265813,0.018111635,17.857363,0.790481,71.523544,1
24063.0,1458.0,0.15042727,2.3067453,0.07802366,2.2891707,17.857363,5.540481,71.523544,1
152.0,-92.99999,0.6490962,4.1685233,-0.6426015,4.68467,465.85736,-123.20952,519.52356,1
14390.0,-344.0,0.09858906,2.3882148,0.034170784,2.512673,17.857363,1.540481,71.523544,1
11384.0,81.0,0.098058894,2.3346379,0.013392516,2.0739536,17.857363,8.290481,71.523544,1
22455.0,1893.0,0.11203082,2.7417874,0.03647296,2.5771651,17.857363,7.040481,71.523544,1
21298.0,886.0,0.060771108,1.8149235,0.054192096,1.6833662,17.857363,1.790481,71.523544,1
22700.0,-2999.0,0.04659179,2.2149603,-0.08881794,2.2604666,17.857363,0.790481,71.523544,1
11182.0,-9730.0,0.2482791,2.4902785,0.059926815,2.2887492,17.857363,1.040481,71.523544,1
14189.0,1775.0,0.19815029,2.4420393,-0.25148654,2.542604,17.857363,6.540481,71.523544,1
18479.0,-1938.0,0.09734948,2.445647,-0.09263392,2.4819007,81.85736,2.290481,71.523544,1
8763.0,-9603.001,0.2593307,1.747637,-0.293194,1.8542608,17.857363,15.790481,71.523544,1
25433.0,5196.0,0.0907975,2.5181744,-0.034592424,2.6582646,17.857363,-0.20951901,71.523544,1
21739.0,2026.0,0.12697671,2.513388,-0.23665646,2.5496936,17.857363,-1.959519,71.523544,1
17541.0,-3234.0,0.07875876,1.560003,0.06811752,1.7390488,17.857363,-4.709519,71.523544,1
79.99999,-39.0,0.29072124,3.0819578,-0.19845927,2.7997682,81.85736,-55.45952,135.52354,1
13710.0,-956.0,0.13665159,1.2483447,-0.5265881,1.7665743,17.857363,-8.209519,71.523544,1
17089.0,565.0,0.102383755,0.8619955,0.19180234,0.7554402,17.857363,-8.959519,71.523544,1
24124.0,525.0,0.041587368,2.5032809,-0.07000624,2.5897646,17.857363,-0.20951901,71.523544,1
20566.0,-1279.0,0.108526,2.5280435,0.2216985,2.2901635,17.857363,25.290482,71.523544,1
17763.0,1744.0,0.45312375,2.4941385,0.39738992,2.2017808,17.857363,-1.959519,71.523544,1
26015.0,2704.0,0.19115813,0.013209621,0.0020918215,0.012892652,17.857363,0.540481,71.523544,1
196.0,104.0,0.6233858,2.846701,-0.57614326,3.4987798,1041.8574,682.04047,327.52356,1
24105.0,-187.0,0.14624268,2.1464078,0.14758906,1.9269017,17.857363,2.290481,71.523544,1
21769.0,1751.0001,0.044938415,2.761239,0.033274326,2.6619844,17.857363,-10.209519,71.523544,1
15469.999,3219.0,0.14556952,2.515464,-0.061391093,2.520115,17.857363,1.540481,71.523544,1
19706.0,-2243.0,0.0986544,2.3209636,0.05211657,2.310175,17.857363,-2.959519,71.523544,1
20823.0,717.99994,0.071835,1.5487659,0.021647153,1.5693811,17.857363,-4.209519,71.523544,1
212.0,4.0000014,0.19998968,3.129407,0.0014991075,3.2532773,81.85736,-0.959519,135.52354,1
617.0,50.0,0.28261417,0.118193425,-0.18455257,0.305211,81.85736,-13.959519,135.52354,1
17775.0,1137.0,0.06398082,1.6210496,-0.2457813,1.6803006,17.857363,-3.709519,71.523544,1
347.0,36.0,0.17756927,0.5878127,-0.4480685,0.95554584,145.85736,-123.95952,199.52354,1
379.0,77.0,0.0989286,0.6772855,0.13849334,0.41366714,145.85736,-9.709519,199.52354,1
18801.0,-1369.0,0.031396084,2.2963378,0.06325658,2.418713,17.857363,0.540481,71.523544,1
12956.0,-231.0,0.10331803,2.4700916,-0.07352186,2.4822626,17.857363,-22.459518,71.523544,1
34.999996,-25.999998,0.24300043,3.6227384,0.6382762,3.5629137,81.85736,-3.959519,71.523544,1
19986.0,-3145.0,0.09564318,2.1159098,-0.114169426,2.2168617,17.857363,-0.20951901,71.523544,1
16887.0,-3849.0,0.13460687,1.9733307,-0.04370205,1.8796276,17.857363,-9.209519,71.523544,1
6553.0,2807.9998,0.3658181,0.03079299,-0.023202162,0.068892404,17.857363,-3.709519,71.523544,1
20508.0,-755.0,0.11167307,2.3633401,-0.10973779,2.4847097,17.857363,0.540481,71.523544,1
24645.998,4282.0,0.17894173,1.9269865,0.03692281,1.9346346,17.857363,-1.209519,-56.476456,1
21546.0,567.0,0.116940804,1.8131807,-0.028367504,1.7795361,17.857363,0.040480983,71.523544,1
11506.0,-1782.9999,0.26059154,1.8728602,0.07084896,2.0281734,17.857363,9.790481,71.523544,1
19929.0,5528.0,0.13022244,2.488447,-0.14045383,2.6355972,17.857363,-0.959519,71.523544,1
21131.0,-5731.0,0.24455853,2.4775217,-0.081015274,2.5417747,17.857363,5.040481,71.523544,1
19042.0,-1935.0,0.06272718,2.5400498,0.08734694,2.4357266,17.857363,1.540481,71.523544,1
134.0,25.0,0.35413772,3.9223082,-0.04054074,3.963224,337.85736,55.54048,327.52356,1
15826.999,-8060.0,0.15310171,1.9489605,-0.17296669,2.0547514,17.857363,7.290481,71.523544,1
29.999994,10.0,0.17602488,1.8322628,-0.17643206,2.2195678,721.85736,631.54047,327.52356,1
195.0,52.0,0.14134131,3.039346,0.2268054,2.9062846,273.85736,174.79048,135.52354,1
24319.0,5216.0,0.10095737,2.127432,-0.12763298,2.0721083,17.857363,3.790481,71.523544,1
117.99999,33.0,0.24413913,4.3697996,-0.21518363,4.503886,529.85736,-193.20952,391.52356,1
14676.0,482.99997,0.094051756,1.0499685,-0.02086449,1.083846,17.857363,6.790481,71.523544,1
22811.0,6635.0,0.20109083,2.5428722,-0.0528545,2.5727034,17.857363,13.040481,71.523544,1
16246.999,-2852.0,0.07562044,2.299721,-0.23543614,2.5044956,17.857363,-0.45951903,71.523544,1
22996.0,1783.0,0.09967994,2.5059664,-0.2151799,2.6886783,17.857363,5.290481,71.523544,1
21206.0,-868.0,0.05237307,2.3274305,-0.17335287,2.4568977,17.857363,29.290482,71.523544,1
252.0,-36.000004,0.3441177,3.622816,0.20110188,3.5580504,529.85736,-159.20952,583.52356,1
17505.0,2180.0,0.09266893,1.7923954,0.30272046,2.0260773,17.857363,-26.709518,71.523544,1
166.0,-37.0,0.5729426,3.6518028,0.42752555,3.1345122,785.85736,-112.45952,839.52356,1
7508.0,545.0,0.20391607,1.9192812,0.0025475344,1.7438682,17.857363,-28.459518,71.523544,1
4924.0,-14506.0,0.43903682,0.12975101,0.09712518,0.056343485,17.857363,4.790481,71.523544,1
13654.0,-937.0,0.10384337,1.097049,0.012271151,1.4245061,17.857363,21.040482,71.523544,1
22929.0,2777.9998,0.09824152,2.603173,0.6730192,2.1762013,17.857363,-1.709519,71.523544,1
161.00049,-90.0,0.60927445,0.7030485,0.021572052,1.1883014,273.85736,35.04048,199.52354,1
21350.0,-136.0,0.036588296,2.683779,0.13051246,2.658812,17.857363,14.040481,71.523544,1
19632.0,2998.0,0.1259634,1.5672858,-0.036720306,1.5675911,17.857363,-0.20951901,71.523544,1
19497.0,-5392.0,0.11640779,0.02238349,0.0070849094,0.019315172,17.857363,1.790481,71.523544,1
16817.0,-1426.9999,0.1034112,1.5912402,-0.016681753,1.4944128,17.857363,1.040481,71.523544,1
21108.0,451.99997,0.060620166,2.3739274,-0.15600017,2.385501,17.857363,-1.459519,71.523544,1
18660.0,-2261.0,0.13671334,2.5364578,-0.15889323,2.626781,17.857363,-1.459519,71.523544,1
249.0,21.0,0.11002434,3.112225,-0.21999247,3.2642922,17.857363,-11.459519,135.52354,1
22180.0,1559.0001,0.34783408,1.8107641,-0.30033436,2.071765,17.857363,-0.45951903,71.523544,1
22659.0,-204.0,0.046364203,2.546407,0.07363222,2.421327,17.857363,-5.959519,71.523544,1
18488.0,-2823.0,0.08542691,1.7188976,-0.13534653,1.7912921,17.857363,1.540481,71.523544,1
21401.0,67.0,0.2024079,2.4030979,0.12336376,2.237424,17.857363,0.790481,71.523544,1
65.99999,-43.999996,0.24539067,4.19718,0.30283064,3.7185998,81.85736,19.790482,199.52354,1
16968.0,-860.0,0.11099039,1.9535601,0.08793965,1.9143275,81.85736,59.54048,71.523544,1
16667.0,908.0,0.5830323,0.0499299,-0.027041022,0.9200997,17.857363,-0.959519,199.52354,1
23481.0,-1087.0,0.08666857,1.7464192,-0.18929358,1.8666967,17.857363,-0.709519,71.523544,1
79.99999,35.0,0.90112853,2.7978122,-0.29210058,1.8746194,81.85736,-77.20952,135.52354,1
44.999996,-23.000002,0.19863272,3.6540036,-0.19701505,3.9642546,81.85736,21.040482,71.523544,1
98.99999,-55.000004,0.29464853,4.139099,0.032377824,4.1357055,465.85736,-583.70953,647.52356,1
18596.0,1379.0,0.048356444,2.6671383,-0.13773224,2.7187772,81.85736,-97.95952,135.52354,1
9551.0,-8559.0,0.24255492,2.6168773,-0.0056336257,2.6755943,17.857363,-36.70952,71.523544,1
8666.0,-8576.0,0.39097542,2.4210289,0.09307124,2.301093,17.857363,4.040481,71.523544,1
15895.0,-1167.9999,0.56519336,0.010727684,-0.00040750174,0.022341657,17.857363,0.790481,71.523544,1
18494.0,997.0,0.08789552,2.7588573,0.107103296,2.6155672,17.857363,-1.709519,71.523544,1
27632.998,-857.0,0.057200305,2.3023574,0.064562775,2.2760549,17.857363,-1.209519,71.523544,1
76.99999,10.0,0.18882878,3.8754091,-0.026594657,3.7339394,273.85736,150.04048,135.52354,1
18680.0,-3166.0,0.1474878,2.2214534,-0.040940262,2.1957083,17.857363,2.790481,-56.476456,1
84.00048,20.0,0.13064107,2.7909272,0.48144004,2.9158828,81.85736,17.540482,71.523544,1
12801.0,-5180.0,0.12423012,2.473676,-0.19521731,2.6221309,17.857363,-0.709519,71.523544,1
129.0,95.0,2.1082628,1.4492543,-0.98412526,1.9565653,17.857363,-44.70952,71.523544,1
12530.0,1988.0,0.15939899,0.057820123,0.008538151,0.52833647,17.857363,1.540481,71.523544,1
21864.0,3547.0,0.10278898,2.3427165,0.09487534,2.2844415,17.857363,0.040480983,71.523544,1
13125.0,-6848.0,0.2578411,2.564263,0.1430581,2.5439434,17.857363,0.040480983,71.523544,1
22396.0,7367.0,0.21305855,2.7444024,0.4124361,2.5626407,17.857363,-1.209519,71.523544,1
116.99999,19.0,0.08128422,3.504731,0.41078863,3.4025729,81.85736,-250.45952,199.52354,1
76.99999,-16.999998,0.21592331,3.19966,-0.026034493,3.335148,81.85736,1.540481,135.52354,1
20070.0,1352.0,0.28819844,2.243796,0.2509395,1.6701459,17.857363,1.040481,135.52354,1
21251.0,344.0,0.2896595,2.0450852,-0.51695675,2.3584137,17.857363,-0.45951903,71.523544,1
21365.0,2545.0,0.07072414,1.5747283,-0.0016394384,1.58545,17.857363,9.290481,71.523544,1
23149.0,-1424.0,0.18022916,2.0053027,0.050270874,1.9685644,17.857363,-0.20951901,71.523544,1
23410.0,684.0,0.037094325,0.014707367,0.0010540284,0.017603803,17.857363,3.040481,71.523544,1
22144.0,-1634.9999,0.061556254,2.714,-0.06331137,2.718974,145.85736,66.79048,71.523544,1
20230.0,-3237.0,0.18009949,2.4303625,-0.2621665,2.6269112,17.857363,-5.209519,71.523544,1
19827.0,-3261.0002,0.107310005,2.3174026,0.0100989705,2.4014277,17.857363,7.040481,71.523544,1
19289.0,3695.0,0.20881139,2.1959898,-0.10355664,2.294178,17.857363,-21.709518,71.523544,1
17612.0,-316.0,0.039452866,2.3334873,-0.12792124,2.4283266,17.857363,-4.209519,71.523544,1
23374.0,2007.0,0.052613106,2.5348208,-0.033812255,2.4905663,17.857363,-38.70952,71.523544,1
76.99999,-61.000004,0.35504162,3.0815136,-0.7838168,3.5800984,273.85736,-153.45952,391.52356,1
12668.0,4089.0,0.3299044,0.0712798,-0.21272992,0.12879078,81.85736,-56.70952,71.523544,1
2749.0,1281.0153,0.7497539,-18.373848,-2.362453,-18.08981,3708519200.0,366948960.0,3706858500.0,1
12585.0,1235.0,0.07378713,2.7054336,0.08719257,2.557723,17.857363,-30.709518,71.523544,1
21280.0,-803.0,0.038487785,2.6445715,-0.072048046,2.695692,17.857363,6.040481,71.523544,1
192.0,-700.00006,1.1139294,0.677532,0.25455454,1.2425951,145.85736,25.290482,199.52354,1
18538.0,-3132.0002,0.19571283,2.6415255,0.16290326,2.2408576,17.857363,8.790481,71.523544,1
21813.0,288.99997,0.12841529,2.3023818,0.10749589,2.2693782,17.857363,6.540481,71.523544,1
16860.0,-1638.0,0.17330797,2.1646883,-0.040354136,2.1167092,17.857363,0.540481,71.523544,1
13950.0,-2041.9999,0.18221092,2.3212092,0.10305141,2.101138,17.857363,-5.709519,71.523544,1
18672.0,586.99994,0.1739113,2.6576684,0.21093537,2.4885044,17.857363,-13.709519,71.523544,1
20766.0,-1752.0,0.06807602,2.7335966,0.0055478984,2.610487,17.857363,1.540481,71.523544,1
18883.0,-2024.0,0.03797458,2.2099745,0.015074413,2.188827,17.857363,12.540481,71.523544,1
19332.0,593.0,0.035730638,2.8075595,0.2084631,2.6224542,17.857363,0.790481,71.523544,1
25146.0,-1564.0,0.040414013,0.011468212,-0.009775519,0.017834593,17.857363,-1.209519,71.523544,1
20701.0,-2712.0,0.045882896,2.6258008,0.08481074,2.566784,17.857363,-1.709519,71.523544,1
286.0,-106.0,0.16546398,3.1073694,-0.61821353,3.4398432,81.85736,-516.45953,327.52356,1
24728.0,4873.0,0.08048924,1.8141692,0.009913003,1.9262031,17.857363,-1.459519,71.523544,1
23406.0,2028.0,0.05933645,2.493065,0.07077823,2.4611745,17.857363,-4.959519,71.523544,1
18396.0,3619.9998,0.3260835,2.1406,0.08191252,2.1420455,17.857363,7.040481,71.523544,1
21967.0,3451.9998,0.067897364,2.5578468,0.08208965,2.3789654,17.857363,-6.709519,71.523544,1
17695.0,-1354.0,0.08814899,2.5362952,-0.01522731,2.5227938,17.857363,0.540481,71.523544,1
2973.0,980.0076,0.6708155,-17.027327,-1.8970183,-16.954262,3708519200.0,366949020.0,3706858500.0,1
23199.0,3603.0,0.08245077,0.018173495,-0.053968295,0.041713167,17.857363,-29.209518,71.523544,1
20048.0,-614.0,0.034872785,1.6168501,-0.016644657,1.6155466,17.857363,6.540481,71.523544,1
19389.0,3919.9998,0.12833685,0.9924143,-0.009016512,1.0024532,17.857363,0.040480983,71.523544,1
63.999996,34.0,0.5533745,3.3196137,-0.2832964,3.2374616,337.85736,271.79047,199.52354,1
27579.0,-619.0,0.024670446,2.7619996,-0.059876382,2.688231,17.857363,-3.959519,71.523544,1
6607.0,-161.0,0.24914758,1.2150958,0.026173819,1.2518753,17.857363,5.540481,71.523544,1
27218.998,520.0,0.03256557,0.02086238,-0.0030248628,0.02341311,17.857363,1.040481,71.523544,1
10135.0,6142.0,0.43484175,1.5836604,-0.050109692,1.5957888,17.857363,6.790481,71.523544,1
23571.998,3766.0,0.067104205,2.303169,0.002746994,2.369287,17.857363,-5.959519,71.523544,1
23401.0,7384.9995,0.14885943,0.021967212,-0.005451502,0.024529386,17.857363,-5.209519,71.523544,1
180.0,22.0,0.48803854,3.8082473,0.13961525,3.2684135,529.85736,-196.70952,327.52356,1
16327.0,-247.00002,0.14877453,2.3201392,0.0040589315,2.3401585,17.857363,-1.709519,71.523544,1
16745.0,-593.0,0.11545395,0.059917253,0.011885509,0.05104773,17.857363,1.040481,71.523544,1
20680.0,11833.0,0.3365934,1.0495708,0.07708056,0.90950626,17.857363,-70.95952,71.523544,1
10604.0,-12239.0,0.2755239,0.036448758,0.023121653,0.02288716,17.857363,1.540481,-56.476456,1
19355.0,-2279.0002,0.11991428,2.6285532,-0.046985894,2.4671102,17.857363,-8.209519,71.523544,1
19351.0,5837.9995,0.15804097,2.1056383,-0.10194225,2.1757836,17.857363,0.040480983,71.523544,1
25067.0,-1990.9999,0.05299607,2.364607,0.053658586,2.4418588,17.857363,4.790481,71.523544,1
175.0,-48.000004,0.39722225,3.8701026,0.28907925,3.97967,1233.8574,325.54047,775.52356,1
22140.0,-515.0,0.07807598,2.1571686,0.014820755,2.1889591,17.857363,-6.959519,71.523544,1
22937.0,240.0,0.07088842,2.5964572,-0.026277501,2.6029763,17.857363,2.040481,71.523544,1
18229.0,-1028.0,0.09090845,2.2587044,-0.025988817,2.1817746,17.857363,-2.959519,71.523544,1
20376.0,-1330.0,0.09156845,2.257747,-0.06203378,2.2784824,17.857363,-4.459519,71.523544,1
25186.0,-1653.0,0.060211744,2.6463687,-0.07089143,2.5754957,17.857363,-1.709519,71.523544,1
24219.0,3526.0,0.21640061,2.5713794,0.037916236,2.454801,17.857363,-21.959518,71.523544,1
17677.0,-4277.0,0.11469637,1.945452,0.004571662,1.9133352,17.857363,-17.459518,71.523544,1
14594.0,-5247.0,0.13983059,1.7296054,-0.045898646,1.7669991,17.857363,10.040481,71.523544,1
20948.0,-1200.0,0.12213196,2.7910078,-0.054521814,2.7378125,17.857363,2.040481,71.523544,1
18318.0,1002.99994,0.061278246,1.9454339,0.11211321,1.8471073,17.857363,-0.959519,71.523544,1
18170.0,-1379.0,0.2318091,2.5792072,0.049786538,2.2694178,17.857363,18.290482,71.523544,1
24299.0,1333.0,0.2416521,2.2918308,-0.09774166,2.253058,17.857363,-23.209518,71.523544,1
468.0,-239.00002,0.26132566,0.36940363,-0.044000246,0.47759193,145.85736,-102.95952,199.52354,1
19145.0,784.99994,0.046926282,1.9457328,-0.09718736,1.9473714,17.857363,-7.959519,71.523544,1
267.0,-138.0,0.18842624,2.7880259,-0.46883103,3.3823483,785.85736,-252.95952,1031.5236,1
14001.0,5504.0,0.25117525,0.058784287,0.044786382,0.019821096,81.85736,86.04048,71.523544,1
11638.0,-2983.0002,0.15710703,1.9164464,-0.038954016,1.8019994,17.857363,-2.209519,71.523544,1
10997.0,987.0,0.13029495,1.89698,-0.1586501,1.578525,17.857363,-2.709519,71.523544,1
20699.0,3772.0,0.13243288,1.9770963,0.1345786,2.1709442,17.857363,-10.709519,71.523544,1
10145.0,-3464.0,0.16522112,0.010694305,0.003385503,0.014865328,17.857363,2.040481,71.523544,1
22782.0,1722.0001,0.10786201,1.6022689,0.031428237,1.5708379,17.857363,0.790481,71.523544,1
11223.0,3510.9998,0.3138991,0.05038814,-0.0068936734,0.049993444,17.857363,-7.459519,71.523544,1
21541.0,1715.0,0.09976902,2.3455322,-0.055887006,1.923755,17.857363,5.040481,71.523544,1
24991.998,5378.0,0.19637577,2.7692363,0.00923316,2.6422849,17.857363,-0.959519,71.523544,1
18738.0,-1468.0,0.06412664,2.748,-0.017244086,2.7497065,17.857363,4.040481,71.523544,1
4043.0,-11167.0,0.43981513,0.105871476,0.05619781,0.06463711,17.857363,1.040481,71.523544,1
20434.0,-2147.0,0.103011206,1.9471996,0.10944162,1.8779849,17.857363,1.290481,71.523544,1
14672.0,-5391.0,0.1933958,1.4288676,0.4903679,1.1563829,17.857363,-3.209519,71.523544,1
702.0,47.0,0.13773501,0.28602627,0.17376362,0.32331842,81.85736,14.540481,135.52354,1
22833.0,-2696.0002,0.073280595,2.6936529,0.029637065,2.6926246,81.85736,34.79048,71.523544,1
19261.0,2079.0,0.07912386,1.3287742,0.14605798,1.1998252,17.857363,-5.209519,71.523544,1
19833.0,1957.0,0.16344361,2.0169504,-0.060799308,2.2000508,17.857363,-4.709519,71.523544,1
18482.0,-501.0,0.07080847,1.9379647,-0.012722205,2.0279999,17.857363,-9.209519,71.523544,1
21971.0,-2980.0,0.05720726,0.024918357,0.010072394,0.013254572,17.857363,0.040480983,71.523544,1
21535.0,2727.0,0.088380866,0.022475043,-0.0052734776,0.023158003,17.857363,0.040480983,71.523544,1
18093.0,-125.999985,0.11686038,0.021999637,-0.007062785,0.028733183,17.857363,4.290481,71.523544,1
12819.0,5500.9995,0.2117345,2.0116518,1.8651844,0.45728582,17.857363,-33.70952,71.523544,1
20374.0,-135.0,0.07702742,1.888336,0.2408231,1.7870115,17.857363,0.790481,71.523544,1
9.999994,-8.999998,0.32969022,2.0464394,0.46846217,1.8854989,81.85736,-48.45952,71.523544,1
17552.0,4683.0,0.12520172,1.9706042,0.171189,1.7166504,17.857363,3.790481,71.523544,1
23500.0,-147.0,0.028183589,1.8450801,-0.60350394,2.3320913,17.857363,-4.709519,71.523544,1
15138.0,-973.0,0.15148759,1.9935701,0.04171191,1.9807914,17.857363,6.540481,71.523544,1
20552.0,-1831.9999,0.055616442,2.6522114,0.032525335,2.6351066,17.857363,-1.459519,71.523544,1
101.99999,-53.999996,0.5567512,2.2710187,0.57843333,2.48629,17.857363,-8.209519,135.52354,1
286.0,60.0,0.19976787,3.303013,-0.21401934,3.5654156,273.85736,-38.95952,391.52356,1
16922.0,3427.0,0.14951128,1.900419,0.020530084,1.8983167,17.857363,1.790481,71.523544,1
14136.0,693.0,0.34035185,1.0306833,-0.06888743,1.0283512,81.85736,18.040482,71.523544,1
19750.0,2294.0,0.08750598,2.6454628,0.063792795,2.5292726,17.857363,-10.209519,71.523544,1
16222.0,2109.0,0.066261135,2.6914194,0.044445,2.6867828,17.857363,-2.209519,71.523544,1
45.999996,32.0,0.42310047,3.5454376,0.45236847,3.4955418,273.85736,200.04048,199.52354,1
24206.998,1573.0001,0.16718526,2.6693494,0.03134161,2.6361656,17.857363,-6.459519,71.523544,1
21941.0,2290.0,0.057546366,2.4824455,-0.04322276,2.4407482,17.857363,-0.959519,71.523544,1
19255.0,913.0,0.107527606,2.5077493,0.10490171,2.4364772,17.857363,-4.959519,71.523544,1
9778.0,-5776.0,0.29555577,1.714175,-0.05127324,1.8910612,17.857363,0.540481,71.523544,1
20477.0,1601.0,0.08721054,1.8526156,-0.10329356,2.0530534,17.857363,-0.45951903,71.523544,1
26775.0,4279.0,0.083121456,0.016511241,0.010239538,0.012965608,17.857363,0.540481,71.523544,1
17450.0,-1815.0,0.09795272,2.2678359,0.13764493,2.2152562,17.857363,0.540481,-56.476456,1
-2399.105,200.00002,-0.999401,-17.224737,2.0300372,-17.396685,3708519400.0,366949060.0,3706858500.0,1
18758.0,-1390.0,0.3588974,1.8241751,-0.10943306,1.744789,17.857363,-24.459518,71.523544,1
21847.0,3242.9998,0.12185125,2.725522,-0.059532985,2.7405794,81.85736,41.54048,71.523544,1
16894.0,-8482.0,0.22004941,1.885669,-0.2482697,2.0003457,17.857363,-6.959519,71.523544,1
21506.0,-2050.0,0.03639763,0.025794307,0.008751488,0.025853563,17.857363,1.040481,71.523544,1
14699.0,-5297.0,0.16370676,2.604153,-0.21382368,2.7547965,17.857363,4.040481,71.523544,1
23712.0,633.0,0.101944745,2.5531046,-0.08197195,2.6849298,17.857363,-2.709519,71.523544,1
18688.0,-2485.0,0.06378305,2.7360017,-0.04598678,2.6900811,17.857363,-1.459519,71.523544,1
3095.0,868.9925,0.69636816,-18.747765,1.8579403,-18.457315,3708519200.0,366949020.0,3706858500.0,1
17757.0,-1311.9999,0.11017248,2.4653866,0.5454275,2.3872666,17.857363,1.540481,71.523544,1
22166.0,-354.0,0.03398308,1.8982008,-0.12843163,2.0421624,17.857363,2.540481,71.523544,1
22962.0,-265.0,0.112452775,2.7332425,0.041490562,1.9851879,17.857363,9.540481,71.523544,1
885.0,-305.00003,0.21556859,2.973893,-0.0035338604,3.022585,593.85736,-37.20952,583.52356,1
983.0,80.0,0.10075785,2.7982407,-0.42131552,3.052363,593.85736,-13.209519,583.52356,1
21270.0,2387.0,0.12288559,0.017957488,-0.02299507,0.032605577,17.857363,-8.959519,71.523544,1
20928.0,-1517.0,0.06391014,2.2956603,-0.008635467,2.2236967,17.857363,-24.959518,71.523544,1
20704.0,77.0,0.041874774,2.8181193,0.10535741,2.5536513,17.857363,1.790481,71.523544,1
18150.0,-895.0,0.07899944,2.7201774,-0.014658023,2.7005978,17.857363,-0.709519,71.523544,1
10294.0,-6693.0,0.26280245,1.9630811,-0.32921594,2.3312817,17.857363,2.790481,71.523544,1
12962.0,-8530.0,0.6627614,0.07441882,0.04910954,1.0521821,81.85736,92.54048,199.52354,1
16959.0,-1990.0,0.057969574,2.1972477,-0.015557144,2.3669033,17.857363,-31.959518,71.523544,1
111.99999,23.0,0.18491824,3.8649821,0.53654855,3.5784924,337.85736,273.79047,135.52354,1
17235.0,580.0,0.067967355,2.2644794,0.10189039,2.233727,17.857363,2.540481,71.523544,1
24268.0,7137.0,0.14670528,1.586364,-0.31663626,1.8627537,17.857363,-2.709519,71.523544,1
12602.0,-339.0,0.103958726,2.0612252,0.002930416,2.1014256,17.857363,8.790481,71.523544,1
22302.0,17.0,0.12391165,2.6753752,0.1413106,2.6364403,17.857363,-1.209519,71.523544,1
20552.0,608.0,0.06693252,1.6544831,-0.035295624,1.6513609,17.857363,-6.459519,71.523544,1
17497.0,1382.0,0.16111149,2.0588553,-0.037118413,2.0290527,81.85736,3.540481,71.523544,1
27670.0,-1366.9999,0.04998335,2.5288227,0.053289253,2.4080834,17.857363,20.540482,71.523544,1
14283.0,-2221.0002,0.181614,0.10889701,-0.000490924,0.1967539,81.85736,31.790482,71.523544,1
16401.0,-7334.0,0.19602166,2.20206,0.20304292,2.1912723,17.857363,-4.459519,71.523544,1
12901.0,-4396.0,0.13793306,2.4138353,-0.069209814,2.3991208,17.857363,-13.709519,71.523544,1
21271.0,-56.000004,0.13416936,2.6693952,0.25388932,2.6050825,17.857363,15.790481,71.523544,1
10106.0,-1147.0,0.15719996,1.9382827,0.258873,1.8504308,17.857363,0.790481,71.523544,1
18069.0,1175.0,0.07894374,2.0325139,0.47819385,1.6472725,17.857363,-1.459519,71.523544,1
14647.0,-2597.0002,0.15458876,2.2895548,0.023023464,2.3716164,17.857363,-1.209519,71.523544,1
11943.0,-693.0,0.033213235,2.2340262,0.2179752,2.0323396,17.857363,5.290481,71.523544,1
23204.0,-855.0,0.10317247,1.9533427,0.04561993,1.9620074,17.857363,-0.959519,71.523544,1
68.99999,-10886.0,0.5639128,4.5100813,4.443194,0.9530558,337.85736,375.29047,71.523544,1
1382.0,76.999985,0.8522419,-17.821814,-2.9008214,-17.363356,3708519200.0,366949000.0,3706858500.0,1
20083.0,2019.0001,0.109601915,2.1710236,-0.11284635,2.199686,17.857363,-3.709519,71.523544,1
20248.0,1182.0001,0.11214773,2.6079485,0.060810227,2.5919194,17.857363,1.540481,71.523544,1
15423.999,-3079.0,0.11442065,1.5784657,-1.0105995,2.4318619,17.857363,-0.709519,71.523544,1
116.99999,28.0,0.26012343,3.3571398,0.25636846,3.1331031,529.85736,459.29047,135.52354,1
72.99999,-5.9999986,0.15304756,2.8508499,-0.1252043,2.2882695,81.85736,5.790481,71.523544,1
15168.0,-1180.0,0.115215056,2.3479197,-0.2933618,2.579318,17.857363,-25.709518,71.523544,1
24115.0,1511.0,0.13670115,2.20236,-0.17569393,2.3068628,17.857363,1.290481,71.523544,1
23985.998,-334.0,0.48934406,2.2581604,-0.052610077,2.1588845,17.857363,-2.709519,71.523544,1
18293.0,-5981.0,0.11318237,1.5633333,-0.037868682,1.5931853,17.857363,-6.959519,71.523544,1
23600.0,-1385.0,0.12028582,2.5361335,0.05675223,2.3797202,17.857363,1.040481,71.523544,1
251.0,-39.0,0.081824794,0.83144265,-0.15708151,0.774702,273.85736,18.540482,199.52354,1
9660.0,-1896.0,0.2676542,0.13997917,0.083605915,0.3721046,17.857363,23.040482,71.523544,1
20425.0,-3591.0,0.093462646,2.4618762,0.07196797,2.3423924,17.857363,3.040481,71.523544,1
19871.0,-2628.0,0.114927575,2.725815,-0.027952421,2.25848,17.857363,5.040481,71.523544,1
18211.0,3600.9998,0.18677145,2.2547338,-0.04842516,2.3447733,17.857363,12.540481,71.523544,1
20493.0,4378.0,0.11905947,2.2483795,0.3113178,2.2070327,17.857363,1.290481,71.523544,1
18641.0,-778.0,0.16810755,2.6220896,-0.12810335,2.3637552,17.857363,2.540481,71.523544,1
21943.0,2419.0,0.06450612,2.6824167,-0.06093598,2.6271887,17.857363,-2.709519,71.523544,1
20831.0,-3649.0002,0.108738415,2.4732773,0.21897541,2.2886558,17.857363,6.040481,71.523544,1
24953.998,603.0,0.21455024,1.9265978,-0.04785365,1.9499286,17.857363,3.040481,71.523544,1
13720.0,495.0,0.12293465,0.53866464,-0.0160071,0.712738,17.857363,11.540481,71.523544,1
19718.0,-5436.0,0.10446773,2.6022065,0.02890336,2.6209354,17.857363,0.790481,71.523544,1
26185.0,17100.0,0.33299994,0.012870113,-0.014551111,0.026248384,17.857363,3.040481,71.523544,1
15615.999,-1360.0,0.1101535,1.1809294,-0.538662,1.5346588,17.857363,-7.709519,71.523544,1
14194.0,-3715.0,0.14794727,2.786602,0.07446174,2.6838274,17.857363,1.040481,71.523544,1
19523.0,-1533.0,0.100411266,1.9786155,-0.022627182,2.0482044,17.857363,6.040481,71.523544,1
5878.0,-3947.0,0.2881501,2.2102783,-0.06133797,2.2641525,17.857363,10.790481,71.523544,1
14550.0,-2957.0,0.22498102,1.9110792,-0.1622747,2.3891988,17.857363,4.540481,71.523544,1
13877.0,-2469.0002,0.13286917,2.0119135,0.14822549,1.9312752,17.857363,5.290481,71.523544,1
11690.0,572.0,0.18057805,1.7678297,-0.27775303,2.0337582,17.857363,-9.959519,71.523544,1
19839.0,2378.0,0.16500986,1.8085372,0.16181085,1.6625055,17.857363,-11.459519,71.523544,1
21369.0,1961.0001,0.14429638,2.22241,-0.05775298,2.0078378,17.857363,2.290481,71.523544,1
842.0,1619.0076,1.65632,-17.765112,-1.1797512,-16.721977,3708520000.0,-366948670.0,3706858800.0,1
27131.0,-1301.0,0.06637562,2.756525,-0.027580157,2.752665,17.857363,-5.209519,71.523544,1
15431.999,-1900.0,0.07049689,2.420708,0.055514533,2.361701,17.857363,-5.209519,71.523544,1
14399.0,1930.0001,0.06618363,2.6273406,0.36091903,2.5488749,17.857363,10.290481,71.523544,1
765.0,-411.0,0.25653768,3.1234179,0.33861068,2.981226,721.85736,-0.709519,647.52356,1
19961.0,1432.0,0.112763554,2.7681491,-0.017738845,2.753276,17.857363,-9.959519,71.523544,1
18045.0,-623.00006,0.061275322,1.5853994,-0.05308965,1.6198758,17.857363,5.790481,71.523544,1
17974.0,-5602.0,0.12646969,2.17999,0.015832398,2.2860317,17.857363,-6.959519,71.523544,1
14221.0,-3207.0,0.12292426,2.2533395,-0.078197666,2.4032936,17.857363,2.040481,71.523544,1
9396.0,-1113.9999,0.2518191,1.3912127,0.08544286,1.6016177,17.857363,-9.709519,71.523544,1
20957.0,1044.0,0.14797099,0.91851646,-0.07998011,1.0283879,17.857363,10.290481,71.523544,1
17893.0,-1763.9999,0.16505173,2.3224375,-0.114766754,2.3281016,17.857363,11.290481,71.523544,1
21979.0,1434.0001,0.098697096,1.9725215,-0.019783203,1.9887389,17.857363,0.540481,-56.476456,1
12504.0,554.0,0.052698873,2.5453374,-0.123136796,2.5882006,17.857363,-0.959519,71.523544,1
22609.0,1551.0,0.055529945,2.6218736,0.0069277766,2.507516,17.857363,11.790481,71.523544,1
21790.0,-888.0,0.068467654,2.752011,0.18562964,2.6864223,17.857363,-6.209519,71.523544,1
21996.0,2163.0,0.08160617,2.4775321,0.08961171,2.3371258,17.857363,-19.209518,71.523544,1
22689.0,-2719.0,0.12396908,2.483322,0.049091656,2.4672794,17.857363,1.040481,71.523544,1
2429.0,-2846.0002,0.53972834,0.84331876,0.4806388,0.27329725,145.85736,58.04048,71.523544,1
27218.998,7384.9995,0.18237859,0.019926826,0.006444597,0.018591333,17.857363,0.790481,71.523544,1
17727.0,1450.0001,0.1436368,2.3035176,0.0058170543,2.212957,17.857363,2.540481,-56.476456,1
23687.0,2435.0,0.701116,2.4697492,0.20683111,2.5894866,17.857363,1.790481,199.52354,1
8701.0,32.0,0.32795155,2.3256204,0.24654348,2.4652166,17.857363,11.290481,71.523544,1
24920.0,1849.0,0.10105073,1.5936115,-0.004304498,1.9715189,17.857363,3.790481,71.523544,1
15212.0,-2920.0,0.13779594,2.4942992,-0.08853014,2.6700115,17.857363,-0.709519,71.523544,1
11477.0,-7433.0,0.27952427,2.324795,-0.27659044,2.4556718,17.857363,7.290481,71.523544,1
20791.0,2355.0,0.1753911,1.600992,0.0634282,1.4155887,17.857363,-0.709519,71.523544,1
11983.0,-742.00006,0.03564193,2.6071866,-0.101669535,2.532672,17.857363,2.290481,71.523544,1
12181.0,267.0,0.15880798,1.4443624,0.1128076,1.3934225,17.857363,15.290481,71.523544,1
357.0,69.0,0.5468055,0.73748714,0.25433278,0.34902805,81.85736,84.54048,71.523544,1
11749.0,-4707.0,0.1903385,1.6326907,-0.0032326148,1.6166953,17.857363,0.040480983,71.523544,1
26053.0,99.0,0.12134013,2.5253532,-0.072191454,2.6125169,17.857363,-0.709519,71.523544,1
21937.0,195.00002,0.10478518,2.208883,-0.05736933,2.3334637,17.857363,-2.959519,71.523544,1
92.99999,25.0,0.22781461,2.829075,0.44152448,2.2537713,81.85736,-1.709519,71.523544,1
3776.5525,325.0,1.0233649,-18.193924,-4.0654497,-17.49225,3708520400.0,366948860.0,3706859500.0,1
13.999994,-12.999998,0.4631481,1.3787835,-0.4783695,1.4528259,81.85736,4.040481,71.523544,1
21540.0,3480.0,0.18803096,2.0753095,-0.067019716,2.1385975,17.857363,-27.959518,71.523544,1
23098.0,2361.9998,0.22863527,2.3734825,0.12259446,2.3432126,17.857363,-6.709519,71.523544,1
20518.0,2380.9998,0.079593495,2.0755131,-0.24653167,2.2699537,17.857363,4.290481,71.523544,1
17602.0,-370.0,0.1527827,2.3126638,0.08811988,2.216886,17.857363,1.540481,71.523544,1
24345.998,1098.0001,0.050277084,1.512778,-0.015550572,1.5224255,17.857363,5.540481,71.523544,1
15518.999,4647.9995,0.36707214,2.7054107,0.19476528,2.4461231,17.857363,4.040481,71.523544,1
24119.0,-247.00002,0.28305644,2.430331,-0.1220656,2.2845097,17.857363,0.540481,71.523544,1
20304.0,3247.0,0.17874146,2.4971778,-0.10848596,2.4135127,17.857363,33.54048,71.523544,1
21232.0,-1647.0,0.053278077,2.3184965,-0.03438515,2.2729268,17.857363,-1.459519,71.523544,1
14230.0,-109.0,0.15737416,2.3184988,0.027164353,2.1753445,17.857363,1.540481,71.523544,1
24383.0,4110.0,0.32824436,0.018412868,-0.0019821783,0.023781706,17.857363,-0.959519,-56.476456,1
14010.0,-773.0,0.05025083,2.0086596,0.42979872,1.8758315,17.857363,7.540481,71.523544,1
17367.0,524.0,0.14239916,2.6388524,0.15526675,2.569375,17.857363,18.790482,71.523544,1
575.0,-91.0,0.58759445,0.12558107,-0.036749158,0.909913,81.85736,-24.709518,135.52354,1
91.99999,-41.000004,0.30834863,4.0921426,-0.15235402,3.6603966,337.85736,84.04048,391.52356,1
22739.0,-904.0,0.06876535,0.014330666,-0.006138395,0.020738054,17.857363,-0.959519,-56.476456,1
19923.0,-1075.0,0.06609953,1.0277903,0.010184462,1.2525643,17.857363,0.790481,71.523544,1
15160.999,117.0,0.080159634,1.5837066,0.01807851,1.604638,17.857363,16.540482,71.523544,1
19234.0,25.0,0.08349907,2.2907946,0.11759058,2.1910453,17.857363,5.540481,71.523544,1
11359.0,501.0,0.1092508,2.9695249,0.20034795,2.7855475,17.857363,-74.70952,71.523544,1
20.999994,-14.000002,0.26465043,3.916127,0.91366005,3.5523798,81.85736,-3.209519,71.523544,1
12345.0,-852.0,0.0720431,2.5972908,0.31496683,2.4929872,81.85736,23.540482,71.523544,1
488.0,-95.0,0.28258333,0.52167207,-0.03691777,0.7023296,273.85736,-126.20952,327.52356,1
10860.0,-10601.0,0.29828927,1.6723607,-0.30509382,1.7943066,17.857363,1.790481,71.523544,1
38.999996,-74.99999,0.40267283,2.9741466,-0.9593754,3.8022022,81.85736,-654.95953,391.52356,1
23705.0,5102.9995,0.09282587,2.41691,-0.07964262,2.460266,17.857363,-1.459519,71.523544,1
16706.0,-1591.0,0.15082487,2.719691,0.28394297,2.4959593,17.857363,8.540481,71.523544,1
13356.0,2476.0,0.10514714,0.09991006,0.00089960394,0.0774893,81.85736,-0.959519,71.523544,1
20877.0,888.99994,0.11536498,2.6867821,0.025936797,2.6276622,17.857363,-3.709519,71.523544,1
24618.0,-562.0,0.097398184,2.230347,-0.22259854,2.322371,17.857363,-2.709519,71.523544,1
14892.0,-5399.0,0.21797083,1.5994351,-0.0049709803,1.3474478,17.857363,-3.709519,71.523544,1
167.0,51.0,0.3540514,3.715913,0.40447274,3.465287,529.85736,181.29048,327.52356,1
461.0,-40.000004,1.3260921,4.2114086,-0.40054283,2.9630775,785.85736,255.79048,391.52356,1
23439.0,2257.0,0.1822823,2.6551163,0.13107489,2.3277674,17.857363,-3.709519,71.523544,1
340.0,-154.0,0.32279345,0.4802635,-0.20154712,0.70194954,145.85736,-25.209518,199.52354,1
19739.0,675.99994,0.044413008,0.017114917,-0.005692558,0.021778513,17.857363,4.540481,71.523544,1
26114.998,6227.0,0.26663643,2.2553284,0.08543421,2.186503,17.857363,0.040480983,71.523544,1
758.0,162.0,0.353394,1.1314752,0.23626587,0.85760254,593.85736,261.79047,327.52356,1
22673.0,-1043.0,0.09525945,2.206169,-0.3361769,2.4132786,17.857363,1.790481,71.523544,1
17806.0,-4911.0005,0.12342005,1.8940723,-0.06850154,1.9432625,17.857363,-3.459519,71.523544,1
21649.0,-1156.0,0.14574838,2.196984,-0.010575529,2.06635,17.857363,-5.959519,71.523544,1
15356.999,127.00001,0.056464043,2.3526614,-0.106854804,2.4690075,81.85736,-11.709519,71.523544,1
17822.0,-3275.0,0.1965286,2.0924103,-0.08385342,2.2381287,17.857363,-14.459519,71.523544,1
23127.0,1020.0,0.18280102,0.027694026,-0.00015068581,0.035812784,17.857363,6.790481,71.523544,1
15236.999,2783.0,0.21637751,2.6620605,0.077895574,2.6406054,17.857363,8.040481,71.523544,1
16722.0,697.0,0.07028723,1.4438207,0.41120526,1.2262634,17.857363,-8.959519,71.523544,1
26170.0,1774.0,0.1024211,0.019425193,0.0037606705,0.016465116,17.857363,-0.709519,71.523544,1
10674.0,1141.0,0.050945148,1.4849279,-0.17158963,1.697543,17.857363,9.790481,71.523544,1
415.0,2.9999998,0.47440672,4.5710883,0.010079809,4.613718,529.85736,-186.95952,647.52356,1
15164.999,-3183.0002,0.11922198,2.3066995,-0.36980173,2.6509304,17.857363,-1.459519,-56.476456,1
28804.0,-388.00003,0.039383635,0.013831417,-0.008084271,0.022099901,17.857363,1.540481,71.523544,1
2820.9995,1830.9924,1.9058231,-17.01411,0.2506299,-16.098906,3708519200.0,-366949060.0,3706859000.0,1
351.0,-83.0,0.148732,1.3308537,0.12971674,1.0193065,849.85736,308.29047,775.52356,1
21704.0,3654.0,0.08463215,2.596122,-0.17054042,2.5890532,17.857363,-32.20952,71.523544,1
21064.0,1850.0,0.24390455,2.3168714,0.0039987075,2.5445209,17.857363,1.040481,71.523544,1
597.0,43.0,0.19751349,0.35780838,-0.0004014444,0.3477444,145.85736,26.790482,135.52354,1
19756.0,2005.0001,0.09837697,0.015158932,-0.005086228,0.019968916,17.857363,1.540481,71.523544,1
625.0,-120.0,0.09095735,1.5211976,0.025202334,1.5417942,17.857363,-31.209518,71.523544,1
20775.0,556.0,0.24190909,2.005791,-0.2631812,2.264852,17.857363,1.540481,71.523544,1
16774.0,-3599.0002,0.082410894,2.6465209,-0.03821128,2.6189122,17.857363,-0.45951903,71.523544,1
138.0,60.0,0.24855848,3.7742302,0.1445454,3.8563528,273.85736,-265.95953,327.52356,1
23663.0,1837.0001,0.106816284,0.016354838,0.009273709,0.011346746,17.857363,-0.45951903,-56.476456,1
213.0,79.0,0.16720606,3.0288901,-0.15753947,2.990337,785.85736,316.54047,775.52356,1
31.999994,6.9999995,0.29277152,2.5530074,0.17032424,2.2095032,81.85736,12.290481,199.52354,1
8814.0,-659.0,0.15639979,2.3199208,-0.11082708,2.406828,81.85736,28.540482,71.523544,1
9882.0,-1345.0,0.118741065,0.18901186,-0.037793558,0.15583794,17.857363,3.040481,71.523544,1
583.0,261.0,0.27627906,0.55858976,-0.57889646,0.71154064,337.85736,-146.45952,199.52354,1
13976.0,-304.00003,0.15440252,0.015217583,0.00855787,0.011347223,17.857363,-1.209519,-56.476456,1
7560.0,-1132.0,0.33970934,1.819318,-0.40936232,2.2425413,17.857363,-13.709519,71.523544,1
20637.0,1342.0,0.075836405,2.139621,0.0056860396,2.016035,17.857363,-3.209519,71.523544,1
15802.0,-2011.9999,0.17526916,1.27899,-0.12100921,1.3769368,17.857363,-2.959519,71.523544,1
21890.0,-2235.0,0.061425626,0.02162532,0.004941912,0.02484982,17.857363,-0.45951903,71.523544,1
15047.999,-378.00003,0.17765535,0.9979585,-0.025449328,1.0503892,81.85736,46.79048,71.523544,1
15134.999,-3907.0002,0.12051856,2.0850189,0.029967077,1.9175647,17.857363,2.790481,71.523544,1
12869.0,-1444.0,0.1384873,2.6144383,0.16863994,2.5391111,81.85736,2.540481,71.523544,1
12352.0,-3006.0,0.118449934,0.6151112,-0.28554103,0.88924736,17.857363,5.790481,71.523544,1
19984.0,-35.0,0.028329218,0.035457414,0.0029951113,0.030381609,17.857363,2.790481,71.523544,1
13409.0,-6941.0,0.2273421,2.1385052,-0.1386039,2.2972417,17.857363,14.790481,71.523544,1
15029.999,-2843.0002,0.24251494,2.0093915,0.23115744,1.2694725,17.857363,3.040481,71.523544,1
22239.0,79.0,0.06065494,2.4097254,0.108441696,2.438272,17.857363,1.290481,71.523544,1
15878.999,2734.0,0.085379444,2.5034916,0.2090831,2.452797,81.85736,-17.709518,71.523544,1
17494.0,-1151.0,0.059594434,1.369127,-0.028970763,1.3581337,17.857363,1.540481,71.523544,1
23530.0,747.99994,0.05886236,2.2984226,0.045279365,2.258833,17.857363,-3.459519,71.523544,1
148.0,-12.999998,0.21665251,3.7189577,-0.4142316,3.7317328,465.85736,52.79048,199.52354,1
8947.0,-8042.0,0.24547002,2.312126,-0.37148753,2.5846176,17.857363,6.540481,71.523544,1
20935.0,-1135.0,0.18585792,0.026304523,-0.0039576045,0.026777674,17.857363,-2.959519,71.523544,1
20282.0,938.0,0.039782494,2.4330175,0.035764467,2.4690976,17.857363,-3.209519,71.523544,1
21478.0,-1758.9999,0.06427722,2.3137462,0.14038998,2.1518989,17.857363,2.290481,71.523544,1
19687.0,-348.0,0.06601043,2.479689,-0.23430762,2.6522164,17.857363,5.040481,71.523544,1
24944.0,2280.9998,0.20430514,2.358134,0.08427901,2.2417479,17.857363,5.040481,71.523544,1
735.0,-269.00003,0.18547046,2.8349802,-0.03940986,2.8780608,529.85736,-54.70952,583.52356,1
23003.0,-899.0,0.14914505,2.7269144,-0.055164233,2.4129486,17.857363,-0.959519,71.523544,1
23184.0,593.99994,0.08489436,0.01839141,0.0024458563,0.019646574,17.857363,14.040481,71.523544,1
138.0,-6.9999986,0.32276028,3.7393892,-0.22092582,4.026053,465.85736,329.04047,391.52356,1
21757.0,1884.0,0.054772746,1.4083526,-0.14114265,1.4867991,17.857363,1.790481,71.523544,1
22149.0,-34.000004,0.0113330195,2.4617684,-0.09914498,2.5480018,17.857363,-16.959518,71.523544,1
11596.0,-2073.0,0.0737487,2.64551,-0.002408262,2.6627016,17.857363,5.790481,71.523544,1
18870.0,-3937.0,0.09856281,2.5492055,0.037171554,2.5289059,17.857363,-18.459518,71.523544,1
20900.0,2578.9998,0.08904774,2.7658374,-0.055525124,2.7666564,17.857363,-0.709519,71.523544,1
21713.0,3956.9998,0.08074704,2.4780967,0.56436574,2.141912,17.857363,2.540481,71.523544,1
14538.0,325.99997,0.17205092,1.4964688,0.09214991,1.6675843,17.857363,1.790481,71.523544,1
5016.0,-14276.0,0.53088987,0.10428981,0.07547751,0.05526917,17.857363,7.290481,71.523544,1
22790.0,-53.999996,0.1116175,2.2947977,-0.007972747,2.3178344,17.857363,2.290481,71.523544,1
18355.0,1617.0,0.16093743,0.01975135,-0.00079286995,0.015798498,17.857363,0.790481,-56.476456,1
57.999996,21.0,0.30842885,3.7388453,0.0103106005,3.6204689,593.85736,510.79047,199.52354,1
26776.0,6542.0,0.14067003,2.55604,-0.06452108,2.5570974,17.857363,-0.20951901,71.523544,1
10953.0,8567.0,1.6963446,0.066789426,-0.22968614,2.5861297,81.85736,-53.95952,391.52356,1
11868.0,-5300.0,0.17110175,2.3023374,-0.07525115,2.4521508,17.857363,-0.709519,71.523544,1
19845.0,-2461.0,0.1142195,2.1649363,-0.05120217,2.2011518,17.857363,-21.459518,71.523544,1
11717.0,-2694.0,0.109107174,1.5733411,0.08054786,1.8625878,17.857363,5.040481,71.523544,1
54.999996,9.0,0.108047694,3.7580101,0.5394924,3.4734533,81.85736,-81.20952,135.52354,1
19683.0,3377.0,0.16669674,1.9709933,-0.22901581,2.0910015,17.857363,-19.459518,71.523544,1
127.99999,-73.0,0.4323129,3.566056,-0.101024665,3.9231381,721.85736,162.54048,519.52356,1
14202.0,129.0,0.1396904,2.2478073,0.34766886,1.9911045,17.857363,-1.459519,71.523544,1
20217.0,-2710.0,0.121402554,2.3922646,-0.14682245,2.496666,17.857363,0.040480983,-56.476456,1
4282.0,-3035.0,0.3819841,0.34613588,0.21759681,0.17981999,81.85736,8.040481,71.523544,1
19771.0,1126.0,0.08839744,2.5407598,0.016412348,2.5569239,17.857363,0.040480983,71.523544,1
258.0,-117.0,0.6489628,1.4679396,0.46334094,1.9899877,273.85736,61.29048,199.52354,1
310.0,113.0,0.19920507,3.0563679,-0.28938815,2.9697554,1297.8574,116.29048,1095.5236,1
7783.0,-5246.0,0.29913947,0.14664678,-0.9655667,0.8118729,81.85736,12.790481,71.523544,1
17002.0,5153.0,0.32594413,1.47947,-0.19997807,1.4574183,17.857363,-1.959519,71.523544,1
22302.0,-523.0,0.105311476,2.328655,-0.022568803,2.220172,17.857363,-27.959518,71.523544,1
14705.0,-9159.0,0.21016064,2.5695598,0.08024196,2.4348974,17.857363,-5.209519,71.523544,1
27390.0,5135.0,0.122997604,2.6323512,0.121504724,2.5209556,17.857363,-22.459518,71.523544,1
19551.0,-2468.0002,0.10944471,1.8712981,0.024767397,1.9095706,17.857363,-5.209519,71.523544,1
19476.0,4082.0,0.09429752,2.0269954,-0.009833969,1.9633936,17.857363,-0.959519,71.523544,1
4520.0,-5243.0,0.36654723,0.18094902,0.0753086,0.10660593,17.857363,-37.20952,71.523544,1
23297.0,1509.0001,0.33184084,0.015593807,-0.0021029094,0.034170557,17.857363,4.540481,71.523544,1
22109.0,6238.0,0.15338716,2.1117127,-0.06809649,2.2504573,17.857363,4.790481,71.523544,1
17415.0,-3517.0,0.10911048,2.2548168,-0.4359592,2.6513128,17.857363,3.540481,71.523544,1
561.0,-216.0,0.27392128,0.29703596,0.17532434,0.3008327,81.85736,-7.209519,135.52354,1
20030.0,-3003.0002,0.19612989,2.2617514,-0.19420186,2.5785174,17.857363,-2.959519,71.523544,1
18032.0,1347.0,0.08541649,2.0844648,0.20888801,2.049923,17.857363,5.040481,71.523544,1
22113.0,3643.0,0.08209599,0.018461505,0.0062135127,0.015368868,17.857363,1.540481,71.523544,1
14547.0,5943.0,0.26762378,0.06588105,-0.12465998,0.11807816,17.857363,-48.45952,71.523544,1
238.0,14.000001,0.0873005,3.665048,0.3281336,3.4366775,81.85736,-0.45951903,71.523544,1
15621.0,-3127.0,0.08666241,0.9597505,-0.0024795176,1.2173961,17.857363,1.540481,71.523544,1
176.0,-37.0,0.26573282,3.3477771,0.16158637,3.0736585,849.85736,-90.95952,903.52356,1
26068.0,8446.0,0.14635065,2.6818755,0.12795234,2.5809307,17.857363,0.040480983,71.523544,1
27032.0,-346.00003,0.2571263,2.5270283,-0.17305236,2.600679,17.857363,1.290481,-56.476456,1
12054.0,-950.0,0.17824866,2.0278413,-0.28188184,2.2782068,17.857363,10.790481,71.523544,1
15043.0,-224.0,0.19413494,0.05729131,0.0051984196,0.3016271,17.857363,1.040481,71.523544,1
23167.0,616.0,0.045499384,1.9321568,-0.11756433,2.1582818,17.857363,-12.709519,71.523544,1
13609.0,-4558.0,0.23650834,1.8662355,-0.10097195,1.9556884,17.857363,-7.709519,71.523544,1
48.999996,4.0000014,0.21937037,3.894696,0.26449716,3.610279,273.85736,207.29048,135.52354,1
17148.0,6290.0,0.19493222,1.625489,-0.019188046,1.5892166,81.85736,71.79048,71.523544,1
20149.0,2935.9998,0.19076854,2.5954006,0.3898064,2.404173,17.857363,-13.709519,71.523544,1
587.0,346.0,0.5414926,0.34830692,-0.21350132,0.74893135,145.85736,-18.959518,199.52354,1
15006.999,475.0,0.14851978,0.8610967,-0.16343924,1.4386305,17.857363,7.790481,71.523544,1
12181.0,-4315.0,0.17193836,2.2872837,-0.21518064,2.4585414,17.857363,-8.209519,71.523544,1
24331.998,-2437.0002,0.107921205,2.4243648,-0.030953173,2.376976,17.857363,11.540481,71.523544,1
13421.0,-6697.0005,0.17709771,2.2925966,-0.09469981,2.303657,17.857363,10.540481,71.523544,1
15773.999,2812.0,0.11177135,1.5795882,-0.044839405,1.5407943,17.857363,21.040482,71.523544,1
13.999994,-14681.001,1.0432998,3.0930693,0.48429552,2.048006,81.85736,-99.45952,199.52354,1
99.99999,39.0,0.1999546,3.1375606,-0.2204778,3.467105,145.85736,-35.70952,135.52354,1
17420.0,-598.0,0.09952061,2.378855,-0.24322438,2.4867682,17.857363,-1.459519,71.523544,1
19310.0,-536.0,0.12629448,2.6037543,-0.13028587,2.645536,17.857363,3.790481,71.523544,1
20666.0,-2655.0002,0.07101764,2.3697631,-0.14249668,2.5144544,17.857363,4.290481,71.523544,1
14796.0,11.0,0.16217099,0.06466321,-0.019649725,0.070825025,17.857363,4.290481,71.523544,1
21964.0,13943.0,0.6896911,0.021701613,-0.0013629008,0.02405684,17.857363,-0.959519,-56.476456,1
22228.0,-3210.0002,0.110868394,2.4856794,0.061301682,2.490768,17.857363,21.290482,71.523544,1
16795.0,-3145.0,0.12583509,2.2793024,-0.3276741,2.4297504,17.857363,-1.209519,71.523544,1
20454.0,381.0,0.041839756,2.587631,0.18632464,2.503364,17.857363,-6.209519,71.523544,1
18786.0,-312.0,0.04612591,2.830275,0.9998319,2.1078997,17.857363,-0.45951903,71.523544,1
922.0,-123.0,0.11386611,2.4638898,-0.042904515,2.510559,593.85736,-97.45952,647.52356,1
14528.0,-8793.0,0.17722052,1.4834402,-0.054487795,1.7272552,17.857363,4.290481,71.523544,1
21388.0,372.0,0.08646124,2.6705396,-0.062462375,2.6707506,17.857363,0.790481,-56.476456,1
22145.0,129.0,0.1126012,2.3090918,0.032807518,2.1432915,17.857363,-7.709519,71.523544,1
26561.0,1914.0,0.052038934,0.014738838,-0.004713861,0.017395426,17.857363,0.540481,71.523544,1
20808.0,3415.0,0.081388436,0.009912769,0.007349258,0.010969568,17.857363,2.290481,71.523544,1
22.999994,-3.0000002,0.42426404,1.3257849,-0.8081528,1.812014,81.85736,-1.709519,135.52354,1
10025.0,-7973.0,0.2686027,2.360829,0.17276546,2.0295258,17.857363,1.290481,71.523544,1
20171.0,-1132.0,0.16331136,2.158744,-0.11053292,2.1868038,17.857363,-0.45951903,71.523544,1
4937.0,552.0,0.081521146,0.12790184,-0.017861422,0.1196975,17.857363,-6.459519,71.523544,1
12274.0,-2675.0002,0.10912895,0.077582635,0.017825799,0.07099001,17.857363,2.540481,71.523544,1
18486.0,-3249.0,0.097161934,2.2356422,0.033744328,2.2105408,17.857363,8.290481,71.523544,1
18548.0,2206.9998,0.14366615,1.0367649,0.001256103,1.0290073,17.857363,2.790481,71.523544,1
21446.0,-1196.0,0.063407175,1.9254358,0.013788355,1.9284142,17.857363,-1.459519,71.523544,1
11584.0,2939.0,0.41678047,0.023060123,-0.03164847,0.056980062,17.857363,-1.709519,71.523544,1
16252.0,-3591.0,0.0834364,1.0471451,-0.0011790615,1.0196499,17.857363,-3.959519,71.523544,1
18833.0,-3693.0,0.07802189,0.021642486,0.006945266,0.019862581,17.857363,0.540481,71.523544,1
26250.998,2587.0,0.05598083,2.6369398,-0.08909344,2.5903664,17.857363,-2.209519,71.523544,1
22176.0,-3323.0,0.15739131,2.4571664,0.26042202,2.2235894,17.857363,-11.459519,71.523544,1
11341.0,-92.99999,0.10193277,1.9564354,-0.20739992,2.2102218,17.857363,7.290481,71.523544,1
18.999994,-65.0,0.44400802,3.1952958,1.00795,1.8788427,81.85736,-688.45953,583.52356,1
19126.0,-1993.0,0.06677966,2.4453418,0.01154613,2.3643842,17.857363,9.290481,71.523544,1
17909.0,-2323.0,0.13766879,1.5981977,-0.97245604,2.3201628,17.857363,-2.209519,-56.476456,1
21796.0,2263.0,0.10766222,2.5446165,0.2124772,2.4126306,17.857363,5.540481,71.523544,1
117.99999,-53.999996,0.9163485,1.3491647,0.31454927,1.1956109,81.85736,-76.20952,135.52354,1
20121.0,-4663.0,0.08671677,2.487126,0.17198543,2.3131952,17.857363,7.040481,71.523544,1
15352.999,-3793.0,0.108345754,1.4738333,-0.040907186,1.7285899,17.857363,-9.709519,71.523544,1
22631.0,1356.0001,0.054013576,2.4910376,0.099014424,2.3412256,17.857363,1.540481,71.523544,1
145.0,87.0,1.9061737,3.6842809,-0.049000926,2.384594,273.85736,125.54048,135.52354,1
25782.0,9633.999,0.295319,2.3970177,0.08054425,2.2758021,17.857363,-9.459519,71.523544,1
11641.0,-7015.0005,0.21126476,0.7019265,-0.32279286,0.93027586,17.857363,-0.20951901,71.523544,1
55.999996,26.0,0.56054616,4.3868394,2.3241153,2.486493,81.85736,9.540481,135.52354,1
8619.0,-3415.0,0.22006714,2.3943303,-0.015908182,2.2347627,17.857363,0.040480983,71.523544,1
22489.0,15876.0,0.37597564,0.014323513,-0.0005963292,0.01737826,17.857363,-0.20951901,-56.476456,1
699.0,-151.99998,0.2066188,0.39706257,0.15258762,0.348576,81.85736,2.790481,135.52354,1
14272.0,4540.0,0.17812744,0.06254987,0.00930295,0.9920692,17.857363,5.540481,71.523544,1
10628.0,-7228.0,0.51880085,2.3601677,0.11861411,2.279553,17.857363,11.540481,71.523544,1
11369.0,-1950.9999,0.20239167,1.5897558,-0.027605295,1.600633,17.857363,5.290481,71.523544,1
11342.0,-232.99998,0.16765963,1.7043355,0.4039978,1.9129184,81.85736,54.79048,71.523544,1
19876.0,-2653.0,0.15217336,1.8363616,-0.26085824,1.9772013,17.857363,-0.20951901,71.523544,1
18860.0,-3174.0,0.11531088,1.9297602,-0.032769375,1.9476694,17.857363,18.790482,71.523544,1
14994.0,-6497.0,0.14111508,2.6098812,-0.028922725,2.664616,81.85736,35.79048,71.523544,1
12416.0,4026.9998,0.2744425,1.9204824,-0.13293856,2.1689405,17.857363,1.540481,71.523544,1
17343.0,-122.0,0.3129362,1.3151133,-0.29531458,1.5110854,17.857363,1.790481,71.523544,1
204.0,32.0,0.19697104,3.9609983,0.3801166,3.6478224,529.85736,422.04047,327.52356,1
13047.0,3872.0,0.18911469,2.3248022,-0.08596886,2.3226428,17.857363,6.540481,71.523544,1
27074.0,5072.0,0.08444671,2.6052225,0.0074316193,2.6434245,17.857363,-0.709519,71.523544,1
19311.0,381.0,0.11595279,1.912966,-0.107382886,2.051066,17.857363,-1.959519,71.523544,1
20530.0,3004.0,0.09481048,2.5504973,-0.029174034,2.6076822,17.857363,-1.959519,71.523544,1
21156.0,4469.0,0.41565207,2.1829464,0.092871,2.1600456,17.857363,-24.709518,71.523544,1
19734.0,1858.0,0.11510167,1.4857862,-0.5012984,1.9451855,17.857363,-1.209519,-56.476456,1
8915.0,-880.0,0.28505853,2.5810587,0.058376722,2.5116668,17.857363,2.290481,71.523544,1
18497.0,-2021.9999,0.101891205,2.1404288,0.14676453,2.176334,17.857363,1.540481,71.523544,1
145.0,-29.000002,0.32701707,3.4733822,-0.37033972,3.8863282,593.85736,158.79048,519.52356,1
272.0,141.0,0.784602,3.6320639,-0.4956962,3.827972,785.85736,-423.70953,775.52356,1
17940.0,2285.0,0.08473248,2.7298105,0.057863705,2.6816525,17.857363,-0.709519,71.523544,1
21535.0,1709.0,0.12556253,2.6039789,0.00482914,2.4579377,17.857363,-0.45951903,71.523544,1
97.99999,-12.999998,0.15362376,3.2404435,-0.20142952,3.1429284,81.85736,-24.709518,135.52354,1
18347.0,-3168.0,0.18571424,1.5737708,-0.016264863,1.5300621,17.857363,-5.959519,71.523544,1
18408.0,-710.00006,0.09094194,2.4767416,0.06706285,2.5610743,17.857363,-8.209519,71.523544,1
16254.999,-1773.9999,0.07212212,2.2959054,-0.038964275,2.1220846,17.857363,-5.209519,71.523544,1
64.99999,1.9999996,1.0505319,2.5343072,-0.43420318,1.9422148,273.85736,152.04048,199.52354,1
16140.0,1861.0001,0.20599079,1.9960363,-0.17576629,2.0800953,17.857363,-7.209519,71.523544,1
9748.0,704.0,0.12113091,2.0611694,-0.07978707,2.1230216,17.857363,-4.459519,71.523544,1
22988.0,-761.0,0.13928056,2.135803,0.27230304,1.8778294,17.857363,0.040480983,71.523544,1
21129.0,2297.0,0.21697986,2.621126,0.031779096,2.631671,81.85736,7.290481,71.523544,1
562.0,80.0,0.15001366,0.4091852,-0.060212947,0.41837496,529.85736,383.54047,199.52354,1
20688.0,3748.0,0.16526318,1.8957531,-0.107418425,2.0220866,17.857363,1.790481,71.523544,1
20724.0,1616.0,0.17829429,2.4395616,0.071784995,2.393506,17.857363,-18.959518,71.523544,1
16772.0,-3225.0,0.07969863,2.5184891,0.04704874,2.5411286,17.857363,1.290481,71.523544,1
315.0,-14.999998,0.06316902,0.5381549,0.07327951,0.6810569,273.85736,14.790481,199.52354,1
22983.0,-424.00003,0.044072762,2.758314,0.05347881,2.7371242,17.857363,3.790481,71.523544,1
17362.0,-1762.9999,0.20967016,2.4031703,-0.12484182,2.2623348,17.857363,-1.209519,71.523544,1
13435.0,6122.0,0.28289127,0.63352996,0.07304719,0.92962736,17.857363,3.790481,71.523544,1
20953.0,-509.0,0.07013201,1.8638127,-0.076633215,1.7156209,17.857363,-1.959519,71.523544,1
20448.0,1969.0,0.08690799,2.4635608,0.017914254,2.4817739,17.857363,-47.70952,71.523544,1
19706.0,-385.0,0.23413144,0.022436896,-0.0039626877,0.033418585,17.857363,-9.209519,71.523544,1
21771.0,-3519.0002,0.1514524,2.0567243,-0.24066737,2.1008868,17.857363,-18.209518,71.523544,1
11134.0,1341.0001,0.13607877,2.7442622,0.0050789327,2.6601062,81.85736,33.54048,71.523544,1
19623.0,1100.0,0.10264388,2.1746414,-0.34329483,2.4912767,17.857363,-2.959519,71.523544,1
11350.0,-9035.0,0.38408405,0.03902034,0.03824753,0.010164667,81.85736,44.04048,71.523544,1
14137.0,1731.0,0.27205184,2.1510751,-0.17104742,2.3556113,17.857363,-1.459519,71.523544,1
449.0,-247.00002,1.2082068,4.78637,0.07933077,3.1734636,785.85736,66.04048,583.52356,1
16970.0,-3847.0002,0.09120017,2.7465296,0.062385935,2.5580125,17.857363,7.040481,71.523544,1
21196.0,1328.0,0.10776745,2.2186553,-0.05842083,2.082614,17.857363,-0.709519,71.523544,1
20971.0,1384.0,0.07345379,2.3954685,0.009229296,2.39634,17.857363,24.040482,71.523544,1
18195.0,3292.9998,0.43540487,1.8874028,-0.13845572,2.0897932,17.857363,-17.709518,71.523544,1
2590.0,921.0,0.53335327,-17.348629,-2.2295332,-17.58707,3708519200.0,366949000.0,3706858500.0,1
39.999996,19.0,0.45816112,2.0832064,-1.071016,2.976051,81.85736,-4.709519,135.52354,1
19019.0,7633.0,0.19145049,2.3841288,0.24732515,2.123249,17.857363,1.540481,71.523544,1
69.99999,-18.999998,0.10717857,2.4731286,0.011251559,2.7404664,145.85736,-207.20952,135.52354,1
20103.0,94.0,0.12245754,1.5717123,-0.006074523,1.5848945,17.857363,1.290481,71.523544,1
901.0,-266.0,0.26427826,3.053347,0.009050374,3.005293,721.85736,-16.709518,647.52356,1
25196.0,4199.0,0.14170927,2.180816,-0.031545892,2.1141381,17.857363,1.790481,71.523544,1
19880.0,974.0,0.20125596,2.4178507,-0.0021704172,2.3083124,81.85736,25.290482,71.523544,1
20796.0,2413.0,0.23871078,0.046310704,0.002610354,0.04305451,17.857363,-1.209519,71.523544,1
24138.0,990.0,0.10272472,2.2796276,0.034520656,2.2498531,17.857363,0.040480983,71.523544,1
27204.998,3696.0,0.17205846,0.0157998,-0.014280528,0.02482884,17.857363,-2.709519,71.523544,1
24317.0,-1415.0,0.056247305,0.017352382,0.006804546,0.013097215,17.857363,2.290481,-56.476456,1
18140.0,3516.0,0.18591613,1.5697625,-0.06631564,1.5396212,17.857363,8.040481,71.523544,1
6185.0,4551.0,1.2081226,0.17004852,-0.24096322,1.0709485,17.857363,-11.459519,71.523544,1
26408.998,1223.0,0.06386534,2.6867378,0.040368788,2.5893974,17.857363,-0.45951903,71.523544,1
20571.0,-2359.0002,0.06425284,1.6373527,0.0094846655,1.6040725,17.857363,-7.209519,71.523544,1
19649.0,-3349.0002,0.09417414,1.589431,-0.2074485,2.0035048,17.857363,-18.209518,71.523544,1
14556.0,-492.0,0.028764563,1.0781634,0.080204934,1.0489725,17.857363,-17.459518,71.523544,1
17448.0,-5536.0,0.09986201,0.040873807,0.012076161,0.034099985,17.857363,3.040481,71.523544,1
22686.0,2915.9998,0.060445584,2.2723444,0.544364,1.7404755,17.857363,-6.959519,71.523544,1
67.99999,-21.999998,0.2475134,4.139642,0.61379457,3.8567455,465.85736,24.540482,391.52356,1
23718.998,-2644.0,0.09761312,1.8003609,-0.075066894,1.9657682,17.857363,-6.459519,71.523544,1
8460.0,-4052.0,0.1633161,2.0042455,-0.1308045,2.1067472,17.857363,2.290481,71.523544,1
22702.0,-1225.0,0.056917448,2.2108152,0.38100383,1.987696,17.857363,-0.20951901,71.523544,1
14895.0,3138.0,0.23311907,1.8806722,-0.42657578,2.1653523,81.85736,-92.45952,135.52354,1
23160.0,368.99997,0.09183892,2.3710873,-0.08880594,2.4636703,17.857363,-4.959519,71.523544,1
25055.0,-727.00006,0.06870447,0.021119395,0.008455373,0.019004751,17.857363,1.540481,71.523544,1
20975.0,-1911.9999,0.20115715,2.660549,-0.10026254,2.6633368,17.857363,7.540481,71.523544,1
21502.0,3036.9998,0.060765762,2.2693212,0.06824467,2.1446743,17.857363,4.290481,71.523544,1
16978.0,13866.0,0.4541879,1.1265118,-0.3799113,1.5218195,17.857363,-12.959519,71.523544,1
21016.0,182.00002,0.17277245,2.1291482,-0.04840388,2.0026531,17.857363,-18.209518,71.523544,1
23067.0,2290.9998,0.5083205,0.023278514,0.0095171705,0.043111254,17.857363,-0.959519,71.523544,1
23585.0,1142.0,0.04679785,2.423372,-0.39087987,2.6539283,17.857363,-1.209519,71.523544,1
20606.0,237.0,0.16701567,1.5450814,-0.053967774,1.3640016,17.857363,-6.459519,71.523544,1
8431.0,-11064.0,0.29922354,1.0363791,-0.016641274,1.1317528,17.857363,-6.709519,71.523544,1
117.99999,-20.000002,0.6539278,3.4248984,1.0422795,2.8787317,721.85736,-755.95953,903.52356,1
17160.0,-939.0,0.12100096,2.0501635,0.4599695,1.8633765,17.857363,-19.209518,71.523544,1
22332.0,-247.00002,0.03146959,2.4502747,0.03824303,2.4487696,17.857363,-3.709519,71.523544,1
20584.0,-772.00006,0.21538404,0.01787881,-0.0016387101,0.014860082,17.857363,0.790481,71.523544,1
17199.0,-1187.0,0.067919664,2.2311113,-0.004301946,2.0294304,17.857363,-5.709519,71.523544,1
20260.0,1022.99994,0.1614821,2.5266278,0.022387695,2.6127977,17.857363,0.790481,71.523544,1
86.99999,-41.000004,0.39393643,3.711838,0.15669729,3.4731288,81.85736,-36.45952,135.52354,1
22226.0,-947.0,0.030539574,0.010217468,-0.00730334,0.010456968,17.857363,-3.459519,71.523544,1
18453.0,-899.0,0.03927043,2.650503,0.118598856,2.5666838,17.857363,-19.209518,71.523544,1
21131.0,-517.0,0.11385298,2.1635053,-0.050597392,2.1791258,17.857363,1.290481,71.523544,1
80.99999,-3.257133e-07,0.07837597,3.0379088,-0.059130557,2.864317,81.85736,-69.95952,71.523544,1
22619.0,4888.0,0.11521941,2.1899421,0.022194272,2.2488208,17.857363,-0.959519,71.523544,1
32.999996,-16.000002,0.2192737,3.1038153,0.39444464,3.1491916,81.85736,-70.70952,135.52354,1
17127.0,-5481.0,0.12066821,1.5450518,-0.07026055,1.5485657,17.857363,1.290481,71.523544,1
19750.0,1606.0,0.12704447,1.9639823,0.058950935,1.951712,17.857363,-2.209519,71.523544,1
16331.0,-4354.0,0.109154165,2.6698678,0.0074219736,2.6929169,17.857363,2.040481,71.523544,1
22421.0,-2408.0002,0.10534445,2.5941355,-0.07363467,2.6565666,17.857363,4.040481,71.523544,1
19482.0,-1193.9999,0.4139623,2.252588,0.23350704,2.266128,17.857363,-16.209518,71.523544,1
27904.0,141.0,0.035141803,0.021067897,-0.0014043931,0.01834147,17.857363,-14.959519,71.523544,1
24576.0,1053.0,0.11282676,2.2627957,0.23146462,2.1130495,17.857363,-0.709519,71.523544,1
10652.0,1087.0,0.38253617,2.465163,0.10391942,2.4461565,17.857363,18.790482,71.523544,1
10556.0,3095.9998,0.20103669,1.3134716,-0.07767489,1.2604226,17.857363,-20.459518,71.523544,1
22310.0,-3485.0,0.074902624,2.5196116,-0.042214833,2.4726787,17.857363,7.040481,71.523544,1
8707.0,-9824.0,0.3001452,1.9935224,-0.013713449,2.1352973,17.857363,0.540481,71.523544,1
20324.0,-1696.0,0.049340412,2.3129098,-0.0058181207,2.2932587,17.857363,4.290481,71.523544,1
6966.0,-5800.0,0.2616367,2.1096346,0.028230442,2.1314178,17.857363,13.540481,71.523544,1
15963.0,-7004.0,0.1847539,0.011079113,-0.007794292,0.0153722055,17.857363,0.790481,71.523544,1
21659.0,-3097.0,0.049202234,2.6215155,-0.1381251,2.6652384,17.857363,-3.959519,71.523544,1
28.999994,1.9999996,0.23570225,2.8792195,-0.06993124,2.5524645,273.85736,-30.459518,135.52354,1
21647.0,-2295.0,0.067306064,2.511574,-0.057186298,2.444993,17.857363,-5.209519,71.523544,1
17985.0,-211.0,0.08213399,2.3028986,-0.051197127,2.3003078,17.857363,-5.959519,71.523544,1
18163.0,-1088.0,0.06585545,2.2397707,-0.02095797,2.2439795,17.857363,1.290481,71.523544,1
934.0,70.0,0.09043882,3.1418066,0.3577977,2.8948708,529.85736,-26.959518,583.52356,1
17766.0,-1224.0,0.137987,2.5733917,0.031267308,2.5772138,17.857363,1.290481,71.523544,1
24132.998,893.99994,0.14516506,2.5079057,-0.13249354,2.6210155,17.857363,-4.459519,71.523544,1
19531.0,-3752.0,0.13948938,0.03970317,0.021516386,0.036157537,17.857363,-5.209519,71.523544,1
22230.0,1127.0,0.066895574,1.9587028,0.48441598,1.6194214,17.857363,-10.459519,71.523544,1
24576.0,6408.0,0.114779174,2.2005718,-0.020117521,2.2486472,17.857363,1.290481,-56.476456,1
19419.0,-3136.0,0.057120487,0.023311416,0.007237349,0.01489966,17.857363,1.540481,-56.476456,1
20610.0,-277.0,0.036150105,2.0268476,-0.07227762,2.1478152,17.857363,8.290481,71.523544,1
19392.0,3411.0,0.22311512,2.2529066,0.033512983,2.182199,17.857363,-0.959519,71.523544,1
17790.0,2848.9998,0.13227856,2.012307,0.001672693,2.0396147,17.857363,7.040481,71.523544,1
11468.0,107.0,0.6389195,0.070142545,0.010641935,0.32941574,17.857363,15.290481,71.523544,1
13289.0,-3584.0,0.21822722,2.5618722,0.013805664,2.490058,17.857363,7.290481,71.523544,1
22672.0,-729.0,0.052208096,2.591328,-0.13039711,2.5321064,17.857363,-0.959519,71.523544,1
21335.0,1904.0,0.14770819,2.1637986,0.097109444,2.2611504,17.857363,1.040481,71.523544,1
2842.0,-1332.9999,0.3256716,0.052198213,-0.02599372,0.05674975,17.857363,-1.209519,71.523544,1
900.0,-108.0,0.13940611,2.885401,-0.118964635,2.9694552,529.85736,-95.70952,583.52356,1
19350.0,-665.00006,0.054038256,2.3827302,-0.033606555,2.5361977,17.857363,-9.709519,71.523544,1
13036.0,1321.0001,0.14761862,0.034092706,-0.027887091,0.07317202,17.857363,-2.709519,71.523544,1
19750.0,-1356.9999,0.10162196,2.495271,-0.14303972,2.378365,17.857363,2.040481,71.523544,1
72.99999,29.0,0.2271823,3.9896984,-0.12009508,3.8074806,81.85736,-9.459519,71.523544,1
9235.0,-8564.0,0.2735635,0.047049325,0.022212153,0.024979997,17.857363,-6.209519,71.523544,1
11130.0,-2100.0,0.31878644,2.512563,0.043550644,2.5186772,17.857363,-16.209518,71.523544,1
22282.0,413.99997,0.38911903,2.7690125,0.085616894,2.6602879,17.857363,4.290481,71.523544,1
22895.0,-2920.0,0.06898149,2.2824285,0.035743672,2.3059406,17.857363,0.540481,71.523544,1
11859.0,519.0,0.22880727,1.2593844,-0.11079899,1.4285048,17.857363,-28.459518,71.523544,1
21732.0,1193.0,0.05498366,2.24279,-0.1515589,2.51483,17.857363,-4.459519,71.523544,1
19700.0,-1221.0,0.09961395,2.358341,-0.22068228,2.5278673,17.857363,1.290481,71.523544,1
19173.0,439.0,0.02383394,2.5008318,-0.025180861,2.4894881,17.857363,7.290481,71.523544,1
16767.0,-773.0,0.14238721,2.6867425,-0.1559093,2.4162455,17.857363,8.040481,71.523544,1
443.0,17.0,0.4888785,0.41010073,-0.16740829,0.84815115,145.85736,15.290481,199.52354,1
15403.0,1258.0,0.0878942,1.9845278,-0.28206053,2.1290512,17.857363,-13.709519,71.523544,1
25296.998,2738.9998,0.11079174,2.7529557,0.02254058,2.7397928,17.857363,0.790481,71.523544,1
50.999996,-2.0000002,0.16865428,3.8926575,0.85804373,3.4551225,81.85736,-97.70952,199.52354,1
25702.0,2694.0,0.13719964,2.7243927,0.40557656,2.2022166,17.857363,-1.459519,-56.476456,1
479.0,95.0,0.1590229,0.6121686,-0.17703809,0.6964578,145.85736,-65.20952,135.52354,1
21527.0,37.0,0.100842565,1.602267,0.38076708,1.1785468,17.857363,9.290481,71.523544,1
24539.0,1761.0001,0.11256256,0.013356964,-2.6028283e-05,0.017060209,17.857363,0.040480983,-56.476456,1
219.0,5.0000014,0.3933922,3.0198388,0.5705637,3.3133988,1297.8574,502.29047,647.52356,1
21.999994,-8.0,0.40463462,2.1535652,-0.3135435,2.4689355,145.85736,53.79048,135.52354,1
19397.0,1117.0,0.12174801,2.4363348,0.21036746,2.3406272,17.857363,2.040481,71.523544,1
14794.0,917.0,0.30235177,2.0047624,-0.012160491,1.9611977,17.857363,4.790481,71.523544,1
12072.0,5853.0,0.2821815,1.5457895,-0.6276032,1.9351877,17.857363,-20.459518,71.523544,1
437.0,-262.00003,0.5014,0.49548605,-0.029611357,0.6427197,145.85736,-7.459519,199.52354,1
17789.0,-3281.0002,0.12410414,1.5439484,-0.042309485,1.9099272,17.857363,-0.959519,71.523544,1
24764.0,-1123.9999,0.030503841,2.200524,-0.12389781,2.4276133,17.857363,0.040480983,71.523544,1
24920.998,-1688.9999,0.037343703,2.4226167,0.0016310777,2.4289508,17.857363,4.540481,71.523544,1
18040.0,563.0,0.11107068,2.548813,0.055885445,2.3253293,17.857363,-3.459519,71.523544,1
500.0,-142.0,1.4020365,4.1077876,-0.16100831,2.653524,1745.8574,997.04047,583.52356,1
21384.0,3221.0,0.07386348,2.308645,0.0688746,2.2557034,17.857363,-1.459519,71.523544,1
16388.0,166.0,0.06731109,2.6492345,-0.042184602,2.6914296,17.857363,-0.45951903,71.523544,1
20214.0,6135.9995,0.15591131,2.0255902,-0.20847417,2.335278,17.857363,3.540481,71.523544,1
15300.999,-3112.0002,0.072800525,1.5517533,0.044067502,1.4107922,17.857363,-0.20951901,71.523544,1
19685.0,2118.0,0.12256019,2.4946692,-0.08104507,2.4778323,17.857363,31.040482,71.523544,1
24.999994,-70.0,0.41298375,3.6536608,0.0056823115,3.567458,81.85736,-488.70953,199.52354,1
21247.0,434.0,0.13297397,0.05390672,0.003564858,0.042793203,17.857363,-21.209518,71.523544,1
16382.999,220.0,0.066710025,2.3882177,-0.3112018,2.5582995,81.85736,7.290481,71.523544,1
19077.0,-2350.0002,0.06620205,2.2612226,-0.2536426,2.4001026,17.857363,7.040481,71.523544,1
18489.0,-542.0,0.1259347,2.6862571,0.017681716,2.4658666,17.857363,-2.959519,71.523544,1
15940.0,-3620.0,0.17929134,2.344145,0.072549306,2.1681652,17.857363,-3.209519,71.523544,1
14890.0,290.0,0.12049551,1.3952324,-0.08940565,1.5456132,81.85736,33.04048,71.523544,1
9372.0,1135.0001,0.15663189,2.3151262,-0.071853004,2.3981614,17.857363,-20.709518,71.523544,1
21820.0,4955.0,0.121759415,2.6138127,0.21216533,2.5159273,17.857363,-1.959519,71.523544,1
17471.0,3504.0,0.19859478,2.1730735,-0.031138644,1.7752107,17.857363,-6.209519,71.523544,1
53.999996,12.0,0.14645612,4.1511216,0.08174519,3.7830253,81.85736,22.540482,135.52354,1
18811.0,-4313.0,0.15067846,2.0051143,-0.018420842,1.9376091,17.857363,5.290481,71.523544,1
17820.0,4244.0,0.19993389,2.7192247,0.72356236,2.3655663,17.857363,-5.709519,71.523544,1
16763.0,2575.0,0.118182376,2.1087372,0.0068909037,1.9997181,17.857363,-6.959519,71.523544,1
13488.0,-4198.0,0.11079823,1.8031924,0.09808868,1.7968181,17.857363,-0.959519,71.523544,1
22578.0,3842.0,0.17864735,1.474107,-0.013202261,1.4166692,17.857363,0.790481,71.523544,1
61.999996,-9.999998,0.10953323,3.0281665,-0.019753635,2.9814188,81.85736,-21.459518,71.523544,1
65.99999,-21.999998,0.11801974,2.7455342,-0.64087677,3.2336602,81.85736,29.290482,71.523544,1
20406.0,1207.0001,0.052521802,0.017437736,0.0068441187,0.018800188,17.857363,-0.45951903,71.523544,1
16604.0,-1513.0,0.18086985,1.0458281,-0.60743374,1.9946727,17.857363,0.540481,71.523544,1
9618.0,-1192.0,0.13806766,1.4893992,-0.17558068,1.6161636,17.857363,8.040481,71.523544,1
699.0,185.0,0.1915542,0.25480154,-0.051230133,0.3853249,81.85736,34.29048,135.52354,1
59.999996,-4.9999986,0.23454408,3.478832,1.0701627,3.1316738,337.85736,293.29047,135.52354,1
536.0,248.0,0.33518612,2.8527849,-1.452336,4.11892,721.85736,-10.959519,647.52356,1
14368.0,865.0,0.1259741,1.013088,-0.12040252,1.6353987,17.857363,-1.459519,71.523544,1
28374.0,4554.0,0.09856459,0.015068333,0.0028879254,0.009728361,17.857363,-22.459518,71.523544,1
27190.0,888.99994,0.057615735,2.2053678,0.09380266,2.1397038,17.857363,0.540481,-56.476456,1
10575.0,2681.0,0.2671412,1.7731626,0.30515987,1.5073003,17.857363,-31.959518,71.523544,1
3345.5522,978.00757,0.6468017,-17.543205,-1.3893337,-17.057484,3708519700.0,-366949060.0,3706859000.0,1
24470.0,2304.0,0.20999865,2.1312616,0.14624862,1.8685035,17.857363,-0.45951903,71.523544,1
21130.0,4965.9995,0.10443164,1.9766052,0.18413271,1.693354,17.857363,-15.209519,71.523544,1
13930.0,-3200.0002,0.10882624,2.2651184,-0.043505743,2.3852544,17.857363,0.540481,71.523544,1
28709.998,5170.0,0.08897099,2.3689606,0.26149836,2.2235317,17.857363,-61.45952,71.523544,1
21620.0,-481.00003,0.09054465,2.249469,-0.07850904,2.0676007,17.857363,-1.709519,71.523544,1
57.999996,-39.0,0.39817935,3.9132571,-0.41400054,3.681993,785.85736,387.04047,1031.5236,1
18542.0,2967.9998,0.09011121,0.9841164,0.08848129,1.1714696,17.857363,-5.709519,71.523544,1
20670.0,-16.999998,0.08486942,1.8734648,-0.013385095,1.9132689,17.857363,-1.459519,-56.476456,1
3777.0,2222.0,0.36207852,2.4205945,-0.026804313,2.2960224,145.85736,9.540481,199.52354,1
487.0,-161.0,0.33577472,0.96373636,0.26060295,0.9641742,145.85736,25.040482,327.52356,1
19620.0,2622.0,0.13076304,1.9956996,0.09055016,2.0328236,17.857363,-12.459519,71.523544,1
13697.0,-2116.0,0.16741508,2.2431476,-0.10349771,2.3000035,17.857363,-6.209519,71.523544,1
5334.0,-7062.0,0.3451311,0.14956503,0.04138392,0.25780672,81.85736,7.040481,71.523544,1
14991.0,-8176.0,0.15888225,2.102609,0.17045197,2.1275578,17.857363,5.790481,71.523544,1
17128.0,-3250.0002,0.15567575,2.3601582,0.009139662,2.3348484,17.857363,-18.959518,71.523544,1
21707.0,-2736.0002,0.11793253,2.1740015,0.0030046592,2.155892,17.857363,-4.709519,71.523544,1
23623.0,2154.0,0.101636186,0.019600192,0.0076928423,0.015817095,17.857363,2.040481,-56.476456,1
3797.4475,1565.9532,1.7062039,-16.79559,-0.29277173,-16.530788,3708519200.0,-366949120.0,3706858500.0,1
20142.0,-3366.0,0.17559929,2.7177851,0.06402138,2.5052376,17.857363,0.790481,71.523544,1
21438.0,34.0,0.100045405,2.5197885,-0.048347607,2.2894225,17.857363,0.040480983,71.523544,1
3280.5525,881.0076,0.64432317,-16.804363,2.719611,-17.68302,3708519400.0,366949100.0,3706858500.0,1
27007.0,-1058.0,0.044415615,2.3352745,0.35579932,1.9403218,17.857363,-0.959519,-56.476456,1
40.999996,-61.999996,0.41793793,3.7876856,-0.5097133,4.0556927,81.85736,-13.459519,135.52354,1
21525.0,-4518.0,0.07453597,2.257734,-0.052822173,2.2909098,17.857363,2.290481,71.523544,1
20374.0,-3035.0,0.17157677,1.988879,0.058102842,1.9332079,17.857363,-0.959519,-56.476456,1
18990.0,227.0,0.06573035,2.5546243,0.026825964,2.5386157,17.857363,19.790482,71.523544,1
13819.0,-1499.9999,0.09226312,0.8629549,-0.14512856,0.98974127,17.857363,-9.459519,71.523544,1
3293.5525,916.0076,1.3894497,-14.954341,2.1731975,-17.312263,3708519400.0,-366949020.0,3706858500.0,1
18047.0,2940.0,0.10772791,2.3067462,-0.16117111,2.402617,17.857363,-1.709519,71.523544,1
23530.0,2216.0,0.08211578,2.584215,0.26990548,2.3464155,17.857363,-6.709519,71.523544,1
62.999996,-4.0000005,0.19822596,3.1118934,-0.71736866,3.4912307,81.85736,-335.70953,199.52354,1
13307.0,-369.0,0.24608052,1.8794563,0.07809091,1.8001755,17.857363,2.040481,71.523544,1
308.0,89.0,0.19031212,3.400423,-0.20461597,3.4176013,337.85736,258.79047,135.52354,1
27699.0,4769.0,0.26306164,0.029249946,-0.052478947,0.04962151,17.857363,-28.459518,71.523544,1
19853.0,948.0,0.15736069,1.4695399,0.051599488,1.4078058,17.857363,-1.709519,71.523544,1
28520.0,2529.9998,0.056834906,2.7649148,0.022208672,2.7274008,17.857363,-1.709519,71.523544,1
24129.0,2695.0,0.119989544,1.9172027,0.117457494,1.820247,17.857363,-5.959519,71.523544,1
76.99999,5.0000014,0.24942942,4.0847983,0.59588456,3.9113317,145.85736,104.29048,199.52354,1
34.999996,6.9999995,0.49456045,2.6910555,0.51757944,2.3263407,81.85736,-7.959519,135.52354,1
18192.0,-2145.0,0.123336196,2.4064653,0.22684692,2.506125,17.857363,7.040481,71.523544,1
25.999994,-3.257133e-07,1.1502062,2.7139494,-0.47555876,3.5378835,145.85736,96.54048,327.52356,1
23529.0,12928.999,0.27385387,2.5082347,-0.22571665,2.517107,17.857363,-17.709518,71.523544,1
23363.0,2169.0,0.08539021,0.030331412,-9.141458e-05,0.02912419,17.857363,-2.959519,71.523544,1
450.0,-38.000004,0.39786693,2.743329,0.050559726,2.6485786,1233.8574,-135.70952,1287.5236,1
17961.0,-1013.00006,0.07774478,1.3277586,-0.097532675,1.3230647,17.857363,2.540481,71.523544,1
19249.0,12580.0,0.3324977,2.5864542,0.013041697,2.5849562,81.85736,7.040481,71.523544,1
23218.0,-319.00003,0.033075586,0.019964496,0.0034450276,0.020575453,17.857363,4.290481,71.523544,1
19362.0,-2835.0002,0.17302726,2.5158093,-0.09743731,2.5756793,17.857363,12.790481,71.523544,1
19795.0,5602.0,0.11850496,2.54905,0.096198864,2.4137664,17.857363,1.290481,71.523544,1
348.0,60.0,0.09545716,0.76759416,0.041845344,0.74742264,145.85736,-9.709519,199.52354,1
10813.0,315.0,0.16742578,2.533964,-0.15004893,2.5744214,81.85736,-8.209519,71.523544,1
21301.0,-1043.0,0.032811902,2.626219,0.041712318,2.6060276,81.85736,38.79048,71.523544,1
19623.0,10195.0,0.29748702,2.4148118,-0.047794312,2.6072178,17.857363,8.040481,71.523544,1
16993.0,-1404.0,0.1141551,1.172231,0.08005286,1.228568,81.85736,-2.709519,71.523544,1
22238.0,1542.0,0.06843564,2.668318,0.00045007872,2.6857805,17.857363,6.040481,71.523544,1
28946.0,866.99994,0.090406574,0.009879868,-0.0039815414,0.013860632,17.857363,0.540481,71.523544,1
23333.0,2439.9998,0.114988044,1.9387314,-0.022431292,1.9746422,17.857363,-0.959519,71.523544,1
23002.0,-2926.0,0.060446035,2.4939888,-0.021764494,2.5036907,17.857363,9.790481,71.523544,1
266.0,-14.999998,0.20227502,3.2615945,-0.14611784,3.618338,721.85736,-111.20952,647.52356,1
14532.0,-1187.9999,0.16454865,1.0245354,-0.5124589,1.6381229,17.857363,-9.709519,71.523544,1
568.0,417.0,1.2835214,5.1357074,0.34143353,4.415086,465.85736,163.29048,199.52354,1
24022.0,6373.9995,0.1634391,1.4537966,0.005898964,1.3718628,17.857363,-0.709519,71.523544,1
12279.0,-1683.0,0.13473547,0.060845654,0.010037035,0.066648886,17.857363,0.540481,71.523544,1
345.0,64.0,0.6645133,0.23748569,-0.6871305,0.7584104,145.85736,15.790481,135.52354,1
14917.0,-1443.0,0.12662956,2.012461,0.04798606,1.9886626,17.857363,-0.959519,71.523544,1
9849.0,-12566.0,0.30113977,0.023684302,0.01293079,0.013060499,17.857363,1.290481,71.523544,1
14135.0,-5167.0,0.18125232,2.5012472,-0.24345616,2.5869746,17.857363,6.040481,71.523544,1
20721.0,2023.0,0.31972355,2.1899688,-0.08515532,2.1695523,17.857363,-0.20951901,71.523544,1
9240.0,-3872.0,0.17619258,1.7815163,-0.25990635,2.0169325,17.857363,0.790481,71.523544,1
21448.0,-727.00006,0.069368124,0.025670806,-0.006736086,0.027671743,17.857363,-0.959519,-56.476456,1
697.0,6.9999995,0.3318264,0.12200192,-0.18106413,0.33269113,81.85736,8.290481,135.52354,1
21140.0,3867.9998,0.097493105,0.041958135,0.0104695475,0.03369801,17.857363,7.540481,71.523544,1
22449.0,643.0,0.094226256,1.8523023,-0.14884883,1.8127335,17.857363,-9.209519,71.523544,1
21034.0,1404.0001,0.11924972,2.1758006,-0.36063057,2.2915874,17.857363,-0.959519,71.523544,1
22879.0,-475.00003,0.039803766,2.3528817,0.0015683084,2.2096977,17.857363,0.790481,71.523544,1
17935.0,-1641.0,0.0675714,1.039809,0.030121574,1.5444511,17.857363,0.790481,71.523544,1
20823.0,57.0,0.08169395,2.0613716,0.05092901,1.9817923,17.857363,8.540481,71.523544,1
18041.0,9445.0,0.3236179,0.07443217,-0.04944758,0.06948988,17.857363,-0.20951901,71.523544,1
22022.0,9141.0,0.2359923,2.0059087,0.036626797,1.9708003,17.857363,-0.709519,71.523544,1
20794.0,3799.9998,0.17767194,1.962568,0.43733308,1.8544081,17.857363,-1.959519,71.523544,1
30.999994,1.9999996,0.47820014,2.9845624,-0.08031511,3.2876666,81.85736,1.540481,135.52354,1
14237.0,-413.00003,0.049188472,1.134454,0.076306194,1.012721,81.85736,50.54048,71.523544,1
19914.0,-4110.0,0.1096977,2.3817914,-0.08965027,2.4927297,17.857363,0.540481,71.523544,1
15092.0,4677.0,0.20434691,1.0785577,0.032548435,1.1156381,17.857363,20.040482,71.523544,1
17190.0,-2643.0,0.075780965,2.0327013,0.30028108,1.6108674,17.857363,-19.209518,71.523544,1
24454.0,4872.0,0.0939188,2.4870393,-0.10828262,2.4455166,17.857363,2.790481,71.523544,1
19644.0,2235.0,0.18419796,2.583679,0.1765724,2.486669,17.857363,-0.20951901,71.523544,1
20596.0,-1986.9999,0.08642168,2.292277,4.1097723e-05,2.3233762,17.857363,0.040480983,71.523544,1
118.99999,-38.000004,0.54388833,4.1021047,1.2140218,3.2160466,593.85736,-82.70952,519.52356,1
10531.0,5972.0,0.320975,0.072994985,-0.023809042,0.05060332,17.857363,1.290481,71.523544,1
7799.0,-13553.0,0.32562685,2.1864645,-0.022670772,2.2401385,17.857363,4.290481,71.523544,1
23705.0,1657.0001,0.2179799,2.5223467,0.045436114,2.43264,17.857363,2.290481,71.523544,1
19214.0,-3281.0002,0.06328385,1.475033,0.09979661,1.7561783,17.857363,-4.459519,71.523544,1
21090.0,11560.0,0.27348667,2.5851715,0.20567514,2.402845,17.857363,-6.709519,71.523544,1
745.0,362.99997,0.4976895,0.20749407,-0.20474616,0.32324928,81.85736,14.790481,71.523544,1
9523.0,-9711.0,0.25177574,1.9983375,-0.29245687,2.1502843,17.857363,-1.459519,71.523544,1
25059.0,2377.0,0.054895837,2.7424624,0.17590003,2.6704187,17.857363,2.040481,71.523544,1
20086.0,-2866.0,0.111884944,2.4214718,0.03560265,2.3874688,17.857363,-4.209519,71.523544,1
18960.0,380.0,0.020265715,2.5768964,-0.015342772,2.5232806,17.857363,1.790481,71.523544,1
18691.0,-4723.0,0.15912332,2.1875384,-0.107914425,2.2644958,17.857363,4.290481,71.523544,1
14496.0,-5018.0,0.13030663,1.953263,0.1036941,2.0788074,17.857363,-3.459519,71.523544,1
654.0,269.0,0.19867161,0.3370655,-0.18282197,0.45773357,145.85736,66.04048,135.52354,1
17589.0,-3201.0002,0.076835155,2.3920538,-0.028629392,2.2157907,17.857363,2.040481,71.523544,1
14671.0,-5006.0,0.33665302,0.02023677,-0.015603006,0.038448263,17.857363,-9.209519,71.523544,1
5499.0,-2311.0,0.30138755,2.319939,1.0052876,1.6779937,17.857363,3.790481,71.523544,1
15704.0,-694.0,0.1301141,1.9275477,-0.016759358,1.9180979,17.857363,-2.959519,-56.476456,1
15666.0,-4888.0,0.10552373,2.0097296,-0.079973206,2.1026254,17.857363,4.040481,71.523544,1
22685.0,-213.99998,0.070026316,0.036037724,0.008308303,0.029204298,81.85736,35.04048,71.523544,1
17635.0,-1489.0,0.15816681,2.1217735,0.124740854,2.1257682,17.857363,5.790481,71.523544,1
21130.0,-1499.9999,0.31756538,0.01777629,0.00477754,0.022198606,17.857363,1.540481,71.523544,1
21454.0,-3419.0002,0.15175134,0.016480247,0.0024789388,0.020776201,17.857363,0.040480983,71.523544,1
22657.0,-728.0,0.7899955,1.9332702,0.1651619,1.896293,17.857363,-26.709518,199.52354,1
21554.0,-1936.9999,0.22024806,1.5686066,-0.033987984,1.0504473,17.857363,-6.709519,71.523544,1
132.0,5.0000014,0.05330018,3.0556672,0.23851688,3.0310614,81.85736,71.04048,71.523544,1
23175.0,-1618.9999,0.07186884,2.3566668,-0.12421345,2.4052176,17.857363,0.790481,-56.476456,1
2526.0,-2731.0,0.290897,0.1587532,0.030136416,0.11287968,17.857363,-0.45951903,71.523544,1
16642.0,-5049.0,0.13567069,1.8323781,-0.2567108,2.093267,17.857363,-0.959519,71.523544,1
20457.0,-2326.0,0.0768406,2.033519,-0.1515254,2.167004,17.857363,0.040480983,71.523544,1
24778.998,3621.9998,0.57642174,1.5701377,-0.28600603,1.9627308,17.857363,-5.209519,71.523544,1
625.0,598.99994,0.91960907,0.22918873,-3.1683934,1.557012,145.85736,2.540481,199.52354,1
7782.0,-4046.0,0.1980795,1.9371884,-0.01545893,2.0360026,17.857363,3.540481,71.523544,1
20351.0,1771.0001,0.111249,2.714996,0.1052489,2.663496,17.857363,1.290481,71.523544,1
9796.0,5287.0,0.47669458,2.2088244,0.28888834,2.2107596,17.857363,-1.709519,71.523544,1
24161.0,812.0,0.112084396,0.023050109,0.0066866367,0.023319174,17.857363,2.290481,71.523544,1
18939.0,-1786.0,0.07310867,2.491635,-0.31412578,2.6467614,17.857363,-68.20952,71.523544,1
22080.0,-1445.9999,0.055924613,2.3190334,0.07881253,2.3489704,17.857363,-13.209519,71.523544,1
143.0,-83.0,0.28605786,2.7309642,-0.14297096,3.0522988,337.85736,-566.70953,583.52356,1
20262.0,3158.0,0.08706793,1.4564269,0.04158712,1.4911655,17.857363,1.040481,71.523544,1
14598.0,-3488.0002,0.13358572,1.9468987,0.014904666,1.8858026,17.857363,-2.959519,71.523544,1
12037.0,4718.0,0.24765672,0.10862283,-0.01919702,0.078216955,17.857363,-3.459519,71.523544,1
21324.0,89.0,0.03975462,1.9470575,-0.059594683,2.2769723,17.857363,6.790481,71.523544,1
16906.0,-1080.0,0.17733455,1.3619921,0.030996881,1.5340604,17.857363,-14.709519,71.523544,1
6330.0,-2291.0,0.30252972,2.2573144,-0.07431436,2.2503963,17.857363,-4.709519,71.523544,1
15877.999,-6142.0005,0.13198337,2.6803286,-0.022035569,2.6781802,17.857363,-4.459519,71.523544,1
21788.0,-123.0,0.08000357,1.6033952,-0.025894616,1.7792267,17.857363,-7.959519,71.523544,1
17307.0,-2501.0,0.16836838,2.41625,0.046972238,2.393271,17.857363,9.290481,71.523544,1
23263.0,1095.0,0.2695179,2.1842506,0.038824573,1.8690118,17.857363,3.540481,71.523544,1
24201.0,2637.9998,0.13443655,2.012606,0.110611655,1.9803904,17.857363,11.790481,71.523544,1
15987.999,1145.0001,0.04610151,2.5953915,-0.09293378,2.5888162,81.85736,13.790481,71.523544,1
78.99999,33.0,0.40862522,3.9365666,0.6876796,3.837574,337.85736,-239.45952,327.52356,1
70.99999,-1.0000004,0.4411731,2.7569246,-0.17841151,3.0850325,81.85736,-4.959519,135.52354,1
10153.0,2469.0,0.19281468,0.09172086,-0.88577604,0.9245886,17.857363,3.540481,71.523544,1
13690.0,-1673.0,0.15264897,1.6373107,0.065783106,1.4750603,17.857363,2.540481,71.523544,1
16928.0,-7199.0,0.13762066,2.1641042,-0.0053662877,2.1576505,17.857363,0.790481,71.523544,1
12139.0,2086.0,0.20814472,1.6274502,0.14074521,1.7905663,17.857363,-2.209519,71.523544,1
14185.0,7506.0,0.601629,2.6314428,0.1969607,2.4690409,17.857363,-24.709518,71.523544,1
20823.0,-1126.0,0.7843213,1.8552454,-0.1027739,1.6075515,17.857363,5.540481,71.523544,1
26275.998,2122.0,0.033591375,2.5932157,0.02278491,2.5722494,17.857363,-0.45951903,71.523544,1
11339.0,2175.0,0.30101994,1.1807983,0.025838302,1.0954899,81.85736,28.790482,71.523544,1
22735.0,1421.0,0.0428939,0.016293803,0.0061828797,0.015334535,17.857363,1.040481,-56.476456,1
19691.0,-726.0,0.13876365,2.5642927,-0.16459967,2.6998086,17.857363,-8.209519,71.523544,1
22796.0,552.0,0.07700974,2.5353854,0.07391777,2.5613914,17.857363,-2.209519,71.523544,1
13432.0,-760.0,0.15818548,1.8673618,-0.16478443,2.0503278,17.857363,1.290481,71.523544,1
19478.0,-1122.9999,0.04946914,2.6750462,0.04762681,2.7468984,17.857363,1.790481,71.523544,1
16619.0,-190.0,0.08613019,1.0634849,-0.1055492,1.1041254,81.85736,-44.20952,71.523544,1
21834.0,2979.0,0.10006019,2.4786808,0.18360123,2.268218,17.857363,-9.209519,71.523544,1
18946.0,5088.0,0.63182986,0.035720628,0.0073156,0.090078756,17.857363,-3.959519,71.523544,1
20825.0,1366.0001,0.06194447,2.724796,-0.060699664,2.708544,17.857363,9.790481,71.523544,1
17170.0,11187.0,1.5667946,2.3843997,0.028368706,3.0322099,17.857363,-74.95952,391.52356,1
18592.0,-266.0,0.099689424,0.027113238,-0.0120570585,0.02669089,17.857363,-0.45951903,71.523544,1
17095.0,-1454.0,0.11414476,2.2078717,-0.026198301,2.4785895,17.857363,-1.959519,71.523544,1
14620.0,-1193.9999,0.11316801,1.7890294,-0.06252979,1.9231027,17.857363,-1.209519,71.523544,1
15734.0,-3816.0002,0.15308928,1.5828264,-0.1110361,1.684193,17.857363,-14.459519,71.523544,1
13055.0,1262.0001,0.09535238,0.1100686,0.04291234,0.08878033,81.85736,21.290482,71.523544,1
16408.0,4294.0,0.84917516,1.6136544,-0.06081727,1.4062623,17.857363,-8.209519,135.52354,1
14975.0,-171.0,0.12613848,2.352677,-0.11663561,2.5100107,17.857363,-5.959519,71.523544,1
19090.0,-2296.0,0.10728603,2.2561367,0.011283033,2.3029852,17.857363,3.540481,71.523544,1
24.999994,15.000001,0.39517778,1.514303,-0.056647643,1.6493558,81.85736,-48.95952,135.52354,1
20070.0,-367.00003,0.11042803,0.015586655,-0.0074263136,0.015781809,17.857363,-1.459519,-56.476456,1
446.0,124.0,0.29233494,0.64335567,0.06967234,0.5313911,145.85736,21.790482,135.52354,1
15679.999,851.99994,0.08828251,2.5450232,0.058236733,2.5130992,145.85736,125.04048,71.523544,1
152.0,49.0,0.32047874,2.8011649,-0.87696934,3.175455,849.85736,641.54047,647.52356,1
22085.0,-324.0,0.02870685,0.04625539,0.0076378486,0.03570359,17.857363,6.540481,71.523544,1
12668.0,3783.0,0.25562125,1.0038135,0.079457566,1.0724057,81.85736,-65.95952,135.52354,1
15179.0,-1539.0,0.088190265,2.1760886,0.118279845,2.119072,17.857363,-3.709519,71.523544,1
20466.0,-1305.0,0.08684113,2.7192338,-0.039339323,2.71506,17.857363,-6.459519,71.523544,1
32.999996,-45.000004,0.38869807,3.5936575,-0.035844352,3.5914958,81.85736,-44.45952,199.52354,1
21359.0,-679.0,0.14844523,1.473037,-0.058583684,1.415665,17.857363,5.790481,71.523544,1
17167.0,-2459.0002,0.09772602,2.433355,-0.009145731,2.5457902,17.857363,0.040480983,71.523544,1
12001.0,-597.0,0.13601318,0.99979717,0.006600958,1.0142249,17.857363,-9.709519,71.523544,1
16298.999,-2745.0002,0.6035744,2.796622,0.1990087,3.0692015,17.857363,-13.459519,135.52354,1
15738.999,-52.000004,0.19331428,1.0632217,0.026967518,1.0976895,17.857363,-0.709519,71.523544,1
2683.0,-6938.0,0.44095317,0.13283662,0.09410352,0.07768719,17.857363,2.790481,71.523544,1
21276.0,-176.0,0.06961022,0.02181367,-0.004272468,0.022303034,17.857363,-2.709519,71.523544,1
17882.0,-1880.0,0.106357105,2.4433448,-0.109985285,2.5209231,17.857363,25.540482,71.523544,1
19754.0,4579.0,0.11465911,2.4694011,0.26786083,2.1355495,17.857363,-0.959519,71.523544,1
25473.0,199.0,0.2222085,0.0031559863,-0.0139395185,0.013989855,17.857363,-5.959519,71.523544,1
17830.0,-929.0,0.119733445,1.9918749,0.020548938,2.13593,17.857363,-1.459519,71.523544,1
15518.999,-4485.0,0.10847439,2.2274544,-0.019865055,2.091782,17.857363,-1.459519,71.523544,1
14488.0,-5257.0,0.13073255,2.1404998,-0.15871787,2.2062492,17.857363,-0.709519,71.523544,1
16039.999,2102.0,0.18594752,2.628896,0.0026132038,2.6507359,17.857363,-0.709519,71.523544,1
12169.0,1692.0001,0.32224724,0.24554567,0.01981789,0.5061526,273.85736,88.29048,327.52356,1
16491.0,3899.9998,0.59708947,0.98343974,0.46616352,0.6274089,17.857363,-18.959518,71.523544,1
14868.0,2515.0,0.18716513,1.9236767,-0.36780638,2.09688,17.857363,-15.709519,71.523544,1
20585.0,2805.0,0.116937034,2.599621,0.15805723,2.5349965,81.85736,66.29048,71.523544,1
18835.0,2528.0,0.124103054,1.596751,0.021429697,1.4807042,17.857363,-9.959519,71.523544,1
17466.0,-1484.0,0.07657913,1.7916868,-0.20323014,1.9497875,17.857363,24.540482,71.523544,1
23.999994,-8.0,0.14040096,3.3349624,-0.8800558,3.7342064,81.85736,-5.959519,199.52354,1
251.0,-107.0,0.16466323,3.3436058,0.032637578,3.4217222,529.85736,-356.45953,775.52356,1
12649.0,-10472.0,0.6266284,2.2253573,-0.07747286,2.520702,17.857363,7.790481,71.523544,1
15264.0,3251.0,0.27306244,2.1054661,-0.1860667,2.2530808,17.857363,-0.709519,71.523544,1
7664.0,-5055.0,0.24407269,2.081958,-0.1877067,2.2593703,17.857363,14.290481,71.523544,1
249.0,-25.999998,0.24517505,3.3061488,-0.30626622,3.3795478,337.85736,-146.45952,391.52356,1
21281.0,3400.0,0.097008586,2.6110399,0.09616886,2.5396113,17.857363,19.540482,71.523544,1
45934.0,12514.0,0.13362503,2.1091578,0.14404672,2.0661392,17.857363,18.290482,71.523544,1
20358.0,1511.0,0.18015671,2.1356022,0.03772062,2.2278771,17.857363,15.790481,71.523544,1
6598.0,-4643.0,0.36071068,0.17582111,0.06972518,0.2752599,81.85736,42.04048,71.523544,1
21926.0,-130.99998,0.05701371,2.4613273,-0.057317786,2.5092373,81.85736,13.540481,71.523544,1
20428.0,-1326.9999,0.29519796,2.0265415,0.088814095,2.0758367,17.857363,23.040482,71.523544,1
251.0,58.999996,0.17307673,2.8134003,-0.24639213,2.9567165,81.85736,-15.709519,71.523544,1
21305.0,-271.0,0.08536246,2.4123976,-0.11804267,2.428646,17.857363,-33.20952,71.523544,1
14363.0,10326.0,0.6921054,0.06506852,-0.16772062,0.18295376,17.857363,1.290481,71.523544,1
12684.0,540.0,0.09998771,0.0599554,-0.0042011547,0.056765486,17.857363,8.290481,71.523544,1
20114.0,5732.0,0.1231372,0.01620082,-0.0190893,0.026750017,17.857363,-1.459519,71.523544,1
17322.0,3991.0,0.12661423,1.522012,0.5782279,1.0910167,17.857363,-18.209518,71.523544,1
24765.0,2565.0,0.04352595,2.3112648,0.03001852,2.2247396,17.857363,-149.95952,71.523544,1
25626.0,-1192.0,0.11752386,2.2133753,-0.08650508,2.2870383,17.857363,-2.209519,71.523544,1
19721.0,-6400.0005,0.1251514,0.012136738,-0.0030498744,0.017084528,17.857363,-5.959519,71.523544,1
8525.0,-5063.0,0.3326882,1.6017015,-0.058451958,1.9219879,17.857363,-7.459519,71.523544,1
19791.0,-1107.9999,0.16417493,2.6909373,0.046903346,2.6479034,17.857363,2.290481,71.523544,1
23341.0,7550.0,0.31958377,2.0826604,-0.07444097,1.9592637,17.857363,-1.459519,71.523544,1
14187.0,2982.0,0.16812351,1.9803274,-0.01997909,2.0697474,17.857363,10.040481,71.523544,1
11999.0,-2304.0,0.118089326,0.20413713,0.07775992,0.15882818,81.85736,66.79048,71.523544,1
15261.0,270.0,0.23067491,2.1800683,0.07957564,2.2060647,17.857363,9.790481,71.523544,1
23334.0,2122.0,0.09292195,2.4808495,0.041029,2.4831967,17.857363,-7.209519,71.523544,1
15152.0,4586.9995,0.69885564,2.2564313,0.48562825,1.8196195,17.857363,-9.209519,71.523544,1
21481.0,2585.0,0.0759882,2.5923889,-0.09659391,2.6676154,81.85736,6.540481,71.523544,1
1699.0,643.0076,0.5649183,-16.831839,2.2705739,-16.953709,3708519200.0,366949020.0,3706858500.0,1
21591.0,2527.0,0.050796486,2.4344637,0.078320414,2.4835944,17.857363,-5.709519,71.523544,1
14227.0,-8093.0,0.18270586,0.997372,-0.3216891,1.5732349,17.857363,4.290481,71.523544,1
13480.0,229.0,0.12188443,2.5656798,-0.13630347,2.6219525,17.857363,-1.209519,71.523544,1
46.999996,28.0,0.59973603,3.6224027,-0.16474114,3.3397787,465.85736,326.54047,199.52354,1
12.999994,-10.999998,0.295804,1.8919957,-0.4319394,2.1755447,81.85736,-66.45952,71.523544,1
17509.0,-717.0,0.17278944,0.022187987,0.008560642,0.014399935,17.857363,4.790481,71.523544,1
15062.0,-2690.0,0.16781569,0.02281312,-0.004128318,0.028281141,17.857363,1.040481,71.523544,1
478.0,-135.0,0.15494165,0.34602335,-0.2146653,0.4010796,145.85736,-128.45952,199.52354,1
21944.0,4769.0,0.14314748,2.486542,0.017921267,2.5436635,17.857363,-0.709519,71.523544,1
2450.0,-4989.0,0.6571782,0.10799865,0.035277877,0.05118935,17.857363,1.290481,71.523544,1
19403.0,603.99994,0.084612675,2.6562612,0.14569259,2.4035058,17.857363,-0.709519,71.523544,1
10821.0,1715.0,0.20767663,1.6557195,0.12502053,1.6001948,17.857363,-13.709519,71.523544,1
20949.0,473.0,0.108968064,2.2022274,-0.26273263,2.3866386,17.857363,-4.209519,71.523544,1
147.0,-77.0,0.25461173,4.5836253,0.8776135,4.3823986,465.85736,-238.95952,583.52356,1
19470.0,-2246.0,0.075689316,2.4751046,-0.076484926,2.5239782,17.857363,3.790481,71.523544,1
8018.0,-373.0,0.074466586,1.9755809,0.019355068,1.8438848,17.857363,8.790481,71.523544,1
15762.999,3134.9998,0.179938,1.7618053,-0.602891,2.390843,17.857363,-2.959519,71.523544,1
21420.0,-2993.0002,0.086655416,2.2786887,-0.13134615,2.3728256,17.857363,2.040481,71.523544,1
20398.0,-388.00003,0.039509244,2.8080337,0.4173073,2.6006303,17.857363,-0.20951901,71.523544,1
20807.0,2354.0,0.05984841,2.5060318,-0.1238933,2.6305332,17.857363,-1.209519,71.523544,1
16072.0,2265.9998,0.3059201,2.0373724,-0.060039416,2.0529408,17.857363,0.540481,71.523544,1
14821.0,1093.0001,0.09298731,1.6127903,-0.40047172,1.9060196,81.85736,55.54048,71.523544,1
23146.0,-793.0,0.19756156,2.4973052,-0.0004967131,2.4614658,17.857363,10.540481,71.523544,1
22892.0,214.0,0.06896812,2.6256316,0.07883781,2.5348206,17.857363,-5.209519,71.523544,1
15246.0,3822.0,0.1651719,2.2534974,0.34615812,1.9368399,17.857363,-2.959519,71.523544,1
18170.0,529.0,0.16970517,2.2578547,0.18505381,2.2206564,17.857363,-1.459519,-56.476456,1
19550.0,36.0,0.028009387,2.691448,-0.074200645,2.768099,17.857363,-1.459519,71.523544,1
5639.0,-312.0,0.07794933,2.417597,0.03308808,2.3865056,17.857363,-40.20952,71.523544,1
22299.0,287.0,0.074348405,2.7289577,0.35518444,2.5489445,17.857363,-6.209519,71.523544,1
11704.0,3818.9998,0.1713476,2.4824588,0.16293615,2.4440303,17.857363,11.040481,71.523544,1
6713.0,-253.99998,0.17246012,0.29016903,-0.14016181,0.38902658,17.857363,15.290481,71.523544,1
19972.0,-1001.99994,0.059834264,1.9054224,0.028371895,1.8880771,17.857363,6.040481,71.523544,1
16489.0,-2215.0,0.14100409,1.9480808,-0.11755317,1.9584373,17.857363,0.790481,71.523544,1
21417.0,3163.9998,0.09041566,2.599325,0.056309402,2.5828743,17.857363,-6.709519,71.523544,1
18145.0,2603.0,0.12146989,0.02675561,-0.020044673,0.038292814,17.857363,-8.959519,71.523544,1
20449.0,-682.0,0.22129418,2.470794,-0.00672836,2.5240679,17.857363,3.040481,71.523544,1
20842.0,2728.9998,0.05795575,2.5182912,0.14063406,2.4558983,17.857363,-0.45951903,71.523544,1
16999.0,-4417.0,0.11538925,0.038399022,0.009730778,0.02756207,17.857363,1.290481,71.523544,1
26329.998,-493.0,0.09948885,0.021765986,0.0025687835,0.021784712,17.857363,16.040482,71.523544,1
19962.0,1038.0,0.04551074,1.3473246,0.04782229,1.3064364,17.857363,0.540481,71.523544,1
22579.0,345.0,0.04985053,2.4924724,-0.08672687,2.5356069,17.857363,-5.959519,71.523544,1
28086.0,1414.0001,0.21785368,2.5237858,0.33665404,1.9859618,17.857363,-2.209519,71.523544,1
26196.998,997.99994,0.061900806,0.027760306,0.007004212,0.023116995,17.857363,-16.209518,71.523544,1
24889.0,-2831.0,0.04089421,2.8515062,0.02671981,2.8390827,17.857363,1.790481,71.523544,1
22302.0,-2901.0,0.08203488,2.743322,0.088768214,2.605785,17.857363,18.790482,71.523544,1
24879.998,-2166.0,0.04664913,0.013060371,0.0007584676,0.014116693,17.857363,-1.209519,-56.476456,1
14346.0,-544.00006,0.0909861,2.1519797,-0.09798483,2.216589,17.857363,-0.959519,71.523544,1
94.99999,11.0,0.2750747,4.0822287,0.54469436,3.7366257,273.85736,-115.45952,199.52354,1
25534.0,808.0,0.19732259,0.011310856,-0.0063938475,0.015100408,17.857363,-6.459519,71.523544,1
19365.0,-449.00003,0.107429124,2.150976,0.041541968,2.0492897,17.857363,4.790481,71.523544,1
21290.0,6390.0,0.17668976,1.8427136,-0.3666957,2.160819,17.857363,-21.209518,71.523544,1
126.99999,44.0,0.43385306,2.202885,-1.1596416,3.054976,1041.8574,507.54047,519.52356,1
21875.0,4802.0,0.1147453,2.5527246,-0.16044866,2.5257792,17.857363,-9.459519,71.523544,1
24844.998,-966.0,0.21208303,2.5852692,-0.01939283,2.5739274,17.857363,-26.459518,71.523544,1
24530.0,7886.0,0.16347031,1.7503836,-0.17398807,1.8569664,17.857363,-0.709519,71.523544,1
272.0,-70.0,0.12840798,0.7453192,-0.25981393,0.9488391,273.85736,11.540481,199.52354,1
18169.0,1171.0001,0.0988461,1.6251557,-0.1568716,1.7683715,17.857363,10.790481,71.523544,1
9071.0,-1775.0,0.17723078,1.787431,-0.23852032,2.0541763,17.857363,-15.459519,71.523544,1
24270.0,4164.0,0.46935368,2.261316,-0.062195286,2.2966056,17.857363,-3.459519,71.523544,1
19749.0,-5027.0,0.08907002,2.542342,0.1369413,2.3611393,17.857363,14.040481,71.523544,1
1606.0,39.000004,0.45611036,-16.590841,-2.079312,-16.902828,3708519400.0,366949100.0,3706858500.0,1
23704.0,3718.0,0.096452,2.07667,-0.039239395,2.1627703,17.857363,-6.959519,71.523544,1
22500.0,-2136.0,0.09954049,2.19371,0.19726615,1.9562281,17.857363,6.790481,71.523544,1
542.0,526.0,0.5454573,0.23357229,-3.344247,1.0627073,145.85736,-174.45952,199.52354,1
18759.0,1918.0,0.09637749,2.465802,-0.1852909,2.6352048,17.857363,4.290481,71.523544,1
69.99999,17.0,0.26331717,3.9026475,0.27508524,3.726846,81.85736,-26.209518,327.52356,1
19086.0,-1787.9999,0.12708214,1.3465049,-0.17864415,1.4321479,17.857363,0.040480983,71.523544,1
24.999994,15.000001,0.5232777,1.514303,0.15333891,1.6297115,81.85736,17.040482,71.523544,1
19441.0,-5063.0,0.13749474,2.4396565,1.7840735e-05,2.4146109,17.857363,1.790481,71.523544,1
90.99999,-4.0000005,0.17552994,2.9997907,0.097236454,3.2274718,145.85736,-46.95952,199.52354,1
22379.0,2823.0,0.054579105,1.5752442,-0.12103552,1.841556,17.857363,-0.45951903,-56.476456,1
22666.0,4749.0,0.12112017,1.8577926,0.10121593,1.7808541,17.857363,8.540481,71.523544,1
13331.0,-2799.0,0.13807684,0.94378453,-0.07451667,0.97310776,17.857363,4.290481,71.523544,1
21195.0,-826.0,0.058484312,2.5782282,0.116340905,2.6725616,17.857363,-4.709519,71.523544,1
14867.0,672.0,0.91226876,2.6271865,-0.03274525,2.9419475,17.857363,-1.209519,519.52356,1
24266.0,1331.0001,0.10971269,2.4159038,0.074688,2.053287,17.857363,-0.20951901,71.523544,1
10929.0,-5126.0,0.31945553,1.7356093,-0.12569791,2.2838922,17.857363,3.540481,-56.476456,1
9124.0,-6114.0,0.17860328,1.6462615,0.13783018,1.4878381,17.857363,-10.959519,71.523544,1
19418.0,-6265.0,0.18334308,2.1536949,0.003806772,2.1047068,17.857363,1.040481,71.523544,1
18758.0,-285.0,0.04363051,2.2466176,-0.062531665,2.2352047,17.857363,2.290481,71.523544,1
24470.0,3512.9998,0.07913156,2.5992453,-0.08610337,2.5513415,17.857363,0.540481,71.523544,1
25009.0,1210.0,0.05871283,2.2920687,-0.048579082,2.1319046,17.857363,-11.709519,71.523544,1
69.99999,-10.999998,0.17518735,2.7559187,-0.14035736,3.2174785,81.85736,-340.20953,199.52354,1
22021.0,-2357.0002,0.12693885,1.4795496,0.08163827,1.5833086,17.857363,0.790481,71.523544,1
18645.0,814.0,0.059619904,1.5324051,-0.06458752,1.8029603,17.857363,6.790481,71.523544,1
20297.0,9215.0,0.589145,1.8292286,-0.31278035,1.6864489,17.857363,-3.959519,71.523544,1
20223.0,2055.0,0.15930453,2.3674986,0.012753134,2.529543,17.857363,-30.709518,71.523544,1
21798.0,5366.0,0.1311957,2.4847734,-0.04649789,2.513329,17.857363,21.040482,71.523544,1
99.99999,-432.0,0.99552476,3.4304574,0.94079125,3.217561,81.85736,-620.70953,327.52356,1
21253.0,-171.0,0.20735191,0.022512237,0.001636023,0.02631085,17.857363,2.540481,71.523544,1
18813.0,-3279.0,0.07813361,1.924154,-0.068767294,2.104453,17.857363,7.790481,71.523544,1
16031.999,-6629.0,0.17513755,0.033663552,-0.0021556427,0.039993692,17.857363,0.790481,71.523544,1
21928.0,-1252.9999,0.088759616,2.7752054,0.47899526,2.4812517,17.857363,-3.209519,71.523544,1
24116.0,5930.0,0.13468137,2.6776607,0.111109614,2.7146292,17.857363,-1.709519,-56.476456,1
134.0,-10.999998,0.2761369,4.4028897,-0.034399297,4.0158157,465.85736,272.79047,391.52356,1
16940.0,593.0,0.27496248,2.115692,-0.024450317,1.6800407,17.857363,-1.209519,71.523544,1
14752.0,876.0,0.094519176,2.250098,-0.03898851,2.292941,17.857363,9.790481,71.523544,1
20836.0,8984.0,0.22109127,2.7329688,0.3876264,2.2249947,81.85736,4.540481,71.523544,1
44.999996,-4.9999986,0.23600481,3.6031039,-0.5873317,4.1646786,81.85736,16.790482,135.52354,1
765.0,224.0,0.31279022,0.2056921,-0.14254074,0.2949342,81.85736,14.540481,135.52354,1
20487.0,5869.0,0.49115247,0.040606778,0.0040850644,0.045386244,17.857363,-13.459519,71.523544,1
26011.0,5369.0,0.10561453,0.033263486,-0.021417134,0.055067945,17.857363,7.290481,71.523544,1
20716.0,-2486.0002,0.1359909,1.9787171,-0.21806934,1.6838773,17.857363,22.790482,71.523544,1
18288.0,1761.0001,0.060930427,2.702389,0.009960839,2.6327052,17.857363,-0.45951903,71.523544,1
20619.0,-1050.0,0.0903217,2.7637734,0.3433311,2.442123,17.857363,-34.95952,71.523544,1
15163.0,2281.9998,0.15671092,1.7779973,-0.10989592,1.9101852,17.857363,-0.45951903,71.523544,1
20366.0,3565.0,0.12068846,2.1336596,-0.30505276,2.4560747,17.857363,-2.709519,71.523544,1
24281.0,-122.0,0.046784155,2.0978353,0.022814725,2.260651,17.857363,1.040481,71.523544,1
18623.0,-2442.0,0.0956807,0.029185573,0.0011325463,0.027183462,17.857363,2.290481,71.523544,1
11013.0,960.99994,0.1537857,2.1276248,-0.09357761,2.0122113,17.857363,-12.459519,71.523544,1
21007.0,5305.0,0.13856886,2.5667784,0.056702778,2.3509526,17.857363,-7.459519,71.523544,1
11005.0,-3703.0,0.13617788,1.6969845,-0.036888454,1.7686385,81.85736,15.540481,71.523544,1
129.0,14.000001,0.24548773,2.2609723,-0.8126697,2.674252,1425.8574,704.04047,775.52356,1
105.99999,-5.9999986,0.10361516,4.0113564,0.34166068,3.86851,337.85736,97.04048,327.52356,1
671.0,262.0,0.32508418,0.3813689,-0.22466178,0.445126,145.85736,-47.45952,135.52354,1
15930.999,4823.0,0.1276395,2.0323331,0.009967182,2.0685487,17.857363,22.040482,71.523544,1
15431.999,-933.00006,0.08495344,2.6932185,-0.02060794,2.5395546,17.857363,0.040480983,71.523544,1
23673.0,252.0,0.10807204,2.5278962,0.29962367,2.4807768,17.857363,-2.209519,71.523544,1
20604.0,-3054.0002,0.08655577,2.2758806,-0.07798666,2.2251878,17.857363,-0.20951901,71.523544,1
86.99999,-15542.0,0.5921254,3.6087525,1.0770191,2.6804113,593.85736,596.04047,135.52354,1
383.0,-156.99998,0.25653097,3.9422753,-0.4042703,4.0481505,593.85736,-252.95952,839.52356,1
15091.0,-6741.0,0.13564017,1.9304192,-0.22127466,1.9791254,17.857363,-1.209519,71.523544,1
18863.0,-1321.0,0.04672224,2.7835743,0.07341154,2.6923032,17.857363,25.790482,71.523544,1
24165.998,-4541.0,0.08196127,2.3686092,-0.22229877,2.5431318,17.857363,4.540481,71.523544,1
148.0,5.9999995,0.17989436,4.116524,0.09056481,4.1698036,593.85736,11.790481,583.52356,1
5604.0,-16358.0,0.41619098,1.8123572,-0.51207715,2.291501,17.857363,-3.459519,71.523544,1
151.0,-4.9999986,0.066986956,2.5195148,-0.18369675,2.887019,17.857363,1.790481,71.523544,1
18499.0,-2365.0,0.046006843,2.518666,-0.07927195,2.5742154,17.857363,-4.459519,71.523544,1
23818.0,1826.0001,0.21651722,2.7057893,0.029105393,2.7021966,17.857363,-2.709519,71.523544,1
14713.0,3425.0,0.17105873,0.07818536,-0.21122468,0.96293825,81.85736,-37.20952,71.523544,1
20077.0,-1336.9999,0.044966765,2.4183152,-0.11790054,2.3990645,17.857363,-0.20951901,71.523544,1
24124.0,-181.0,0.11504403,2.0019004,0.026816187,1.9493955,17.857363,1.040481,71.523544,1
23445.0,2222.0,0.14263323,2.3020265,0.045705616,2.1836834,17.857363,-2.709519,71.523544,1
20558.0,1136.0,0.19350837,2.4016516,0.04826642,2.2434106,17.857363,0.790481,71.523544,1
14196.0,-640.0,0.16264328,1.9923146,0.023602542,1.6797246,17.857363,6.040481,71.523544,1
13116.0,-488.0,1.3347166,0.57916814,-0.2096055,2.390914,17.857363,-3.459519,199.52354,1
22514.0,2746.0,0.08878528,1.7772362,-0.19803628,1.7281374,17.857363,23.540482,71.523544,1
21039.0,-1084.0,0.028787898,2.7921178,0.06259969,2.714236,17.857363,-1.459519,71.523544,1
20017.0,7042.0,0.21112996,2.3395388,-0.18387492,2.4516497,17.857363,8.540481,71.523544,1
147.0,-74.99999,0.18189451,3.4270968,0.15910186,3.535581,81.85736,20.040482,135.52354,1
13622.0,-382.00003,0.16131842,2.439316,-0.13651532,2.5250196,17.857363,23.040482,71.523544,1
15593.999,-1006.99994,0.15319419,0.05397777,0.0010638296,0.40355152,17.857363,1.290481,71.523544,1
21810.0,2909.0,0.13879694,1.9970181,0.058096368,2.0589318,17.857363,4.540481,71.523544,1
19102.0,-2473.0,0.06978735,2.247111,-0.086984634,2.3292022,17.857363,1.790481,71.523544,1
22061.0,3539.0,0.08336967,2.5292604,0.032520294,2.5092888,17.857363,-3.209519,71.523544,1
20328.0,1091.0001,0.16640198,2.7395499,-0.044102333,2.7370372,81.85736,4.290481,71.523544,1
10452.0,-6608.0,0.2149291,2.1614106,-0.27652243,2.3700242,81.85736,33.29048,71.523544,1
17200.0,6142.0,0.1781159,2.0104077,0.035993952,1.9008473,17.857363,-5.959519,71.523544,1
13555.0,6752.0,0.60836715,1.1436741,0.06740742,1.1347693,145.85736,123.54048,135.52354,1
20905.0,2817.9998,0.07417774,2.3358486,-0.12074847,2.4166722,17.857363,-0.45951903,-56.476456,1
23778.0,-271.0,0.06728086,2.355118,-0.020898633,2.4421563,17.857363,2.540481,71.523544,1
76.99999,-4.9999986,0.1305239,3.0237007,0.0534846,3.312653,81.85736,-12.459519,71.523544,1
21159.0,-2034.9999,0.06051286,2.3737276,-0.08695331,2.3723073,17.857363,-0.45951903,-56.476456,1
15409.999,68.0,0.24445817,0.008837025,-0.034579094,0.028782774,17.857363,-25.709518,71.523544,1
19196.0,5068.0,0.3699723,2.4737957,0.02055408,2.2820382,17.857363,-38.45952,71.523544,1
14844.0,-1689.9999,0.120404705,1.6334269,0.08664209,1.5951132,17.857363,-0.45951903,71.523544,1
343.0,31.0,0.592494,4.542736,0.0220786,4.017032,529.85736,-124.20952,519.52356,1
20639.0,-205.99998,0.038741,0.022879878,-0.007601529,0.027050901,17.857363,-1.209519,71.523544,1
22293.0,2897.9998,0.121107526,1.0300457,0.01863592,0.9107923,17.857363,9.290481,71.523544,1
19619.0,3320.0,0.23131223,2.7220342,-0.07458816,2.6532154,17.857363,8.040481,71.523544,1
19892.0,952.0,0.024379464,0.96050674,-0.012470067,0.95798296,17.857363,-0.45951903,71.523544,1
15836.0,-3914.0002,0.3132769,1.8486364,-0.052039802,1.9128999,17.857363,-19.709518,71.523544,1
53.999996,14.000001,0.36780825,2.7161791,-0.25541678,3.4899554,593.85736,535.54047,199.52354,1
19801.0,3521.9998,0.9217265,0.015960017,-0.0066342275,0.64100546,17.857363,-0.45951903,71.523544,1
15046.0,2263.0,0.26660773,2.0319374,-0.010346524,2.1931148,17.857363,23.540482,71.523544,1
22260.0,1645.0,0.040212117,2.7467017,0.57479733,2.585022,17.857363,-2.709519,71.523544,1
60.999996,-41.000004,0.29890886,2.0463488,-1.1194223,2.7829678,81.85736,-50.20952,135.52354,1
19458.0,-2608.0002,0.072360516,2.132805,0.03462995,2.1937613,17.857363,-8.209519,71.523544,1
23221.0,-1191.0,0.08381039,2.5354054,0.04932114,2.4309707,17.857363,19.790482,71.523544,1
20503.0,-476.00003,0.059045285,2.6349857,0.16213381,2.549757,17.857363,0.040480983,71.523544,1
22787.0,3874.0,0.13291025,2.5862582,0.51213807,2.267078,17.857363,-20.959518,71.523544,1
17788.0,-719.0,0.15665628,2.0439923,0.024926417,2.1828012,17.857363,10.290481,71.523544,1
20107.0,11.0,0.06463683,0.015901366,-0.0113173,0.023347784,17.857363,0.540481,71.523544,1
21815.0,5970.0,0.14839773,2.4940722,-0.12043121,2.4578729,17.857363,-13.959519,71.523544,1
16121.0,127.00001,0.17423052,0.9977372,-0.04866285,1.8156098,17.857363,-22.459518,71.523544,1
24739.0,4275.0,0.11434814,2.5049798,-0.03918529,2.527052,17.857363,-0.20951901,71.523544,1
