Size_Std,SizeStd_Change,SizeStd_MA,SIP_Ent,SIPEnt_MA,SIPEnt_Change,Rate,Rate_Accel,Rate_CV,Label
374.9857969906272,243.07109164566103,274.02282145830384,1.2921666031740744,0.6872106853705203,0.9337939028796092,254,-184.0,0.4033154325743325,1
191.5277862111805,50.376659987168864,208.52371543245926,0.2523269317191222,0.8546111937453892,-1.1182401879568005,536,427.0,0.482452429123821,1
144.8961287061277,-178.3923398627114,260.2187108884035,0.479788530164043,0.5084700511441278,-0.06747170824354554,546,-9.0,0.2153967952146529,1
174.72847717703928,-2.7978356053305617,155.83068777505795,1.8143201591916007,1.3987383699610674,0.6285189592748708,112,-228.0,0.7819661284494775,1
66.63399915771227,-70.33242208014308,119.9520570603795,3.024397470347699,1.4966047182896207,1.3172827956586082,16,-87.0,1.0721954045240902,1
217.79661796562561,5.154924447580527,208.00667147647263,0.6780672392509692,0.7762450825375178,-0.21221404469568972,263,-37.0,0.0978950726414171,1
87.59981934512358,-18.078152781301313,109.85178713607013,0.6076019868693704,0.4300383195175561,0.19684977487799615,335,-299.0,0.24559874910343565,1
208.6195787410409,-204.53802368304176,207.4714508095432,1.2599897781789466,2.4914046704169386,-0.8984647607494023,639,464.0,1.3429723771829063,1
154.45707642135613,17.117263226462057,146.50255039578184,0.4068844070090203,0.5676199172339358,-0.5557383739856191,560,409.0,0.42547659142218247,1
159.4171780474021,-78.91332500130218,329.6781853852459,0.759012762318188,1.362461807593769,0.11835081666881198,466,131.0,0.6142075986216724,1
677.0502753369481,17.001047437740908,698.2805387810379,1.837917102833933,2.177806723403746,-0.8596980063828163,63,16.0,0.4716276141324681,1
229.1548720908092,102.57667322519953,173.79809160219725,1.5840957518052463,2.735738534809975,-1.1488627293416254,161,132.0,1.016800392807947,1
167.0042793547936,19.690164010812538,188.05675902986124,0.7505840894366499,0.6298699895786777,0.2603110296547433,156,-208.0,0.45979679102933513,1
149.34454447722158,9.617556604170176,153.21230173711427,0.5004971557536135,0.44718945946518546,-0.08001691804517863,551,185.0,0.14834062204850046,1
134.98795302443992,-64.94533245087808,166.49247887642738,0.5887563254621115,0.5065790753010919,-0.0244291694662232,450,120.0,0.17923195387068283,1
64.63862016089965,-77.69006009413712,122.87482505606681,2.692596693765742,3.166137445251956,-0.04212870243822309,39,-16.0,0.35422858171886995,1
92.43024875706297,-35.28864060598772,97.1132734985863,0.38637128597341386,0.5080576578066218,-0.519070023927941,749,548.0,0.5198986795667777,1
641.9144588752068,51.535753980160166,606.8596551081404,3.150050357708057,3.100844231021199,-0.024691355261529324,798,15.0,0.10864807706900494,1
959.1260431111677,900.6598048158219,235.59833927120425,0.8857251942599277,2.5627901415063907,-2.7387934606989717,91,63.0,0.8957652355915429,1
328.0161068766447,51.014005735008425,259.0451546660198,0.6482938996595948,0.45542254872300864,0.13048816938715213,460,-23.0,0.04549396186977987,1
608.433083202764,128.36558968142248,563.251925725212,4.00766047708086,3.6006455088646248,2.2230998877268213,131,-100.0,0.396018146115065,1
193.18348081299018,31.61289314757022,169.8916209243353,0.5440140105656237,0.6259940379174562,-0.3160612678533281,219,-84.0,0.3244274221974902,1
222.34841345491242,14.205833314885467,207.3193293300087,0.5553945158339806,0.40740720438498756,0.3158247911735827,335,56.0,0.10920678497934787,1
143.68586196529913,22.898401644535497,153.67005109083053,0.31389825380740966,0.4037169063349584,-0.11787735044394043,649,83.0,0.17229611731772,1
154.20482319781448,-58.71962739175652,154.45162554589427,0.8320756513883656,1.739165922180667,0.021384091973230435,274,-159.0,0.8800444725348646,1
156.04947315695225,-4.16979775684996,185.48367551331674,0.7631260475794768,0.5628858445366588,0.3624570686158658,420,-58.0,0.07841390518550244,1
588.4694221142762,-13.681721048914937,635.4508849527476,2.8998237648829575,2.9623142383975245,-0.2498665186183291,957,40.0,0.1535159931725992,1
96.8352524430152,89.3519376694673,176.42076690664717,1.4394969869215133,1.669183768636626,-0.06050301307848671,22,18.0,0.5224656478677575,1
125.70905389096198,8.236984060943541,102.40576281721778,0.5370553691502321,0.4328145901792646,0.24975195463394917,461,-20.0,0.17407556473310903,1
159.9793554022902,-88.7916941167571,172.68092311823915,0.23429488476798024,0.5833014736663684,-0.596573214543307,456,-46.0,0.06287454627603986,1
126.09455443507892,-19.265336572709458,146.49028255256985,0.3286740446760836,0.2800063406863941,0.11960754583451905,663,-245.0,0.3733108101801893,1
631.9795303585572,56.40816993583064,600.4655662097969,2.9316550567946376,3.101096797757488,-0.27106357835522177,905,136.0,0.08642121991967754,1
247.74697473052368,106.00484059982543,175.1780927824505,0.6698697324268233,0.4673107956895065,0.24399181816017262,504,-144.0,0.20088137113891552,1
169.14115517843283,4.567292211682258,169.09269842839007,0.4140920449753631,0.38836134162773356,-0.14936321214807247,442,46.0,0.19299309471932838,1
673.3252705472344,155.38628430166852,603.1468792252215,2.774469954197388,2.7379998021253242,0.03243386180071983,988,209.0,0.11907721082502049,1
593.4406709955756,-51.89860130273303,613.1711107386614,2.738626608872432,2.6774041559266943,0.14309287916241198,1040,120.0,0.19512332082371112,1
217.30641960688314,109.23441024358337,282.4020912750002,0.44360637756820587,0.39742377585861155,0.2493374795776603,624,16.0,0.1338801428949594,1
143.4295392233897,-11.779072948341422,156.18982911317602,0.33726330335448484,0.5627351204200475,0.028622487931951546,724,41.0,0.5616513659379987,1
566.2855486818681,-20.346483523275765,648.334292162145,2.84562608983439,2.891707277179486,0.08669813020592976,811,-499.0,0.2054479503445252,1
104.32810556635378,-72.59296550788524,154.30754265754462,0.5198876657981225,0.5119478428039856,-0.03306301527716937,385,-111.0,0.12321146616088367,1
136.05829980287103,27.806725221676345,236.0687010659089,0.5994734651553131,1.6162890937979228,0.06558267856904909,440,15.0,1.0285124084610064,1
247.23151068693332,33.581336704882574,225.89655066719564,0.5214963489463681,0.6286217347078538,0.08438877203132134,180,44.0,0.11240749623240233,1
635.4595523321299,144.28390435484891,581.6965739269324,2.998626476511665,2.8564530597630395,0.15755707950238262,1106,178.0,0.1603421180741829,1
229.53032973017946,18.844882159351528,207.48876521315705,0.6332115857465581,0.47236190768641595,0.061376895099566675,257,-50.0,0.13699864300836057,1
193.90939761168835,-4.794589550626995,197.7194275857101,0.5658187219534995,0.48766602748165794,0.20517798786794866,329,-88.0,0.24613987140292234,1
136.7076273280848,-19.804597752451826,145.8541276960208,0.48128938875558164,0.463243192582119,-0.12207216221033651,544,118.0,0.11217824383671658,1
109.58305320376377,-10.893116117813804,112.11037155238671,0.4118210705732371,0.3748229367668834,0.03767783460690527,486,-69.0,0.10063982432929022,1
502.57560448866474,332.2481175521093,195.22003984655774,2.7399546474223633,2.85101005713121,0.23325243185085043,38,10.0,0.16791625356044818,1
197.51252903625524,-11.621017205674264,202.5670067089727,0.6971440196485218,0.7539814553203266,-0.17489082460869698,340,27.0,0.032868175957846836,1
194.01701770812866,-47.23117423929577,182.52605874913652,0.3806494991696225,0.4244824335168934,-0.28948228239966284,454,205.0,0.307433623962205,1
92.37573750721336,-35.00109114422868,115.31148793604807,2.6626485131584565,2.5166515869395467,0.36055214314891737,6313,462.0,0.0855240865800865,1
328.2161097409006,136.7033526084978,240.84736421772246,0.6552321794730508,0.7570218150773373,-0.14261961902756326,512,-1.0,0.1653334974808035,1
562.9507252895231,-10.997012560501503,295.62590381626086,0.984256488495204,0.6851617463437033,-0.20007607299082386,375,4.0,0.23590765803580996,1
76.90660614051909,-486.04307084159757,342.10047411335574,0.3145543560231273,0.47016390710607264,-0.2858968192295279,460,201.0,0.3285997956833183,1
55.56891506037935,-132.28028403293595,85.91071127086126,3.2390979179887864,2.920087077902813,0.06040934753768923,18,-7.0,0.4257346378349425,1
131.96815610157876,-12.387795231052621,141.4379559986836,0.5777156228986579,0.42776793618340714,0.11445688397708997,519,68.0,0.12167226308745509,1
78.0742346988427,11.190322621060488,113.47304489512717,0.27801178103745783,0.27394032848679484,0.16251773950829368,412,-662.0,0.37635899505053266,1
128.84669364818652,31.53905779870611,144.712954492267,0.21641747789505175,0.34619049179100225,-0.18051510243332367,568,-14.0,0.1559928942946534,1
648.7334770114298,-51.6115260124069,626.4149916968422,2.778034923871501,2.982128335291749,-0.4123207055934972,924,-152.0,0.09073314305315934,1
100.02649069758169,-29.896033958170534,115.41446312722067,0.2258390800983212,0.2573910078690735,0.03399187757816777,723,324.0,0.30681440473807653,1
66.1017060212628,-37.08115126239838,96.95827091320066,0.4320292169779991,0.34457169294734447,0.2181395469983643,357,-340.0,0.31518014630734387,1
200.64894895595296,-11.454047341368948,208.89253499206887,0.6773465894928442,0.6878967246035498,-0.04853812818494374,334,45.0,0.06977910456322797,1
242.57236500111577,7.395601719518169,185.6877167272058,0.6972652722319412,0.4446383656244719,0.10468623741464256,456,-80.0,0.15204591920841823,1
48.09718123731584,-2.611934314032524,83.86565765788961,2.5949066182439395,2.8457737797860294,-0.28339095203408027,11,-14.0,0.3275531805825973,1
118.65790238719548,1.4226287917455522,102.29802043818049,3.0926592280815552,3.0658568150434005,0.5682617577338558,41,25.0,0.4593761543155269,1
164.13127753604653,31.23319253318806,159.77146413438248,0.3624694095795442,0.46906843767586687,0.055816266368538814,234,-274.0,0.2845183735654389,1
92.39617149513776,2.9110027880019516,87.63002090723353,0.16454261365951425,0.24979249113061508,-0.011648655084361609,478,-167.0,0.29673827886903553,1
253.14367291283907,63.43389121516688,160.2342288858029,3.6835423624332306,2.0209589907445724,2.879304121391013,18,-294.0,1.0024919039618103,1
172.77441721456307,23.02876324802648,200.76235516475973,1.0826767986020158,0.7167085742380475,0.44773958367500366,513,130.0,0.2226952501664535,1
116.99874481326195,16.843079660846797,101.91368792866285,0.3765246772441173,0.3782160235350139,-0.08512572379405381,660,337.0,0.27090409650585456,1
674.0010543721198,22.1671495479344,612.7188517987636,2.853241642483631,2.883237659984603,-0.2133965694685993,1243,70.0,0.08006995731063542,1
187.34757825620065,63.66348683599857,145.2871005818568,0.38410683709358323,0.48399571046223266,-0.27625007447747746,597,110.0,0.17070788040753218,1
95.84019664649223,-45.11128334537203,207.0715504431486,0.37098169901782585,0.394189160506939,-0.12913505874594056,526,-11.0,0.3641430057664459,1
132.24007578718604,-28.985378376603904,156.1080753867539,0.6019186557633508,0.2881965179393478,0.3153533278636197,373,-384.0,0.40523419234286634,1
598.6732499042291,210.72339608639612,343.94407202975475,1.4803051298668388,1.0440941133094166,0.679496437885636,216,-294.0,0.3305424381337475,1
160.46249013382436,-3.393520042402457,168.99298784612915,0.25954628938772895,0.3201510247138642,-0.13761781167990023,602,56.0,0.12612281121975313,1
632.4200105769028,12.826358614860965,612.5480212990936,3.095721578730119,3.087409231158717,0.0740967265131629,1086,-24.0,0.16428627720082178,1
135.0963919724244,55.04072362469232,102.45463406776886,2.2089873002588,1.8832301782851115,-0.15723289811859598,22,-12.0,0.5170142152246642,1
197.73871539943835,-36.88266412887921,211.21814285957922,0.3337425575521242,0.4096385022869734,-0.14218233735777153,421,133.0,0.1610593179294003,1
157.58254047650829,-188.46998719455829,425.2495146726527,0.7068831323090683,1.1755004400818885,-0.13889878737989192,438,-340.0,0.22788480994116245,1
144.61789340378377,-12.647082278066392,149.13110453464145,0.3014235597362745,0.5177372734815469,-0.11403752383808313,398,-131.0,0.11176482655710311,1
212.5102238324861,-4.655141455333961,214.72459733261377,0.3565077307707162,0.4371721391387327,-0.03290464262776016,300,24.0,0.06302335409918573,1
315.4975146236568,16.600467358214587,278.1349329460101,0.7668065430703557,0.7142217757667714,-0.21289262180396173,532,282.0,0.2783915897952988,1
174.03464299765668,-54.04125391059807,202.7746529389264,0.4598122964500755,0.5139392145822951,-0.29047437334027315,746,358.0,0.22047030985458813,1
618.0324145132972,-44.83628451173206,584.0568175823507,3.019784551177835,3.0469971030842298,-0.02977923733940413,951,-343.0,0.35127856753560555,1
164.19598997358295,-2.1758982695310465,158.90061356937645,0.24261194069383335,0.3438223839778397,-0.14452806492176723,457,33.0,0.16621777361804826,1
118.21104503575789,-55.68628070967641,362.4438916064549,0.22537185904667625,0.4749368610322593,-0.15897305140987558,627,-45.0,0.24475989701236298,1
242.81284437596935,-36.359073982593316,214.51983927038464,1.0094779577620845,2.1998508640576997,-2.3241827319261015,529,504.0,1.3498013204025976,1
75.86040482628711,24.76752866473369,81.97670651760286,2.985228136034251,2.793299492894597,-0.17033687729546765,14,-5.0,0.2672108402794968,1
119.75509383846178,11.600424842934032,107.49815478177993,0.31238216794749346,0.3498940337104576,0.062183422042339065,556,-21.0,0.4432957018400212,1
378.58796067807555,-257.66620076928155,556.6954819376439,2.911644767545589,3.009232020862488,-0.2007054336816152,517,-191.0,0.27093012329433463,1
645.3392722983086,73.59338790377888,628.950598424505,2.59553372971002,2.650949154699307,-0.13187926259524563,920,306.0,0.1891933104699779,1
905.1679366221291,152.44116462579848,795.9720005704017,1.8536160447974561,1.7346626586057596,-0.10347312357542471,69,-72.0,0.4120030704066887,1
320.6787365564128,-15.317999788566794,232.2105885255458,0.8387945743880373,0.6184930794729104,0.1177011470038336,327,-62.0,0.3123919880592414,1
527.6557343891268,-100.0238760165206,573.778146148805,2.9874959281493654,3.0341917502257347,0.03357881220390091,2295,975.0,0.3599071249046493,1
130.29373463045187,27.913627233885094,144.46313452752747,2.5653956636249857,2.568561426734931,-1.124864727343399,45,19.0,1.2178624138017555,1
91.66275290173817,-29.623232142268833,111.82852676984098,0.307154983316065,0.2910349125846792,-0.17291463966682474,394,-398.0,0.27076659025071875,1
162.01838268208485,38.32385605821038,157.09729887064586,0.2778476247966445,0.5641349045558078,-0.40518029525822197,583,113.0,0.32072543855472857,1
203.46244688211078,37.259350308678705,193.71516618680567,0.6572052186674507,0.6403391330927715,-0.33109563240779716,312,-10.0,0.19714296851756807,1
48.71192945271124,-230.3617857269078,301.87789356843064,3.238901256602631,2.332644295113173,0.16279808560590858,13,-6.0,0.8427238862277026,1
62.41717548004228,-143.1298809834107,139.7251206736799,0.7139171622423377,0.6215958221813807,0.12066218426868291,385,1.0,0.44854032799861643,1
140.11453512413271,-232.10169081845373,246.3114725694004,0.5205006395508541,0.7996628772408607,-0.5154867988488333,707,351.0,0.3279876572935806,1
229.28310977887725,24.557736806659022,247.22951031926905,0.5602984411215283,0.3862293934734045,0.34300311172193176,529,-42.0,0.16969396474173615,1
177.52631278236984,82.42765965557413,157.4705117820059,1.18580119991673,1.3095793977592807,-0.24937765547465607,340,284.0,0.5813755619323766,1
128.16276356117,-139.39406782617672,283.6222053629714,0.724024595612537,0.6931818719171738,0.20235260084303697,550,62.0,0.266964906957174,1
196.0500128817694,31.32644387000363,224.79300542156057,0.5892517084766212,1.1026414301088443,0.2796923126873818,510,-127.0,0.8654050873800114,1
121.73555062740157,47.501709216339535,108.65596831270113,0.33024139525647306,0.5157758311066947,-0.03520048162948447,347,-266.0,0.33346982730581254,1
283.7937834067755,34.88900077625638,541.2216214711268,0.4674270537976364,1.0556242889038698,-0.3344872245229522,669,440.0,0.8183013095744084,1
88.90430997066984,19.193299362588718,179.56628036847437,2.873140679513133,2.8066590047223783,-0.27625679083456633,13,-3.0,0.5379781549116363,1
103.8064381941214,-10.237256076378088,109.8248082853147,0.1935213725808555,0.34037366890238685,-0.23998223458816426,495,133.0,0.16966188012924632,1
136.41374113852234,-20.02101653524082,156.16804313215388,0.6116824362519263,0.6746869920702012,0.16315468516426956,426,-90.0,0.2512473673279735,1
611.0924244526459,55.43394350718995,531.3414585407556,2.9437148100850585,2.9862879721147366,-0.054146693497232334,962,-92.0,0.40712176375354053,1
110.00769723632828,6.343277401946452,107.8458538330542,0.39563248561301606,0.3434882341093556,-0.0014302494584604863,550,-149.0,0.16104080865099057,1
149.46193430467233,-130.82691642569475,160.1238446836711,2.8397755396455087,3.000286826292131,0.20772671185854996,19,-13.0,0.32904409944105106,1
154.53172750668557,-5.000033970802633,181.70904326639024,0.588644818651415,0.5138439606897508,0.0031711787642554334,477,147.0,0.27407442472406934,1
1608.505990521002,513.7700721045437,737.9851714623732,2.3886314027966744,2.465453592237046,0.6664212408143919,42,-49.0,0.7128954554789197,1
187.2405975678112,-193.9418851910842,385.9568955986414,2.1143536568006103,1.8972069832013965,-0.005592161647892446,280,99.0,0.4198694171382706,1
500.70984869702954,4.045079784733446,560.1721862297042,3.0452473679399024,2.9624913618287994,-0.041229890472649355,1386,-179.0,0.21566242183053583,1
163.4712643422438,-19.41570484703405,164.96866839179674,0.571248231858639,0.49692925012773576,0.06293025545584574,473,-19.0,0.11540144724950688,1
177.30555346663738,16.28991242298281,167.5649334699868,0.6904481848272385,0.4062266259676294,0.24704123263420724,147,-351.0,0.44356052453975475,1
620.154060005261,-83.20895708408568,643.3329961437041,3.0118844624802437,2.995299561121974,0.18864069324942045,814,-21.0,0.05180408722894904,1
534.5355426910356,177.95855094638216,374.90380598169224,2.9346939516467017,3.065856450890202,0.7220521579900252,25,1.0,0.4244300737597521,1
201.94619800177935,-1.8314365510784114,206.67517568144416,0.8446695247633608,0.8019841707388224,0.052473454279389764,327,10.0,0.03823297076170421,1
182.88696918927786,-10.232999361520172,164.6299125362219,0.5083179764027933,0.4754232271996985,0.055495876561899804,492,-33.0,0.22709803446893,1
112.52486410266096,24.173754098013845,93.97314621742947,3.5383105956150067,2.988104216811025,0.46727579965084853,22,-4.0,0.4397034102267107,1
585.3194077165572,52.17317959408001,529.8618900520107,3.0562760601305468,2.9978869449434384,0.12371703108784482,1007,27.0,0.292586673152548,1
193.8834073236456,12.326665674718981,188.0647808172974,0.9826413813649231,0.8943848425503438,0.08196590122050995,214,-107.0,0.2728413619498009,1
213.85343986557967,-8.971657849455738,231.06008293214785,0.1738591795746442,0.3949940276732386,-0.662959735049719,274,-13.0,0.08085093247227373,1
83.06160357763922,-111.3156013234897,136.79063278184452,0.5791703288064349,0.6477285561718101,-0.20263724790390591,300,107.0,0.6084121096240973,1
682.032788418402,85.79995272271151,584.1911061059977,2.152016905113527,2.381963472843561,-0.1820897960809078,669,-115.0,0.7262869761248048,1
615.8741438630963,9.081228647998955,600.1457051314508,2.4865624849739616,2.66589973340687,-0.22435398080367985,1027,418.0,0.18878431643573793,1
68.94600075717345,68.94600075717345,127.99916441916011,2.546846589342405,2.4572000134466814,2.546846589342405,21,16.0,0.5015441093372629,1
161.44516220686205,-6.618950427929121,158.82441103675154,0.5006327698522065,0.38328039744439557,-0.07799511386099744,400,81.0,0.2161574617042003,1
95.44529113581247,12.885907106660113,102.84451331871635,0.24583483595920996,0.2641083834246133,-0.08831810548832453,450,-41.0,0.41710146438569545,1
159.83468803735937,15.967288471491798,161.31464151504684,2.804347484781421,1.116849851353057,1.72460693722874,40,-75.0,0.7013228726273286,1
994.8549591533764,335.785789547171,542.6214239640328,1.829834758726278,2.07667653664073,-0.664607720781605,110,22.0,0.6065655765993694,1
66.75832948938294,-231.05177674443848,158.40182101165948,2.499698143184415,1.7011277536260252,-0.750301856815585,13,-3.0,1.1945850357496888,1
118.42422944153957,-48.338622015175346,129.41875818647023,0.45199041244885535,0.432551231520908,0.013338701653360208,388,-134.0,0.16493317905263818,1
184.63827198584244,-108.43267420612193,247.97918686760895,0.7055997433807824,0.6421856170845246,0.030393864120517367,467,-200.0,0.16630386333591293,1
165.09467398430607,37.86598377906128,148.1422514396734,0.3215102556239058,0.3441527846904768,-0.04976910216874214,790,215.0,0.2793367838081659,1
88.27199961885839,-23.280820079978582,99.39353667852251,0.35446960454747856,0.26883456591838484,-0.05542680388400101,344,-117.0,0.44807099731908356,1
59.89151694232576,-54.60640607377092,104.14563419453918,3.6978458230844127,3.1150365390130412,0.5878592760734254,22,-18.0,0.3046012286683651,1
294.8736069600544,-25.92851947719828,228.04147271298137,2.5060390875699636,2.5457803630847367,0.5456499932824048,35,-8.0,0.3276249440085792,1
669.4492523358394,59.822263606967454,599.8865157469697,3.1396825663812,2.9750618905991573,0.2013783644236371,915,-217.0,0.0829923006444385,1
226.93432588281763,19.052950952186876,215.3182792645178,0.7234177468618642,0.756098646016118,0.0780115728520816,240,-77.0,0.13191950187023158,1
159.78704977399346,23.975505920803357,149.77754966269444,0.2829004769404684,0.4310460123216859,-0.25471347918409515,390,-130.0,0.14626677400269822,1
195.89497275955128,-123.99645690508166,263.93569157903556,0.587813103848288,0.9555457316115767,-0.4480685174542892,347,36.0,0.17756926185390942,1
215.49710065937978,26.355161215148627,203.70074501250755,0.7824773226025605,0.7111935988326546,0.2118465718743674,281,-78.0,0.10029692708774382,1
135.8115438531901,4.0750626154976715,138.94298283506242,0.5376139561245635,0.4662472233957288,0.08891855110634544,520,70.0,0.18632619173761417,1
194.06122508843987,9.434081798619502,330.9216167783731,0.4107784620387463,0.9271945990849618,-0.6782251296432937,263,127.0,0.2811910622599831,1
187.29949908176627,50.88575794324393,159.31524013125278,0.4838011482778964,0.6473792500126263,-0.12788128797402992,513,87.0,0.24942378010856442,1
125.77771353367027,-67.60504310695234,170.3399083995434,0.3215865250053826,0.6633319446605568,0.0017052105611487511,599,231.0,0.37172167953805985,1
176.67968510206975,-75.3932337031898,211.2241853522455,0.3606431644307248,1.0765919295475848,-0.7004668361539861,581,417.0,0.7302181954136121,1
181.97015411865246,-17.09854195891947,194.24692727520934,0.33259308912392854,0.6293554281393063,-0.7683743626073183,557,332.0,0.31844959681077756,1
678.815393219449,94.71862176276773,657.2587775071657,2.8853505623902627,3.006413065105226,-0.21475673518201477,1027,407.0,0.24958799612947138,1
62.95876075301638,-140.51040722082803,177.337036549645,2.751629167387823,0.931880726393949,2.3090390384504405,12,-306.0,0.5340699053857237,1
548.7644837709723,-77.54847564615125,620.6360343433615,2.5273657119407162,2.6688072658340043,-0.2580048493562934,829,-41.0,0.05453755812437005,1
602.1511431631911,-32.69087896825738,633.3264892991867,3.1496902835012865,2.9873631830135885,0.29586012708622667,917,-226.0,0.15015430023479218,1
613.3790395158776,-60.62201485624223,602.8872753586779,2.9392441440839874,2.92586683731591,0.0860025016003565,1177,-66.0,0.06944612461794888,1
138.40407816218718,-104.40876621378217,212.16122661858975,0.8396953732485185,2.174200056921363,-0.16978258451356598,383,-146.0,1.1476743621955061,1
597.3212234038679,14.622732306598664,603.2990944051537,3.1332212262521275,3.0922532516708365,0.36090586702262506,605,-922.0,0.5335689325491395,1
201.46017098629486,22.84888510520608,181.1714558695367,0.429189970883577,0.30796198830135346,0.16700262600380827,405,133.0,0.326221374965366,1
214.74021148199304,-36.74822289245981,238.79054384610703,0.7378504144271564,0.9369247860318591,-0.25400159554255064,309,27.0,0.1068483983594751,1
75.18659309486527,-71.86861829584642,141.74598633392011,0.25946523854999964,0.35903391437539534,-0.10664044379605392,232,-271.0,0.2897778684162787,1
665.6228143246069,29.16210042994419,573.910071467549,3.150925248688861,3.06317208057572,-0.007708017911026488,923,24.0,0.27355591069617236,1
177.8475644276286,81.14464781374022,268.2746638516034,3.3502090290998976,3.4557791221321876,0.16820321433968388,18,4.0,0.3819840482192151,1
201.71561339843774,29.40974229881263,208.5454040441213,2.6257319726359474,2.4422811729410525,-1.0895491133455506,161,130.0,1.1097294954825103,1
65.46176900806084,-28.299685691655284,83.79705706814302,0.3100755860319455,0.4208990323058634,-0.26811037737233123,497,291.0,0.4637458998440889,1
315.27813507626485,11.753231259440327,376.2040574291879,0.311973920687976,0.7779670169524059,0.005046767995403656,758,-68.0,0.6929908580978622,1
416.79831811581636,255.31980616303298,230.79235723615565,1.9636366509409042,1.760821379366257,-0.5160126157595812,196,131.0,1.1628490523380908,1
146.51812065439748,-53.70671014881381,179.11928082309853,0.6811107249372941,0.5162191703606096,0.2134138224504315,423,-80.0,0.09803128733057001,1
151.06527675585394,0.7229702933011026,241.2318044526051,0.332203292049163,0.34038113449970964,0.01197562932438806,604,77.0,0.1734174135375147,1
133.69651225595553,-71.15370816059445,188.72967589532104,1.9310177734992635,1.3742237011705707,1.104859091164888,142,-261.0,0.6061534324442465,1
155.8090424725776,21.236411141209658,165.9203172866637,0.3442382116186306,0.41688477531864515,-0.06928067216460104,557,93.0,0.18334154716037612,1
103.53254860058922,-8.52837587199754,99.70215209966969,0.11182136257104454,0.24054051110909316,-0.2848347464761558,865,361.0,0.22025838823412508,1
660.7353640008753,347.4612951365656,247.867993564042,1.449080357592315,0.6799645976874753,0.8884534102773555,283,-181.0,0.5265226731003462,1
700.6802800263955,-16.821691685894734,653.5911648782399,3.0533471019513816,3.005292938239193,0.009050374512233894,901,-266.0,0.2642782629072316,1
168.3914381565937,-23.04599732858,140.07364738127788,0.5409096812013793,1.405078580138459,-0.02290987431036573,778,322.0,1.1210298186244008,1
207.75958366642874,7.941609906463668,208.58518030296835,0.7292391277429251,0.761902478021196,-0.0545952932440702,307,-25.0,0.05777934436301442,1
113.80733606287741,93.28839722702551,79.53777293984959,0.4734283602481227,0.6155331822862882,0.05500140554273231,206,-185.0,0.848650810671854,1
154.68728851520342,79.50069542033815,137.1057550604591,0.32929722692807273,0.3752974556451233,0.06983198837807308,485,253.0,0.2760105500421739,1
831.0139746006489,66.30722260550067,392.48805638929764,1.4440280805624621,2.5072010941401586,-0.3596317222127945,89,30.0,0.7523583301463396,1
174.7402774034182,-9.51781509046279,171.7595929923226,0.6699470941742948,0.9114417798687997,0.18548356614745543,376,-81.0,0.5260591816992848,1
151.48993640613523,-302.82744671284115,241.00654437509402,2.0369824610423883,2.1484731063262985,-0.5325550750413783,2629,1111.0,0.19305456524481668,1
129.61270765148265,-22.10924301143055,128.00178799296947,0.2264742355258342,0.7223643745759831,-0.011011529021357935,617,272.0,0.6141430654535098,1
160.2676958678675,22.918807431613118,168.7161717113285,0.3272549526710163,0.6681005257197641,0.1544291355885505,694,-99.0,0.49145391777224473,1
153.47845396272754,87.20204992576758,105.15621008817732,2.4685090911246506,2.4772776123999263,-0.0791103290595001,4977,-1120.0,0.09064407676951365,1
532.0759290382618,-124.3916544448382,653.0445635638233,2.3774780507069604,2.2231654334355073,0.2325949372891083,434,-790.0,0.6114453967683156,1
481.6268737119187,-252.47627786735774,409.4524568681616,0.5084176245212256,0.5669272475545906,-0.2901581921463663,552,178.0,0.25809110445495764,1
185.86645444349514,25.01452249260697,141.4042219854808,0.7115044558000889,1.4808278860910584,0.1731639812194672,488,-297.0,1.0354020606756924,1
683.9643186413869,-55.10458028577966,663.1288815383199,3.187926814740798,3.089458942421056,0.22018343980716404,1004,-274.0,0.2602128440276079,1
212.56675811225796,21.414541773234703,198.19774565719894,2.0739505486805645,1.46696502595457,0.5691926878423264,57,4.0,0.4740745695736778,1
209.47018167206534,-278.2001195800491,277.28191269670197,0.9414963365984538,0.9618822328251333,0.10261209504808433,383,5.0,0.09178116501516444,1
312.1983296316517,-54.52120161543661,324.2265908448903,1.5192775373154797,0.9835179717480684,0.2541735408661425,55,-43.0,0.30893451359234775,1
162.9973862924612,-37.937145438904196,207.61738554115908,0.8608869006950406,0.9076362656294894,0.17630124266833613,374,-137.0,0.20179920248185457,1
108.32674673972701,18.802780320415522,103.65748378637004,0.2013041233154873,0.23682790220266842,0.09586260020823076,817,143.0,0.1826334479665557,1
115.20933245186625,4.975221215536138,276.2520517349844,0.2547654140561684,0.43417596856084534,-0.1265312941171478,579,25.0,0.09746625152362284,1
718.6261651355253,598.1965133131345,285.91638975634163,2.969963906978935,1.5418909042777735,0.6098782604993542,46,-22.0,0.8472002231249196,1
609.9738022724079,242.0839914086352,534.042687023459,3.05402811093545,2.984223161200667,-0.1087149854640157,851,546.0,0.38499617815340065,1
112.51603984063053,-55.643608999991784,118.17865427323302,2.644377148392998,2.6918830778343006,-0.22496181072903276,5725,736.0,0.32839287985197807,1
319.8692720815338,78.30057619029546,223.58987929669516,0.35970704456668207,0.4540086233927096,-0.34950667691043863,441,-19.0,0.17468239386861673,1
165.65188532148548,-23.32543661794051,161.71800346986996,0.8249120687124347,0.4930088966435136,0.2936363431536039,253,-259.0,0.25221754086315384,1
606.8298776663455,-10.126079321383031,608.7421669209432,2.846141597615812,3.1172292548307183,-0.23388260467756883,1458,719.0,0.26056628624399536,1
83.48652585896721,-231.3906057728669,274.7549687174081,2.9477027792200907,2.246633254204365,-0.20197066796665109,9,-9.0,1.0871122277218526,1
463.44544590679476,294.2840971140961,268.89881336320883,2.915267325209042,1.5138316548840631,0.7911479869222608,29,-57.0,0.8372574744182458,1
120.42965182239085,-128.6561240654874,177.75611151675201,2.3600856464795807,1.1171109299740642,1.3073179393711174,68,-135.0,0.6082290025176407,1
723.9532961652412,-8.915992389748794,678.2158030135886,2.218671072975466,2.298910296095396,0.24087406756680196,982,-12.0,0.11603815959097971,1
607.4395456004788,24.571515457935334,574.9755936503783,3.141892327640124,2.968648907205145,0.17311454729051734,989,242.0,0.16418174020305845,1
96.14227271788471,15.989483951892652,97.05502649457452,0.24218236671558568,0.27393668434545415,0.040891149411020344,370,-66.0,0.25547103003474325,1
74.61542657956542,23.660167548753954,84.01377158377485,0.9929612074274557,0.47753788391986396,0.5862547855115563,136,-538.0,0.4900641677746155,1
633.1004708259658,30.290660704283027,432.97853001952507,1.4386539354800227,0.9849501945418748,0.3071789017989244,485,-273.0,0.16092187979430464,1
134.59314019972498,-189.55620978789057,202.120489355852,1.2983314048866252,1.4253337795991456,-1.0560841004941248,145,118.0,0.5135535797217957,1
231.33206218161214,-118.88974567784905,256.5840775161428,1.6641184546901082,0.7723424278877712,0.6013761497649219,105,44.0,0.5826776807547541,1
107.96485371772347,3.2756614174646046,117.14881740003985,0.13459924944251678,0.3736862408685895,-0.5063110170187137,905,704.0,0.48429094647969717,1
552.5986300438797,15.701088671906518,446.0274947901157,2.378467491014507,2.3631671109791856,0.2900590344628857,955,282.0,0.2714414037159976,1
441.2892854686002,288.25741253935905,200.5792198666627,4.264578373902384,3.591534372236146,0.6010456190981293,35,13.0,0.44873693842282286,1
519.0247032687703,-74.04722378448776,584.341933836801,2.964800072515958,2.9994037734425434,-0.08398670642724237,1038,111.0,0.0847163530949936,1
144.98412858401116,5.471830853162828,160.66435374128017,0.5523710968461889,0.4647441009061689,0.049126681512934756,418,-68.0,0.15568189929986984,1
223.40390070893847,-63.016635100443295,285.13806471434816,2.363722729862843,2.420838031612481,0.03521027632745177,47,-13.0,0.36134870230341487,1
94.22747257328389,-64.97070834633833,152.43674025416348,0.5171247305586163,0.6405385906283726,-0.0672383624445666,374,-156.0,0.3418827511164182,1
522.9575731861199,-29.358565311676216,605.4899889483903,2.9504027938759174,3.0124886709515675,0.0750588947971167,893,80.0,0.1599733350320712,1
126.54605282793842,8.493784863606535,170.3613966284857,0.3695846358097007,0.33063083652963987,0.23015486062455093,499,-10.0,0.1823616983040182,1
572.7495867722351,-98.01970397498383,630.5807174693385,3.0464821952657095,3.0559898056333674,-0.027069966678308077,829,-142.0,0.11548634830974631,1
123.58967538302564,-22.858006300543295,152.88277424663312,0.408769811695528,0.6102261351078583,0.07655348889156116,609,-43.0,0.30731892229820623,1
259.23012172147077,-54.09176452674774,279.981536742261,1.609567748057689,1.3315953146581618,0.6407866464431314,91,-32.0,0.20797258066089,1
116.40626865459681,18.207459034259827,100.05360380210352,0.38430931052580275,0.2880435162613823,0.14104808256477216,420,-163.0,0.18405728963775306,1
573.98629866687,-14.691971272867363,587.3428123985296,3.012910799175368,2.991795976604546,-0.13462014745706563,812,95.0,0.1516421935287793,1
162.24705502223506,-51.38945819194626,231.0970999093387,0.3779024244157038,0.5144351303216363,0.07326065108967622,658,6.0,0.4543594013858839,1
250.1219700871569,33.14463852148728,214.64809391029718,0.4755730632745763,0.3512840591641713,0.15221211317508992,224,-52.0,0.1793059199382036,1
172.82260431941936,-19.39398025139826,204.10291883844116,0.9941957361449549,0.620380144110461,0.623756570548394,294,-210.0,0.31511174738210135,1
167.99265280287588,33.73710215349266,156.19813366985048,0.37732255440214807,0.32856639794469633,0.13510529708085514,540,-156.0,0.2694805160290897,1
552.6800217083885,-50.89899420263043,571.1113397002056,1.604559298852992,2.1999864178590673,-1.2711260902750088,111,38.0,0.5116003882561382,1
129.39183332465288,-34.214594109699334,159.92300689744107,0.6453702185678967,0.49689942091485834,0.37170527157617655,399,-202.0,0.19090159551177127,1
511.2139844459252,-203.29386497964714,587.5460455299759,2.8082466484311035,2.986768636921771,-0.18842957437001617,809,-381.0,0.18544094201031053,1
195.67348740187217,18.8758856163914,180.9008936103159,0.8443743848779078,0.7392900124591872,0.4456022357275869,289,-220.0,0.4306775106808811,1
171.39641764297986,-26.598441597643557,172.69299859914813,0.8425929013295574,1.218385254348885,-0.7408565190391514,496,398.0,0.7205223963936631,1
141.41290338628212,12.514329855984755,163.58359523216748,0.5715917964781861,0.48562151066801496,0.1885501912925156,293,-200.0,0.6259685486881764,1
50.06190074115419,6.104111929251538,73.68680382586709,2.752855305203233,2.8508892351204023,1.184556154063132,19,-15.0,0.3230391405179226,1
184.59849242409942,-21.58106558564478,182.1087919996088,0.5326925727746149,0.5536267307357461,-0.12000888991739456,485,107.0,0.2181845446351059,1
517.2396128999751,-135.75995169723546,609.2559942047258,2.974002526608672,3.0293868747961343,-0.03247539706453173,842,-148.0,0.16359141156645338,1
386.841875693765,-75.64408555865185,270.4564372920756,0.8363528761610647,0.6982293432198643,0.07583694725847523,369,-5.0,0.055506092371832724,1
227.45301245170398,29.209747658579516,202.88075613326492,0.43643767948597767,0.7276005010262356,-0.3003824219956661,685,-296.0,0.40720413601825156,1
197.72563278078036,2.696185755207864,189.88064404987006,0.2291886296911981,1.557011650764981,-3.1683932814911553,625,599.0,0.9196090124893039,1
215.52815361185768,11.393631166196172,208.29355924604096,0.7692781118269236,0.8008932107430441,-0.4050223652327458,313,-9.0,0.05870031591472501,1
113.90704705539127,-112.52206899096143,153.76657604697476,0.35278871590894134,0.40995193995016005,-0.10886602153921782,526,157.0,0.39111046769822494,1
185.9390982426237,62.15149666637535,144.13983331917603,0.510281320476243,0.4390180131839065,0.1057257042437515,528,278.0,0.30426629567153357,1
153.9212884869554,-7.425488526814831,152.08396632041337,0.31551062454731443,0.6036191340247451,0.014514131553733711,1073,437.0,0.78932691424453,1
127.73461429323743,-45.23132753457182,155.91165590524005,0.5252765933359048,0.504894206933024,0.03251223029271072,413,-76.0,0.13296970276647913,1
603.6902584374478,-7.402166015198077,570.6798191624465,3.0694671407528995,2.9851695836577683,0.12575233066784097,1017,55.0,0.20962205510379547,1
586.5741102179569,-59.73438139658333,725.5268461940622,1.9095589122211674,2.078918654704141,0.10131209904007932,138,-81.0,0.43498721121392564,1
224.2247565516662,6.648440522858721,215.2342767673149,1.051230882360265,0.6233713196626696,0.5870733717592466,290,13.0,0.068551466178674,1
195.70392116288036,1.6373601731001202,184.15420661492698,0.5618082448268069,0.7216912734186831,-0.32143914442295185,241,-21.0,0.9231396217413981,1
578.5633216983321,-343.39003855036196,846.4403930519026,3.0809857279558575,2.9042425451256304,0.46762219958336937,183,-53.0,0.49034405139106163,1
312.2498348785742,-188.49053759775717,286.50476110067865,0.8112532845514,0.5635080212775977,0.164102806993764,439,-125.0,0.16265761292160252,1
152.1458902440219,-6.688425876176012,165.78820309397793,0.34906260613788354,0.31931173923271894,0.026974071978803082,468,-110.0,0.13691970423844796,1
231.77997974543882,13.327100895237379,226.08637539648734,0.29324144110527955,0.3340179425496109,-0.1385538646109692,248,-35.0,0.06164324287444786,1
82.11816024429389,-21.99238013458863,109.6094725662216,0.3749385754930888,0.41304055031747017,-0.010581449742521898,478,-54.0,0.2498226634820656,1
126.47471412187883,-39.78638780243597,137.81817348439483,0.4117408982311268,0.5338583196082647,-0.11782609365111929,586,49.0,0.3854069677810306,1
83.36618891009701,-32.37548630332432,90.81172137680713,0.5588564540987407,0.609995512116164,-0.07915934749852971,273,-206.0,0.22113162511365558,1
268.76678799594026,8.251886616325407,220.3355050508231,2.523066734873004,2.7244496632428192,0.40676712917130775,53,36.0,0.5598354363817472,1
149.85144714552524,29.227150671998402,187.06056157677176,0.33668552224228326,0.5145168948176921,-0.10018074145927086,662,236.0,0.26177711920964114,1
140.69558322243049,-107.05416011518389,183.15665723797184,1.3428269230647831,0.8801262404314425,0.6497386239432515,73,-199.0,0.4017572015349554,1
186.53584330013177,-3.2928116897585085,177.32345791637067,0.6401476890265214,0.9971133398806856,0.3754711520614445,401,45.0,0.976028443159218,1
87.84730083450232,-150.29939813267458,318.6652429269062,0.3809343521684631,0.5503543718173829,0.09137089202865856,610,89.0,0.2576071283198399,1
270.67653199114113,114.21025132043002,180.23698916537222,0.3971771029255688,0.42550727372337216,0.08015800189555405,529,-118.0,0.17609352442806328,1
81.7081646777915,-137.7597567425562,123.26098540018604,0.5014372672356815,0.39626276180280684,0.1346628948775957,502,11.0,0.2668363805385839,1
103.30157009183642,26.352604346143806,189.81219735305666,0.4497325264269071,0.7268586906538841,-0.2204123591206567,269,-162.0,0.6330866205098411,1
161.50087109278758,4.440375443386131,173.6591065252419,0.5235535605673878,0.5224068226884709,0.04935037767907441,437,8.0,0.014614577866839694,1
97.73065969457146,-7.562316179452182,103.0064054680175,0.1767608026893126,0.2139771381545251,-0.031049462486353013,559,-297.0,0.21117910313228896,1
68.2806199119161,-274.81419043777265,421.2663583864166,3.084962500721156,2.652844168207648,0.31333378547830204,12,-18.0,0.4681484989787802,1
99.91418464555143,-8.050669072172042,98.21628637096487,0.342986030327174,0.34878652143334204,0.20838678088465723,562,-343.0,0.480002777663411,1
99.34985171712678,33.873835296008025,128.93548058235348,0.22330147387802265,0.3758482645591822,-0.007278877408197076,574,141.0,0.23836019981966802,1
164.82002301675877,-83.26463995134975,193.39437466079957,3.485584933949226,2.63356788739072,0.022304416138416272,56,35.0,1.0714124699921228,1
127.88509331984555,-187.61242130381123,245.29649746804972,1.9465603194454784,0.98889749115074,1.1797537763751227,85,-447.0,0.5338283933304745,1
649.9075786705174,44.9190339931057,589.3548028580337,3.1351332470064173,3.032875708754426,0.09984432410942601,1365,368.0,0.2143318347639186,1
489.6638617282665,-171.9449270221163,746.7581834327121,0.7473805210738493,2.0584306920406688,-1.1264145841111675,96,29.0,0.25666134018596476,1
127.85461289156981,-12.152269697301307,144.13815716181782,0.3746656862363509,0.2890156757228454,0.17759176616651434,543,11.0,0.08345463742020612,1
2.449489742783178,-120.63604794047538,98.23885757021618,1.3787834934861756,2.0349399967137334,-0.5586506953618475,7,-15.0,0.6137973872599534,1
210.05766015486253,-12.642899644136833,214.07808035413888,0.6427802223744098,0.9627198093380416,-0.4568469481562446,297,-14.0,0.09541228345454296,1
580.6062890303006,-42.92583916819069,601.7493066615103,3.1651361619573555,3.0414179183441847,-0.10959590362296323,1202,661.0,0.3062554483699232,1
123.27051891369217,-9.070886976473389,159.07996714328448,0.17666738325296905,0.49535525476953435,0.02014461844175386,1211,43.0,0.7560676590595592,1
220.76605173148187,11.105453429639766,210.27839072657557,0.4504600571182872,0.3876159269946683,0.09929083903676078,289,0.0,0.06139216564745867,1
161.52944989516112,18.636990271700398,175.97481284364162,0.2814415181334431,0.5070255719594314,0.013759591382224712,732,200.0,0.39199445985111403,1
250.4845036349988,-144.93724097788586,313.5432953244247,0.30785028123998254,0.7516963946374629,-0.7796092337110279,535,273.0,0.3404767263639438,1
170.2648411366985,-16.311192619103963,189.2933706034938,0.6030079874214781,0.7024912438667383,-0.2791754331049816,410,243.0,0.5671561459528625,1
106.8903543059379,-68.75645679865642,109.3642192475809,0.36823187086309245,0.3568485224576873,-0.051137039120401295,566,-132.0,0.1810708820275333,1
207.6581149172392,-22.878528014909563,209.75366324097232,0.1880791865359117,0.4098704874281333,-0.3954421605944447,341,129.0,0.193386397083017,1
132.10824113775982,-45.5352071057348,139.07996832327126,0.3046811400084245,0.34139672480324545,0.0557744261831673,559,-49.0,0.09609232281973193,1
386.818083330959,24.88347851502641,323.0429631360982,3.3248629576173565,3.2247844687775293,0.19677767872596164,14,0.0,0.19999998656361104,1
532.0011074800894,15.995239673703395,559.5515132517527,3.150772249458661,3.1305269710648043,-0.13915604203052556,951,42.0,0.058284973802560085,1
538.9048284441994,-122.1079918499853,599.6172634103219,2.6301944572502167,2.614230352761564,-0.017417649893884057,977,-12.0,0.05762536905392975,1
208.68823290923365,44.690327546737336,177.38729714859392,0.5151214143880871,0.45548053692445195,0.22849393122237616,429,-73.0,0.2197770879094428,1
138.52892015735875,-10.307613419018708,150.26511290549396,0.43267522578846446,0.45232837953405103,-0.0794401955405632,523,-52.0,0.13028002262685306,1
217.76102476369792,-2.041746290866598,212.73860284121298,0.550447898679169,0.4573918114222115,0.048937654632294825,296,16.0,0.06954672464965572,1
108.38596364659242,-67.74321717317073,170.77153963619799,0.5370155146952975,0.8690647410056501,-1.1509209742599018,198,41.0,0.5003067266188723,1
150.18425610940974,15.164466076704002,150.29520113308976,1.1356390037847837,0.6414475225443906,0.7856673064302936,119,-510.0,0.5215969401850499,1
60.42632594740358,-215.17742071487783,285.69662609078205,0.4047622928528065,0.5162234404844901,-0.09598653059733431,446,-24.0,0.15584832499398715,1
73.89290852340443,-16.070645284749574,103.40060421301663,0.7607421235680237,0.4946046839383456,0.2671906302808378,323,-298.0,0.4356164283804438,1
114.28591279528904,-15.412790139032339,102.47435850947363,0.15393054576701856,0.33026236548680266,-0.2461560770596906,642,-7.0,0.20319578160538063,1
777.1305999962332,-32.86559036663925,793.7991681170486,2.6151403046755797,1.8790665860856133,0.7101826689412858,71,-33.0,1.3806440440488925,1
394.2538232396236,-324.3723418959017,329.25002058585653,2.067615282863714,1.8273126304759946,-0.9023486241152208,216,170.0,0.911523834181407,1
118.03118232060542,-193.57613859624917,152.35589103232633,1.7961182137782963,2.2701167784203475,-1.189109922255955,25,11.0,0.35685692479318776,1
232.16304648470913,30.378699714806004,212.99130010835984,0.6322783940675022,0.434258948030224,0.1272721552742777,280,-44.0,0.10868962343615378,1
120.62429647352684,-5.025337843804607,221.1022042588539,0.4368662637015541,0.5750525058897757,-0.2545106175527032,426,27.0,0.1627944440675148,1
117.06121459250211,-6.911443667424436,97.78444430702935,0.7546483103859393,0.4417302552356329,0.4574087801778825,371,-55.0,0.12036553915571785,1
381.7199918595091,92.35353886092292,291.57099402785235,1.9284423227179774,1.1963400173592174,0.8653909141247202,62,-53.0,0.8137361335262854,1
174.70726999109678,24.740865764369346,278.85430429753137,0.22913656722762368,0.402224432680507,-0.0641162799024391,585,35.0,0.06262617791191771,1
115.75836902790225,-235.5487945136174,268.2493655119018,1.936278124459133,2.4039745143368614,-0.49072931052990487,16,-58.0,0.6579365174979642,1
141.61707132523117,-44.96712161336012,166.11830249517274,2.7606802816555844,1.686941261781837,2.3981894269029196,57,-493.0,1.1878890616129714,1
144.55934487589147,43.57443389328435,123.65014620225506,0.4217534517233955,0.3392938352990319,0.10427682828651774,620,28.0,0.2839736028309145,1
181.06602617574137,48.99593123802964,162.14119971387146,0.5827182378780179,0.5597204131860707,0.13649792647751663,507,69.0,0.19607483288710073,1
634.6426291602265,-38.911332802489596,622.2247950399775,2.9167194611560308,3.033160461129648,-0.13649782774437202,1020,117.0,0.09964612396368144,1
68.06530550250096,-67.53920523859986,246.28235448637747,3.2195282822995477,2.9198997841132908,0.3478747598602139,17,-7.0,0.2622021988884498,1
381.1824827588954,-139.77376851711585,391.35338163147287,2.1199458184485027,1.786136100436514,0.17920194329608008,181,80.0,0.4393733325067564,1
204.6112681788558,-99.10081737937062,352.25857526592876,0.7327741819053167,1.0679962359796327,-0.16293728458809698,315,30.0,0.11982622887090201,1
197.37267022926383,18.173877213625985,170.9356279846548,1.5307203618033598,0.7231204501184256,1.1101472224876825,177,-61.0,0.9323490964967572,1
307.2049541396283,-209.62715491864867,374.30416283202555,0.7999746161953591,1.0746892580818606,-1.3311718949799551,207,91.0,0.5293976950203292,1
187.78827754545654,38.978480048659804,168.12902411058838,0.27599173489299894,0.4229361820659453,-0.07441633607224557,465,-195.0,0.32149614383264097,1
462.48596125241687,285.0392935244041,229.56261535899398,0.7605159289025895,0.6540007137059619,0.1773968900174635,374,-5.0,0.10406122891342795,1
186.90084129200187,-52.08915566659735,196.17089281530718,0.3078158428185081,0.4305336622881354,-0.24901577074136977,446,-161.0,0.23973701632045896,1
199.90224882838433,160.12479080538233,92.72441316015605,1.351385298073317,1.5765221934183766,-0.1264317294441164,413,344.0,0.9616943505505116,1
84.27032142441458,-32.81077812642599,113.64688225517243,0.31605098164398754,0.4841439282181693,-0.7023225221665854,508,385.0,0.4450060221960876,1
68.73152196656969,-26.68149922276467,68.67005282443961,2.5814206415321603,2.1300251354078306,0.9464918114641583,79,56.0,1.158900716973017,1
339.4481471030024,118.33017632821125,290.6050365841319,0.36242596753097645,0.45774675898967293,0.03211407807041228,538,119.0,0.26381060225309205,1
667.3394779847091,56.35452543432689,594.9690458677486,2.734538838429321,3.041470915518067,-0.3405928809744303,1029,-213.0,0.18303434224900647,1
297.1726034480329,-127.92124506703499,566.748941716527,0.5086023534236698,1.7608484520491081,-1.504644514537076,512,365.0,1.157232584199502,1
1298.759924713115,188.95390846010878,579.1214754149403,1.3923626638264939,2.0208520296432555,-0.37895227661560504,70,9.0,0.5211654085295895,1
223.50579656138373,46.82611145931398,200.5760838082711,0.7329190711207874,1.0914880120255694,0.37227590669006255,172,-409.0,0.8259111867264531,1
171.31800960647735,-29.107313747352634,198.49452628681007,0.4658909659035146,0.47305699156395775,-0.17043840803470384,622,91.0,0.14988637429366655,1
87.3825137181559,-11.678268374218248,83.78244412614781,2.403630337149986,1.882488039376963,1.1750539571210945,27,6.0,0.2048172584571305,1
107.7404628222514,9.905502725454781,96.62698336691642,0.43571161822766735,0.23299445692227821,0.2790617991167252,485,-374.0,0.3050337863837513,1
129.40545819204092,-525.3536109384178,326.11210450145427,1.3105759987339314,1.2382484413609578,-0.3881139390414732,978,-56.0,0.49053917871031366,1
537.3430334323504,-46.627345186191974,561.4031835195972,2.9439111972878944,3.0795938779510568,-0.15131178813161306,977,-28.0,0.12318260705473368,1
166.38140985170557,-65.55407392089174,178.92955751445146,0.3309257777441941,0.46722565848264697,-0.10008998060434221,595,88.0,0.25319433023020294,1
552.3161384977961,-103.04541320962812,627.7028618129254,2.8753438990788007,2.998771436769885,-0.1020634668769489,813,-411.0,0.15096472807330727,1
150.5652676315491,0.4931086013434367,173.12874417737765,0.2697128544646066,0.41527707715624224,-0.1501449707280882,625,163.0,0.2500978105551778,1
186.3652173103409,93.93496855327794,117.31297446502144,0.5858522794675057,0.5165981916252005,0.19948099349409187,501,-248.0,0.47728879226489357,1
93.62489917051197,-61.1808945429611,93.83086326181262,0.29949876295358535,1.1919971578905808,-0.543257318387932,521,326.0,0.8254863314733063,1
765.0607457179683,163.7900060504113,549.4380206687172,1.3947603212462318,1.7011765663022032,-2.049773958725086,2502,2374.0,1.618680221735399,1
146.47270728125173,-33.0263254309551,175.59109388495736,0.30381527826710986,0.34096246369409,-0.03348202868161515,313,-182.0,0.19818743954174398,1
619.581072540863,164.95344264681023,540.4874346432124,2.911936747859647,2.9943564280178574,-0.22861584640469035,1190,-729.0,0.2923530884473663,1
250.49423251350103,100.37294868488598,175.2142000692865,0.4697633402794817,0.3251378416740104,0.17631883548534616,551,-230.0,0.28359858083933376,1
134.21278218834624,-64.43177634429193,192.30660740680258,0.8854335307960193,1.1660969682795723,-0.6120798868738007,328,219.0,0.7785159674577486,1
148.55333637816827,-20.04575631809385,195.24929994188122,0.317972370125276,0.46233156732173775,-0.13370558622465883,613,28.0,0.17059782830637427,1
229.4724567316032,180.1258509719362,96.47461084924393,3.6945488277869583,2.93171190885525,1.4377691783399187,32,12.0,0.35948317203578656,1
210.4890227499402,-12.914877958998261,214.68630396743825,3.2421263734913377,2.557811956809277,0.8784036436284945,26,-21.0,0.3829984567522787,1
141.77007990247998,-47.96968193243964,156.76267206836766,2.079320563864013,0.9278360960751219,1.472794881683118,75,-293.0,0.726470708027473,1
197.16306699056977,-3.6179565845557704,206.79468453204268,0.37508088939859335,0.3358915889470279,0.06447158138303322,328,9.0,0.10499759579889699,1
91.32643031955008,0.7507348016952591,120.13884837203057,2.466444166377332,2.49870055392934,-0.04068408589668637,5834,-674.0,0.052231091525739286,1
399.07924954429325,348.2098804865456,200.03256266694376,0.8946827521477572,1.9760271178201083,-2.856946415240066,197,173.0,0.861255768597245,1
446.09674037713444,284.31806031747,208.32906556671293,0.625915178742419,0.4944527157511314,0.07354408342629815,369,-607.0,0.6026356228333288,1
112.15795043670332,-4.098247887661387,98.87685178780745,0.3820551325063934,0.27454249711957496,0.2013996403528604,476,-199.0,0.2337258554597286,1
177.43850893208025,39.44895686122143,173.33169780818199,0.59364575008667,0.5634163655798797,0.19189720755452044,384,-276.0,0.6206226058869452,1
68.54945439232831,-38.34089991360959,104.32949999477071,0.35963194705482154,0.36976686107551904,-0.008599923808270904,558,-8.0,0.17368714269550534,1
147.36389844570175,-304.71874508966835,358.8451233062206,0.19312674302176946,0.5349869698237392,-0.47240237772331817,697,187.0,0.21793324001157474,1
89.29724966110207,-5.854443160289222,235.62718624391695,0.562448628989458,0.4890612574042844,0.18002443106478488,272,-268.0,0.2592292106884551,1
470.85241389534804,89.79841645073014,370.7913533645331,1.29835852147357,0.8009202073532327,0.5756619599475237,232,-57.0,0.38706371834080633,1
82.8406939765258,-0.251092007163237,66.11788472242465,2.572623663895164,2.9210888666217483,-0.8061598295910124,22,8.0,0.3602190585883348,1
104.11054037888252,-13.159456711124662,111.7027948754255,0.3855200252356107,0.42880438900542817,0.019898690838681676,532,-300.0,0.2729608466921818,1
261.92520543588466,49.68512954528012,273.6480019204467,1.254331502037524,0.6989516975537494,0.7715693402098973,105,-115.0,0.4697901992990588,1
409.3387728801328,-155.521220022965,560.4540156544571,3.180801192325464,3.0668755793721942,0.2164150991027851,691,-258.0,0.14716498613531823,1
117.26999709000718,-15.48463548843948,111.94695817941033,0.365621334396929,0.43688484185854587,-0.028976670278323347,832,347.0,0.2625740603533148,1
326.3402951467187,19.556915815455,319.6773645093109,1.352346351957192,0.7563776102227392,0.6405724880038536,101,-69.0,0.22831619830269928,1
211.46698339850056,20.88798056615701,180.6939568911463,0.4659653556530045,0.38663572402456153,0.4305038421782337,327,-275.0,0.26985300510589705,1
77.81942467458381,-14.347334797348879,95.8253766303208,0.6380896411556244,0.4849278945074718,0.40851537104168767,223,-202.0,0.35878151146424664,1
65.47601642111876,-48.382675815323196,129.12527616808282,0.23058035128621973,0.3830746506192829,-0.04121977503350738,433,-203.0,0.24082334591712265,1
148.6099322524753,14.511303639359483,129.93951646583238,0.7112684382411113,1.1864040030220244,0.0727438000701961,495,145.0,0.7355483540661474,1
182.78511818636187,12.435811996630747,159.55909566876147,0.5017585906591833,0.8835616533590851,-0.1487080201195582,477,111.0,0.5374299079279365,1
106.97441787707959,-296.5403065264514,343.4884213581191,0.4816177510641018,0.40124363097766846,0.2725292292313086,456,-54.0,0.23366880649961733,1
67.3597716962818,-14.428505666978438,217.90103911711518,2.913977073182752,3.1620358001221236,0.18181818181818166,11,0.0,0.45613818550253726,1
93.76145469971613,-17.87783145140594,91.25599888198836,0.5781859634042767,0.6156976969018276,0.22254460023660927,206,-331.0,0.6214004533981919,1
51.57363667611584,-79.50151140483977,121.78986749959836,2.6565647621309543,2.296002965715298,-0.2764345445063361,15,-21.0,0.5674602817469204,1
120.28408549966116,12.5283483489698,112.22411848616085,2.5847501590603486,2.5152754676713736,-0.1283558522773336,35,5.0,0.38531546291914065,1
306.3089975204582,123.00703645150611,205.4529530754709,0.5071270293621599,0.6551155152052028,-0.010507374672888647,742,131.0,0.29536136390538986,1
175.4164556246603,-13.947756641631372,176.18817225815906,0.9269010298536581,0.6751294553798719,0.4153791372233221,207,-316.0,0.4189823137157955,1
95.8611064706426,13.53827313207917,122.91513435783006,1.1255422582933075,1.8620543164966428,-1.9310225038376467,107,92.0,1.2738641742654273,1
195.94391044803274,14.187278108407497,174.2136425899849,1.574255537742983,1.2951246874495925,1.046017823756171,120,-337.0,0.7037035832527512,1
533.5848568517019,-159.81500990250674,564.5224558632286,3.19668857115748,3.1872025922774005,0.14814817717655693,1008,-183.0,0.3086674208769514,1
644.9864328000712,-68.06472868038452,632.5008399816447,2.6887371213383977,2.6469990043045106,-0.08188693082318776,829,-384.0,0.29741648297792667,1
126.30081643813757,-1.4493252074064884,95.58910534602464,0.4584592975340693,0.41812004564326377,-0.2790280212526089,606,249.0,0.4037602207891668,1
197.06266512784762,-10.033182663936742,249.04756890768604,0.779454497243035,0.9174333026296481,0.2870777158424996,323,-8.0,0.10861152624054635,1
627.7777021975245,537.3332777932685,751.0673812529161,2.260295084368281,2.25688092543052,-0.033978982824581117,91,72.0,0.46160668189321186,1
335.51901360080075,282.0813036669422,120.36338895154131,2.2224945678306303,3.281116155166231,-1.2026239825265095,36,14.0,0.3372169454305531,1
45.39055471644865,-138.81826091163697,618.914538374417,3.083587370023806,2.1582624280392473,-0.4235399821564161,23,-5.0,0.6957950472128054,1
474.35558068820507,-41.584742895058696,584.6142045791045,2.9364902098989614,3.0494013434256315,0.013683483776600891,685,-91.0,0.3201543585507066,1
266.9702442810748,136.2047881779892,178.03896089607753,0.38711441198156843,0.5328256505378207,-0.0573558373837304,495,33.0,0.037951958499503315,1
162.19218527498708,19.10239553207981,152.8705950882511,0.2952513969496293,0.42516579502387974,-0.19808485634154377,1101,777.0,0.48039067189349954,1
111.55281969883697,25.456221187706475,99.82793578960846,0.40989640843147956,0.2719581054863335,0.18251750055925983,461,-61.0,0.38721613928558807,1
607.4235383065135,-107.25715728920716,675.6967881296829,2.693474449939893,2.8799439541675067,-0.18375810367180234,1184,-98.0,0.04795343247081882,1
246.3705830353156,161.0780074908065,118.97975866929127,0.39825271261978495,0.30565084735585557,0.1381293776234559,553,159.0,0.13202356840016774,1
482.2150732308669,303.053658227225,242.08748126449694,0.8634828228359055,0.5589893217018139,0.6554336241553378,489,-24.0,0.2602132108611441,1
578.4163806247192,266.5087039632901,267.9943389322972,1.6290157730728,1.2602897419605585,-0.5630788119292103,80,14.0,0.969595705104975,1
201.4383676776481,50.207623617627405,155.2523280800113,2.0451265886527508,1.1481841514019642,1.2777159149428408,82,-302.0,0.9339139844888511,1
165.00939709451916,-1.7812016000466713,166.62212916690936,1.414419655045424,1.3654887581471942,0.27044767478522647,407,-269.0,0.22671795504080455,1
549.7700301929832,-81.89375421934824,604.5407995604161,2.99470165583639,3.012472579892588,-0.1421075071976614,1228,238.0,0.10976534117765552,1
590.9961511803531,118.51454536802481,565.847723302247,2.926420053184648,2.9505608015154587,-0.042348478648833954,926,-544.0,0.2963285015909713,1
191.65718287832476,-118.65764955108358,234.05733084887834,0.3701543738632963,0.5124719767546393,-0.30610020867500987,692,149.0,0.4083206276231411,1
194.57683979092639,35.46681569435907,137.09589561942386,0.4674846275034112,0.29289331094759385,0.26086300571982035,537,-164.0,0.26569867350754395,1
270.3914338714341,-122.29407854410448,296.43775057396385,2.807337739104874,3.192805384298988,-0.9987405619209788,81,-32.0,0.634110001563504,1
548.514922555029,123.72381371358563,336.21291080997554,1.0550173507935279,0.7274509902466442,0.201063180366143,571,32.0,0.08520339087450311,1
192.40854035099377,-135.0519266339791,146.05161502423456,3.3492750707107137,2.969972280785192,0.28779288398993685,25,3.0,0.2313225302954689,1
158.23478503704027,13.792484515568333,166.0482045876328,0.6304872255902582,0.6518475073578686,0.2127745716748599,342,-241.0,0.24122467855736512,1
18.467856626990088,-68.91465709116582,67.52851336466355,2.0588138903312014,2.043924983965639,-0.34481644681878443,9,-18.0,0.36159487608356305,1
283.98666669813457,-26.980778069723158,272.6283944097599,0.6910100446317177,0.7251017395986167,0.19026368371699287,123,-148.0,0.4979120982237552,1
118.54374628661903,57.624430360595795,98.15411395367153,0.41693444064760043,0.3345281990918776,0.013469826633087545,467,-23.0,0.16146329749316238,1
143.8102857817251,-62.496984061299685,174.78180518952576,0.4992187253638516,0.3188027049665094,0.22058741274281873,549,-1.0,0.10163916275548497,1
551.054721988982,323.4988487967487,327.9952753870516,0.7775467765866965,0.5775274571181089,0.503534401680261,378,-91.0,0.40301769392694853,1
93.35484231553914,-5.715896935688079,150.11515642189568,0.39279533216678925,1.8770887586401066,-0.46679980923159686,547,356.0,1.4395965302712945,1
180.7420148040082,-5.608483384614658,179.0651785619981,1.295267083638794,1.280798506542245,0.22915097610363966,321,-4.0,0.6989229447285107,1
446.3576831157185,270.18337934766123,242.02264893255037,0.6490253753925266,0.4705392655297883,0.20376975325455976,408,-72.0,0.24665567154334606,1
253.34172216439885,114.47298315656738,242.0532048909184,0.5102118029722621,0.6842991123511439,0.21011733849235603,496,-252.0,0.25052911522690774,1
97.34542461987701,-9.817690370596821,102.98737184870944,0.37510323871798934,0.3519525426552766,0.08459578355620279,578,-40.0,0.265535563475241,1
649.6317915799542,54.372178167090624,635.6409264224781,2.436254997377235,2.5410084037844887,-0.2626552826182955,861,91.0,0.17373571231101417,1
98.6209257274296,23.84411975728308,103.33955324262384,0.18923967963443966,0.29400092489187374,-0.20316380433409031,561,113.0,0.32164204086826587,1
175.75348335906577,-21.295951858175073,146.0414320599196,0.5249810932800796,1.8565627214291527,-0.9824071204978597,669,413.0,1.018837290307103,1
103.04161217307329,20.9234519287794,107.85898849294071,0.1460333036151643,0.3333422486832093,-0.22890527187792448,938,460.0,0.3308979709880513,1
56.00306679374541,-200.94874653902718,146.69344185577395,2.3134597501718237,2.9099267073016164,-0.764359780942959,19,3.0,0.47160634716448957,1
700.4004172576043,87.7955180094898,675.1797846475923,2.897606399351129,3.0349122563382034,-0.3758940462592064,910,-83.0,0.1923597949214348,1
128.29741390810688,-54.01357254280373,162.12480092409595,0.3363227155073141,0.398453539026187,-0.15749624015699054,604,299.0,0.269249460484565,1
132.41764658820262,-24.56551440301712,143.1060141119627,0.4296137897058857,0.44693670859683376,0.15007403210004772,438,-466.0,0.4505795841981959,1
137.5689778089048,-24.450758591661014,153.0399064252108,0.6332584533718448,0.4742448816592355,0.269291796805315,515,64.0,0.09605820165103726,1
171.7175974687329,27.787182266130117,151.54068437601,0.7147519819309929,0.46361423394434204,0.2618238047914387,426,-83.0,0.15863915895172215,1
556.9968429230906,75.50324780830789,585.9924878196159,3.064968259073047,3.0651615669184267,-0.15501756842464776,894,12.0,0.09381537732790471,1
213.63651321418132,51.563132104963216,234.36994608110945,0.3046417733260276,0.49129211441444937,0.02644476084053754,652,-70.0,0.5476997680213511,1
266.2062352674912,-35.232049627035394,353.32949235424593,2.2910299552901288,1.5756628910760315,1.0671570702453523,38,-268.0,0.629896781574111,1
119.28509561750813,-33.936017496124876,144.81627605300258,0.773041678597419,0.6078444575105502,0.11802008134716946,262,-198.0,0.32658981438752926,1
157.97842839565277,26.010272294074014,147.14631155593176,0.4658310719150125,0.43573506735864953,-0.11188455098364536,587,68.0,0.12430959192202141,1
895.6391864532046,-33.57883132705467,523.4637556084626,2.0418906681155926,2.349197687529271,-0.02952517474995764,129,78.0,0.7343294269243704,1
161.18295902790632,64.91234435239903,161.98539470683946,2.047710872684119,1.1900143568717827,0.7374035659700424,44,-20.0,0.7381710920708099,1
150.89457254217035,-95.08757080110163,291.50651050362274,3.7294461949052566,2.9531355042670038,0.4488071326756904,23,7.0,0.2269919587286352,1
872.3145053092029,285.740395091246,784.3064711309589,2.3818821240324777,2.2294919248960765,0.4723232118113103,90,-48.0,0.41267116859210434,1
773.1811693653416,-185.94487374582616,381.2665947389573,1.4161420365947552,2.4892466800897464,0.5304168423348276,55,-36.0,0.7152738714461917,1
91.30783098946114,-55.904642888855136,90.45822042536321,1.7019011889093374,1.7609681848844574,0.2186749919384261,25,6.0,0.36653651428278905,1
142.89245962346072,-108.86872683330535,169.623335117291,0.2676819267512184,0.5278493815112996,-0.6470696923423503,532,270.0,0.338018706243686,1
151.2307440600207,-23.613969937445717,146.420405164788,0.7674106737099099,0.7937177281246599,-0.5696034322283882,384,186.0,0.6768289135238941,1
155.3814696498176,-11.828665915253765,176.38347666885812,0.45593723121980534,0.5629656813991801,-0.2238226447346936,440,54.0,0.13963836980306563,1
191.5224341317453,31.80324048641836,160.04293375627805,1.2458742560505787,0.9764555325133722,0.6234057631694423,185,-100.0,0.4066823921878345,1
733.9838362961545,40.10299083039183,665.8524327139628,2.9611002131570316,3.0442965485199895,-0.01550840295155087,1349,-266.0,0.2590166519155891,1
132.19439236188637,-222.14360327824542,274.5511570905165,0.3494187504385559,0.4577394596326533,-0.04683583980231071,490,-151.0,0.4301949919103382,1
163.24652650027326,20.71233150995249,147.54210441775928,0.5008125220562184,0.6247747417596866,0.20363265258506213,475,-274.0,0.653328486909436,1
141.2237123775077,0.14348157784257864,215.19709015259946,0.3515151206178381,0.3982352183637439,0.054176110537439814,593,-180.0,0.17516481524678476,1
127.00673579338802,-139.7796905839566,177.33833843382416,0.33057801454742364,0.4735816479152293,-0.11866377887954832,743,231.0,0.5047291431547507,1
206.8007510481985,3.0698431832890662,207.60970773990644,0.7560547171828659,0.8424137975078452,-0.04582655894013732,301,-20.0,0.033313202222394075,1
98.660928887219,-75.51587132993353,171.993861861121,3.199581230646064,2.2480855056711553,1.7061795776129405,30,-268.0,0.9696607095834989,1
138.62267592925778,-55.19597799494244,183.1066628201055,0.6081371376189934,0.727626709125419,-0.007770643544094624,541,88.0,0.2829087973316348,1
200.76092879976517,14.684057286990083,182.88442170238514,1.9201652847336497,1.8075688618872061,1.3373972668861738,65,-402.0,0.9935818974649535,1
578.4332801862705,-36.024582468266544,597.0598504048464,2.9949076541688657,3.012073845516569,-0.24079597721608126,922,-56.0,0.0985587323985379,1
159.5317614774882,-131.13799564871647,337.92141409078664,0.5854736398871596,0.5914713905935386,-0.15976555885126187,330,-154.0,0.4733282861984406,1
402.97513498635817,191.57528181563123,498.03322471377487,2.2667148143366616,2.348601141414485,-0.2063576000364309,124,101.0,0.6591101692905421,1
193.32035650388553,-215.27001157750823,241.96945691555138,0.8666366478711908,1.4092502877853887,-2.3232614475930973,441,426.0,0.7433345932982635,1
648.4927416766678,152.14443370534337,592.2848870336545,3.017436134949022,2.8893499132434806,0.2589774425702114,1079,390.0,0.4337204527339358,1
452.7450879517576,-167.40897205350342,603.2789878372835,3.0411240812816938,2.953827459751093,0.029239618801450096,607,-207.0,0.1402364298628136,1
205.54705646345298,39.46807962637462,160.81121254575552,0.5932549779736548,0.562591188812059,-0.05844946661812045,384,-255.0,0.442205824220907,1
811.4848608701418,-19.786288010755015,582.5464268272341,2.1459382363516997,2.130665238329157,0.8638447000124501,195,-553.0,0.980180503287889,1
205.61846606496144,8.474015003289736,201.14288148564142,0.7489802874201235,0.7896458594472395,0.03497192786748249,287,-68.0,0.0872863088435525,1
86.82985356078724,-0.2680856823898239,68.96500211558269,2.459190423419946,2.197843788948818,0.02464128342474403,28,0.0,0.2620590980553595,1
402.47597915667836,115.58863195216617,195.7730342734206,0.47714565976243795,0.38458087026396487,-0.0407297234463363,465,-157.0,0.2398058308962596,1
155.1699456996965,30.24728757992891,149.2251343610168,0.3784035628336046,0.3461857473523229,0.0843503363650967,657,66.0,0.08829841529178532,1
488.9300144443012,272.6896644512974,351.7512166780235,0.6002600955885956,0.7906879635106099,0.0011453744205565108,443,119.0,0.3122909409890605,1
202.5445413548311,105.25132983283197,173.30709400697233,1.8829754980746476,1.9988352749284481,0.4434785111531343,48,26.0,0.6565150570329555,1
185.91502237734053,16.617105234154764,161.8934232616203,1.0224095583751964,0.6882202878798561,0.3536405185848489,398,133.0,0.353734583015315,1
399.65842281591665,-216.74844980542264,540.6650163612162,3.127913647329325,3.108233868881666,0.08235262902089735,1367,278.0,0.22035099331571556,1
169.27015347391077,49.124650136365474,136.16954419140976,1.4212321803540415,1.2157277643025854,0.2609394985144968,236,183.0,0.6886393196016989,1
238.3199504035081,164.21439638699275,99.05314412991372,2.7676461209612238,2.836535479781187,0.4798624010201529,22,9.0,0.2515052431164695,1
161.35870084167954,-6.724255259090313,155.96103460340947,0.4690028093950331,0.40645083974870555,0.04731833715845635,468,9.0,0.15928152641503987,1
62.6276663704735,-54.7951841537057,93.32020518271256,0.37032860026279574,0.3927647523563896,0.035331117741864315,525,239.0,0.5072820281678879,1
120.69454649535334,-86.89291049770779,207.94178527446508,3.2655833228877342,1.5891246961537007,2.1944688162810433,22,-121.0,0.6859742145438082,1
127.37682865144204,-5.844094555477014,113.435232245153,2.302096370009539,2.488407927962025,-0.14445168555223775,5851,-39.0,0.08215533550725718,1
110.38860051484804,-5.110905828464709,111.10959284572797,0.5822504416898631,0.5338866539654902,0.2808561268600077,512,-235.0,0.4710937779695789,1
302.9344829126326,61.373902221907684,189.05112047401434,0.560688654082069,0.3915943235996845,0.09457527261043508,613,47.0,0.14894258612731687,1
571.9005352526103,-301.94322332159436,532.611117840692,2.5032583347756456,2.437132638926387,0.9797763723096566,9,-33.0,0.45151962361750725,1
195.37672492651768,34.19376589861136,155.82450799503505,0.7446155368622075,1.1745799896621145,-1.3030953358219115,576,532.0,0.9140435094681599,1
238.15900150949574,86.81373362392944,161.6529607840367,3.4820997614755465,2.171741177434625,1.9135884299177321,80,-194.0,0.7670790113744216,1
171.1346712624127,24.473392748225876,158.61224885350288,0.5018418819913001,0.4195137648569812,0.032572130395036925,574,73.0,0.22528177802126984,1
319.89142966463294,76.0869096488257,350.7704885659896,1.0358816213025772,1.1030567813625172,-0.01941269709032145,311,24.0,0.18163104623487253,1
897.4289089807371,-284.79026619871433,687.3732991478595,1.138275307224539,2.2337221013611126,-0.8281834137887456,51,-53.0,0.6904922114108883,1
160.9030199414973,9.46226474612888,153.33281580488278,0.32098274722794795,0.3430798044298339,-0.0814119058686179,164,-414.0,0.3739729219698913,1
159.84719241985673,-27.452306661909546,161.136076570655,0.29862886861545157,0.5254825179765106,-0.18517227966244482,529,16.0,0.18217601584197557,1
528.7361503232845,46.52107709241761,318.41650567636526,0.8232618949572873,0.6008405339887714,-0.040220927878618196,354,-135.0,0.19040622565909177,1
656.1262657825177,-41.770454017902466,612.9142530424783,2.8800436268013665,2.946778349547154,0.2868274333782761,916,-283.0,0.6236204168683207,1
769.1494652711876,-153.71208911989618,511.14969363826475,1.8686870913956244,2.5885673351552114,-2.0941879216475736,111,53.0,1.2912500877835047,1
199.98820120063536,0.42210718658162705,202.16559967405797,0.7776872024425918,0.7107672972053292,0.051067021148037406,332,0.0,0.0872832607278218,1
575.5713604227266,15.551602315638547,601.3618029170178,3.2027186351498593,3.1464924397185383,-0.032233623671405365,769,-196.0,0.08652777900966113,1
619.4833548611077,299.8359052998289,354.4565738713697,0.4839568958818475,0.5203785291897343,0.02424569848264091,572,185.0,0.3087015500256465,1
598.2108207771538,-50.36243055430907,593.0119537006382,4.013969808829908,3.5902758373679418,0.7753634712525548,167,-25.0,0.18959413403506364,1
526.9694424988302,-148.62651269037394,608.2775175980184,3.060641940001311,3.062495121185086,0.05635592806027745,687,-55.0,0.12578425895854606,1
166.44710997802898,2.643227555460385,161.51324306229608,0.34304585796242665,0.487630740681428,-0.27817618521082715,417,-44.0,0.25711785982543894,1
149.0467243093983,-118.27090445663052,238.1748910165345,0.7089745152438877,0.5779529983898989,0.2543531866898397,393,-165.0,0.2578879046649568,1
213.21631509036115,18.291852818852675,200.2987845509061,0.9705097242265032,0.7064239016802448,0.2417802824863231,297,-53.0,0.09204563719108733,1
205.95824767628972,3.0607529618758065,201.98063436529372,0.7711943418106723,0.8908234562222962,-0.48305226431858717,322,-1.0,0.04450753753668266,1
182.66210444502536,-269.3775722494001,229.2722739733973,2.4473988083336016,2.2193000142098724,-0.19058712748304218,1555,-174.0,0.2350258529071684,1
173.66264864118614,-6.287447165870503,189.51990118291275,0.5455118700382945,1.4235260063241446,-0.6904830430379277,754,618.0,1.0096581521346109,1
106.85048023551137,1.1046342430166902,105.3889857115652,0.6165496288052901,0.40327432039037614,0.2538979991091217,569,-187.0,0.18534110146262084,1
350.40576390899037,206.80681613780988,183.43023251346054,0.5969191008179234,0.4483685821258822,0.24483538546394856,446,82.0,0.2539232204000729,1
158.04607235757024,102.04300556382483,160.7948802771375,2.59823455567654,2.8918292433287514,0.28477480550471634,45,26.0,0.547722535582768,1
208.22053098278013,7.350817603836759,200.3730443898696,0.5613835357092066,0.5266503150477737,0.1038429124787203,334,7.0,0.04118926685075049,1
171.71143313550257,8.16033453633915,172.36173869690896,0.9956757858167894,0.6370774277745123,0.5022538914358733,131,-275.0,0.45594844496174297,1
71.68908873592258,0.23537887379418976,96.36382328203597,3.334679141051595,1.912213024554439,1.2065938621602004,13,6.0,1.4391579084191106,1
177.51699708558075,-98.6198448072308,206.53819580401424,0.6816035703145406,0.7035493542512304,0.16817030729767635,319,-233.0,0.31380412901643234,1
81.94494691440931,-29.03995476061587,93.66831134652527,0.3487701143872982,0.2609881712544497,0.21029880275323684,331,-599.0,0.4291109813573086,1
1872.1117379001912,1220.2777184995534,825.5556913366112,2.262989781805968,2.525701001546644,0.41258008386134026,35,-78.0,0.5623515876469996,1
118.46355749431255,14.193102694072607,108.36031400491754,0.25643224134109954,0.4366549325140251,-0.055041569651456346,346,-52.0,0.3259652120572841,1
199.81797375996507,-12.350754951332789,209.40980016206066,0.7838344209869953,0.790195468435706,-0.010665573411609786,332,41.0,0.05795371198632936,1
568.6286374456424,57.41465299971725,593.7076372632293,2.9678509037964607,2.9396345088634397,0.15960425536535716,987,178.0,0.15094528405419141,1
217.062543344832,14.95372637953838,206.4804142863765,0.7938674369348984,0.867066753912359,0.11668503496867899,289,-50.0,0.07937935862287092,1
668.421549998653,-4.903720548581418,614.7073358205655,2.5008255859795985,2.6723015422649437,-0.2736443682177896,1356,368.0,0.21994862064423576,1
154.3290591762576,-18.866958833685402,167.1385931781241,0.36622936822565416,0.43667716153353986,-0.33489125282377946,661,288.0,0.2313914455829471,1
487.9236772210376,146.39168760036705,860.8278512709045,3.411602217974673,2.483830965340586,1.191628204077507,26,-13.0,0.6271656551310302,1
155.68715813718705,13.937136445346397,149.73338394925273,0.49312019075233954,0.3181045680548517,0.1606036028552018,456,-52.0,0.11881283956191271,1
636.1588898887791,27.725806686015062,608.1713741358524,2.56985878441759,3.196966026144824,-1.4378016926632697,168,37.0,0.22363750868716825,1
245.02184263299728,78.19812095003579,240.34283270581926,0.578398075470484,0.371108523785045,0.38812911717545134,529,-77.0,0.1892438319624659,1
258.4620625064771,167.69277014784814,168.6395490222656,3.9677201004744993,1.1709781534915433,3.7539330607627246,28,-374.0,0.6656672428630495,1
95.58321432542452,-18.702698469864515,99.03566210253146,0.18104990623907996,0.34218811316200615,0.0271193604720614,612,-30.0,0.20025950776828502,1
616.8164820600462,-15.48780342481075,674.9393308097282,2.648693072108233,2.5758878109647387,0.14766809588595464,815,-49.0,0.19566539214838613,1
660.3104349470128,56.10990305090934,638.3602807845215,2.6595457654412082,2.3654005909878184,0.5537508322042357,793,-81.0,0.0823873958013606,1
650.628292845461,5.213997211480432,615.1965969387156,2.9679456929514663,3.134622721305401,-0.3032334234177574,1092,185.0,0.19193921564416233,1
185.735195908002,-43.201605647751734,217.05927025085467,0.2948127968813684,0.38703815629698024,-0.25666134017689357,664,192.0,0.1835420546807248,1
349.23074193305365,35.01920667553185,319.5529630133509,3.1916116417513782,3.339593607294944,0.6066491410302222,18,12.0,0.5496927009039119,1
558.4721139330202,191.3643111163422,225.5376316982005,2.495602923729013,2.9457757923311676,0.24621324821661794,14,-10.0,0.2759067931134572,1
165.22763514697428,33.03324278508791,216.09141241660222,0.2679419025556772,0.3209029086741697,-0.08147684788287873,568,78.0,0.34414834704725017,1
430.5157004403176,2.42895823863239,306.1365172295714,1.7139633722769863,2.106943391263633,0.7325085463625994,72,-40.0,0.6604485025417928,1
68.33856890512122,-192.9962950359747,280.20951332023105,3.2729055953200565,1.8581123381510576,1.0747320165914873,15,-30.0,0.5740426989511006,1
157.88893647366302,-13.98743427255775,156.75167300612068,0.37320533738028083,0.3470971410969637,-0.05484125774227844,819,426.0,0.4364214868525908,1
620.5226866214247,-13.169481049780984,599.7373992779529,2.7982404804582885,3.052362926549597,-0.42131549495678255,983,80.0,0.10075785163953734,1
235.10437717633027,20.36416569433723,240.88421545220817,0.8423821661618973,1.0361360915452211,0.10453175173474094,264,-45.0,0.11085321033291916,1
208.31558313206116,-337.983074974381,282.784257681583,0.8899248158121182,1.2409000712203695,-0.19435360404383517,348,-62.0,0.6394733910825159,1
194.30274201759366,-98.01216190547959,227.27408849815401,3.3239348962840563,3.281399393983571,0.013554814426436579,24,-36.0,0.5968147247788896,1
134.25555064938322,-18.515174254151475,155.81155017785068,0.24221725732129293,0.3085943727099934,-0.1399623354629119,696,203.0,0.30539205517126683,1
707.8972582070282,523.2589862211858,356.8124255574925,1.6452146516185473,0.890594077277059,0.939614908237765,239,-228.0,0.3297553366169483,1
304.1557557688806,-213.76735056061847,412.2367262408582,0.866426507800168,0.7931488649798597,0.3341319188136007,448,-186.0,0.2349792864642678,1
70.3293837753625,-22.933377862567426,83.7863214991725,1.2516291673878228,1.4549266740074045,-0.07338204343635413,6,-18.0,0.4656572869035513,1
303.38536126523786,175.531090328068,182.6238584962783,1.1302861667894886,0.6665883996136436,0.6087859670101348,463,11.0,0.17454088095145565,1
88.94247884411749,31.32425798474003,69.06482612018047,3.2210972500579573,2.654145758192299,0.8154581878283911,19,11.0,0.6023594465273556,1
153.63837761906584,-82.39994841281441,203.7716359616513,0.76184690825738,0.6790372751434949,0.2994931614548006,401,-189.0,0.5725229918475865,1
628.8686388135841,38.20257690760809,590.2021334789601,2.8976677440639125,2.6991928765088544,0.33964701147357435,944,-12.0,0.09010341259951889,1
196.7284152418907,-5.002527841801594,203.90469126022475,0.6266448810877212,0.787817936564522,-0.10308276249523907,347,35.0,0.06092233593335783,1
217.15826624581203,138.8520147544937,209.5336642316153,0.9667396371450818,0.79699118713188,0.3657812578333439,277,-706.0,0.47137367178505085,1
659.8611830610813,375.87367661882075,354.17020186097915,0.8437779590458979,1.2410908635506992,-0.053424229237503784,298,35.0,0.6999187758054115,1
266.78642637734464,104.59424110235756,177.15590216216233,0.44924179342697196,0.47320085394096123,0.15399039647734264,512,-589.0,0.5081658629234583,1
666.8836633047994,273.98996739645105,558.7357111199317,2.4115395393222325,2.6746467017619326,-0.7536169855616675,965,-1712.0,0.6933780956261746,1
77.65920302230094,1.429711131797717,99.60911532275654,2.1310239373184365,2.8348874641149764,-0.6615424784526289,84,40.0,0.4246663596284635,1
585.5866165926204,59.36898814066467,376.87270568041816,0.6054262048524668,0.45259384922614593,0.3483546656714725,581,-238.0,0.14954896013280958,1
108.25157458119469,-291.23161368626336,241.37185153440797,0.533890786586264,1.677252016204952,-1.016599019015723,425,353.0,1.221169389480922,1
296.24468912945827,89.25226221219788,271.82437901901534,1.9242727018473156,1.3777038014029408,0.9244394404804351,77,-58.0,0.24565933640438686,1
589.2836562261938,-44.73828128260152,595.4951636981507,3.212542567931434,3.0264641029256962,0.33072594496392815,945,-75.0,0.031184895731175284,1
204.9167512038291,-9.981196725517691,218.1616162086685,0.4624162294721234,0.42453318469264517,0.06037644810132753,314,32.0,0.0913756763168943,1
155.31684635833358,19.63609298447733,185.79771786084606,1.0713461024262176,0.6213108871464238,0.5665442398654911,61,-282.0,0.5602168293307491,1
293.0597103279881,-199.32813211421086,534.4559535367964,3.0590803209219146,2.988673576308068,0.19026858965228977,1688,746.0,0.29625383660076104,1
282.7659088737549,35.53439818682156,236.15903984626758,0.9604932310708352,0.6696447344023481,0.4389968821244671,129,-51.0,0.1417807808907461,1
100.37269992981632,11.7834761187532,97.55126898684894,0.29693323466809063,0.28316816776641046,0.07661098284748685,580,58.0,0.34292842438557747,1
147.83008126132503,-17.002831869408595,152.41258165218014,0.16611156664507026,0.3169387111601304,-0.31368337093766296,945,399.0,0.48673912689858667,1
652.8811211692847,125.86349961375049,611.6875908906779,2.962270035417596,3.0247402660892386,-0.2884841660531241,906,24.0,0.1073356991842154,1
206.55659120756934,-1.0347983055798124,210.17102401303708,0.9453847259603915,0.7623094322616246,0.09054802548253882,313,-7.0,0.07780756405074567,1
575.0941723717536,-10.156907256760292,573.2506151546636,3.35887808293704,3.1782252326323537,0.32914372172389017,989,24.0,0.181353269226681,1
189.65585258775943,50.75939686857052,143.48470449299077,0.27687459328009584,0.6104390597244057,0.06459985631147769,768,-273.0,0.6403190987901699,1
277.70948985233343,-341.7738650087743,386.7481830118144,0.25489829997087327,0.4622900776525074,-0.22905859591097422,552,-20.0,0.30471248947783636,1
58.663787808152996,-27.962454563006908,87.2717111259885,1.5709505944546687,1.8531558321416477,-0.4421603648340964,10,-18.0,0.44659373300460686,1
208.15431429887929,2.966431701282744,203.3402762600815,0.5288420457778786,0.502272784341457,-0.21268665114585428,290,-51.0,0.09372179954958045,1
310.5865281174959,97.83977203829684,258.47753474351646,1.0744689807636592,0.8520072833082903,0.04217525226420138,172,67.0,0.22275023629427324,1
367.859059062834,125.47296674011159,414.8552812318747,3.7622673906514943,3.129132952722319,0.735280557292207,23,10.0,0.4421935964272335,1
131.05332470211945,-61.68160809874513,185.07259615679607,0.9807693882843926,1.365798957344434,0.07394542886749089,169,-112.0,1.0001288859246469,1
428.0867422016852,215.3150510887499,238.39700173833876,0.9814548259143868,2.4622710293983805,-0.14260949260090372,112,15.0,0.8338896063251923,1
588.1017388683154,-62.52655397714568,596.5048880335864,2.9964167857703834,3.1228769518474957,0.028471092818917132,1098,6.0,0.17281416977465736,1
453.5978695126844,-238.79446095749643,537.0066753697563,2.893037949358805,2.911986691743639,0.02191451492734231,825,-288.0,0.22583771773750602,1
520.9562512760112,-25.0977796353219,367.7087760924483,1.9407438751524226,1.76592293369497,0.13469128426441612,101,-127.0,0.45670012151173567,1
773.1895533831906,171.71441154800243,644.411034364549,1.43765209109378,1.1864126881722634,-0.43294840577943416,61,-35.0,0.21403334883406647,1
79.57407983870768,-23.523616838601583,90.79077406943208,0.4122405779341363,0.37423514288598225,0.2792476640955741,382,-343.0,0.4433736520272373,1
128.89857353029737,2.429076997858246,168.09862245396715,0.38304160518567054,0.4525642229234069,0.08970246342378363,493,-534.0,0.5822588543992132,1
116.51993190544698,-43.227052135365255,141.3775575753588,0.391926964397433,0.31793325237832176,0.1349888140430578,512,-92.0,0.20745261087174777,1
108.34182410621314,-150.2359224596242,185.78919862815354,3.5342190211803404,2.71866808115381,0.9452593525419419,23,-16.0,0.5990758829444871,1
574.9046063593985,160.2971783290738,513.2949518613271,1.5626664937814663,1.2703042724494598,0.23914977463154097,637,8.0,0.15738629878709137,1
199.55350067799122,-21.722226393257102,184.46569268577542,0.6818107638983408,0.7228485261012424,-0.09993570700537835,494,257.0,0.3042473901826209,1
125.40235688020825,-13.00172128197893,214.22780460631293,1.6361984079640928,2.0751378272251406,0.7965030347155743,135,-248.0,1.0269206912490065,1
641.2401398063205,65.08849457273641,643.1800061067859,2.755637469091564,2.8842477405597484,-0.4018681849365966,989,-85.0,0.09555806066561293,1
107.12731283069346,-146.93142245748456,289.0850492468421,0.12388382117407747,0.3774529659724556,-0.20623985252473365,850,307.0,0.26920738732206145,1
54.62220038671553,-6.315122149500304,78.95446347570045,2.9314931674619142,2.6198603229072575,-0.6568611797113189,17,-6.0,0.42505206770195814,1
134.2624872036475,7.727098676367518,130.9352427579102,0.2072275108291085,0.2967854661783234,-0.12622554362939087,714,237.0,0.32604820202799306,1
233.3652132660269,52.512181488865394,216.14983554913948,1.1882177893572097,0.8082820610219962,0.8227056164092348,61,-356.0,0.5543715108320512,1
510.70032859282594,376.16008582852544,460.11972112859786,2.8184580940369175,2.5411753756239586,0.15766204590599608,59,7.0,0.4436172230759096,1
157.42034589406563,-9.125254512957952,206.0970834557476,0.5769767868901131,0.4025404195727928,0.21493081759438476,414,3.0,0.13653046239726066,1
143.22250711117255,-44.1250711450281,142.89610028484964,0.7054590925690924,0.5217164238000704,0.3213522554755092,270,-327.0,0.2801783426126848,1
106.21262087932256,31.06489928378913,96.45684913827127,0.23920126713494255,0.26266932932884146,-0.04996786887218302,608,324.0,0.2710006375528057,1
161.50313526866285,9.529739708226117,158.70664850247016,0.4752947917963394,0.3751994820168788,0.14084438849739894,537,-87.0,0.12297194991131116,1
320.8021264372527,49.571306429001766,236.17055404113063,1.9603890942875588,2.4890714591368703,-0.10954784415947216,43,-20.0,0.3234370693052528,1
74.52551555766523,-14.378794413004613,182.0563075518558,2.614369445886757,2.8248758668952014,-0.25877123362637633,18,5.0,0.4145258674692074,1
137.33981319489408,-5.107344504090264,146.64512425144991,0.9626227809946394,0.5619237483988526,0.46291002361766775,151,-400.0,0.4658788691003799,1
59.37446088304184,19.94359224740886,89.98192407174822,0.41368628387886763,1.1011482764136549,-0.10865877695359039,408,198.0,0.6075340996796554,1
195.0294470255725,12.865025150855274,177.92864385196168,3.3975819111823533,2.0152280655326966,2.4912183823685883,26,-492.0,1.185141161305404,1
162.5831071632073,94.90933236145439,133.5700617692719,0.958001728213809,1.0600237042902432,-2.3668612294035474,185,171.0,0.7149661152559788,1
144.33052193856537,9.34256891412545,163.67044054713008,0.5709951400790519,0.5389374701525388,-0.017761185383059597,616,166.0,0.22845772751767024,1
159.49879700843078,-37.91477785667604,167.2128191156669,0.6792030873934283,0.5106930283626563,0.15184084733945702,392,-125.0,0.17404488114758285,1
603.4862949869671,-37.19456247307937,568.3205108416971,2.973892816608247,3.0225849547287784,-0.003533860831825386,885,-305.0,0.21556857445719468,1
133.80441933295043,-30.24686026572556,217.4521868404318,0.5130084544522908,0.6096347335358617,-0.21787040766611332,481,49.0,0.11792364096279294,1
609.201200105078,22.671799934200408,502.0219614499658,2.9708699575761277,2.9824377565287,-0.032431221142460664,840,-84.0,0.36452650753665866,1
150.7281194689717,-211.57597564061305,352.78935564260786,0.404561824140277,0.5253707260066436,0.132145504306383,351,-342.0,0.40544676748276876,1
260.4859602432941,70.11988170243492,210.13788992368683,2.436591979693967,2.0481020491799677,-0.6805666099197114,62,9.0,0.7221575599633281,1
107.72962727717821,13.49138862091965,103.05364658610867,0.3193762213584396,0.20900124040234852,0.17006645140553073,462,-256.0,0.17266780663891787,1
568.5421161100281,98.58069621205794,450.38624469117786,0.6995130804712153,0.5130979693616584,0.03716409202633719,603,246.0,0.20099767265257032,1
634.830890000495,4.378605367654927,614.9977027831535,2.833484972176394,2.980729266944002,-0.1904602895592733,1242,397.0,0.24972748881818574,1
293.07094619196437,-110.7608552090021,246.77082138582836,0.675205879260265,0.5760039904004333,-0.1804058471177733,667,222.0,0.15108258955371837,1
139.94693341033414,-21.80444807466236,145.7389345768916,0.7603855840552678,0.454079443801335,0.37482980025283036,391,-5.0,0.17400839834725074,1
56.987328026110816,-318.1983585012406,157.98966038165491,1.9749375012019266,2.007508880020022,0.7331773530209531,18,-22.0,0.3607734199190684,1
444.1373939349827,341.4021962988593,261.3953835062066,2.5032583347756456,2.896347407835664,-0.6854635407652219,9,-3.0,0.30496240113081263,1
561.3577443333073,32.19331558449085,587.7827873916626,2.8669894530603353,2.8590265175872185,0.03200921370591825,666,-69.0,0.15924565424942563,1
372.6247161197991,66.61558161561476,449.94448101976116,3.383526382777432,2.8817819775600824,0.3004521933488622,33,8.0,0.8365990874410942,1
22.372541479342438,-67.78672752269776,161.89004491103515,2.521640636343319,2.233778930470387,0.8456255854643424,7,-19.0,0.7853762508573244,1
151.42097215903738,7.759936122659013,183.28618938383713,0.4746915818073168,0.37707717903480564,0.1332232111931566,446,-11.0,0.35206279542245494,1
113.11588920030094,1.6034584034511283,110.3371596216463,2.1156882071197143,2.0560959113767927,-0.09055072153367538,27,12.0,0.9996140953096728,1
654.7590691304587,443.7908181349871,340.36080265423664,1.6986899377754046,1.1116025595127403,0.2825718752532318,1034,186.0,0.5882888138154676,1
186.12462963644504,42.92125488643299,182.38883747806574,0.5104291783289122,0.7406008230316972,-0.40242648103805134,474,304.0,0.43146525756839704,1
125.37572870904712,-94.58034573048882,189.4174542281232,0.6547519479041745,0.6995164252647001,-0.2341723043007593,534,223.0,0.2698269580695726,1
53.924342469276354,-16.001484398458402,197.40562276202076,2.8453509366224368,1.5651309259460524,1.122373061786953,11,-88.0,0.7545888120759545,1
354.3116001487956,254.89686001144594,152.56807657155954,0.48022006533383643,0.3084683518638972,0.3523143137799138,600,-97.0,0.14942151759564054,1
724.5246098493634,155.1268676780968,407.15057815023,0.2688734144558603,0.7433887465876441,-1.4688933701315423,926,668.0,0.5356993953945233,1
179.56398180901203,20.813111658741974,315.0122998777011,0.6209801884967352,0.7725754894870611,-0.11481834446674666,538,81.0,0.1479444679610601,1
205.69383511295862,17.93557357701448,201.98758303680756,0.9709280662848978,0.879736965553452,-0.06492316743735849,316,-84.0,0.11446918015169487,1
634.0219375087953,1.1651248039240727,589.5902686648217,2.8818166229675057,3.0078293354678745,-0.11701051805463347,1020,7.0,0.08617025011876751,1
93.6628554203806,-16.267913471356593,98.35525447010116,0.19158144273522412,0.20697818040547178,-0.018209097220108383,395,-483.0,0.35102957896871745,1
636.9350738043662,67.09736127506494,572.6003342788508,2.9830151813056274,2.996929855078663,-0.13020781993996033,621,-272.0,0.1479085909555692,1
173.72770008977375,-30.492937807601805,188.06276743586568,0.26481555855095307,0.3466835879242753,-0.18936370083614007,541,168.0,0.309309933695863,1
73.82999285294164,-105.69685472234582,148.5978742879684,1.4642513738629315,1.5914379277949666,-0.1304679878648911,122,-189.0,0.7174340360576477,1
198.8741684559752,-4.027195255135098,199.98044527484845,0.7658255141578695,0.7472553775668953,-0.0465559386035006,322,-11.0,0.060513122367336816,1
201.46352665943493,-8.08947359173419,240.93806098771188,0.678858283504946,0.9329605537560045,-0.34591598223553965,403,112.0,0.18334820478091643,1
274.0019589929233,34.281017924403216,274.7281561670975,1.0860006867933882,1.3903813305198625,0.3060453319247225,423,148.0,0.7353045118531893,1
116.2797103206391,22.009383463087133,104.8132738237,0.22790627392017174,0.2548466617800882,-0.11799474121475631,404,-23.0,0.2449789675106168,1
492.1897169298883,233.7941179740198,398.8376257190215,2.7531093588554927,2.8704047909427617,0.7240777438422099,38,-5.0,0.4302762535324535,1
199.33560876998857,-9.567821361399467,204.859498811579,0.767594223490794,0.7474228711690876,0.04184534333877632,348,60.0,0.09545716035103484,1
305.99194426397526,-98.60250032879975,263.85688931733955,0.39420719146627226,1.9887467244997032,-0.7925722835394108,519,249.0,1.3403614324825264,1
97.67727207630496,59.41845332410897,84.54489258072041,0.5251003168604896,0.4113289947111002,0.07746185460576116,533,98.0,0.1501903525984915,1
127.19072902852456,-9.00630969516665,161.9999838568472,0.44288658629565625,0.4266673345961015,-0.10815251242202317,444,79.0,0.25517638182745533,1
328.02879382029795,-2.861394066204298,302.292171329105,0.4202906161330798,1.018607139060802,-0.1178084700078445,131,30.0,0.1210642541198782,1
381.35785545499596,232.97459613177105,216.10085487011708,0.8656311085306763,0.5450232727951031,0.429048105632953,504,80.0,0.15976176174439835,1
100.36993909365503,-177.3395507586784,363.1057247208238,0.3079611853530386,0.46938512297383317,0.05306288538216536,685,133.0,0.292008402370049,1
714.2423745480241,-85.18597771995178,786.103592581935,1.4409242772281587,1.9234416331988922,-0.2657929554076204,50,-84.0,0.3519852781832059,1
940.3703098931464,279.77342213962345,397.1167380055512,1.715590328343969,2.813858277668909,-0.12621455554399197,103,57.0,0.6567903040643874,1
193.32897521177333,-21.297770271362253,211.00270567568367,0.4187777853714996,0.39326435518358993,0.1830868810637822,385,23.0,0.149472165717904,1
559.7497633344744,21.85301215592392,536.5205309532533,3.018302009585243,3.0065475416128833,0.1214697612840192,849,238.0,0.1832711311829178,1
107.2771904579373,-36.12909514493002,101.93847350716577,0.1505767561938687,0.3142318263909468,-0.09221972460448433,870,305.0,0.37810495626611823,1
900.3126407579134,65.81025197188637,860.4879797737378,3.525195617638102,3.239474368741585,0.9972935155635945,231,-335.0,0.33233807905194784,1
240.41380086729185,81.46110899891721,186.87283702444216,1.5650801458698567,0.750508747236154,0.6854206927993017,241,-30.0,0.3802681088708338,1
194.72973671247752,-140.78927688832323,142.94855950009952,2.6642942106876544,3.1554209585163635,0.4417996428570241,38,2.0,0.31756896995789813,1
290.6697571262047,118.8627295891724,345.9811566890211,0.7452391987384215,0.5546783817436276,0.33282712672249476,484,-88.0,0.4408232182781581,1
580.7922640248406,-19.85425598096981,623.2615256826278,3.1572972652429874,3.037687745118553,0.08368226672016243,807,-55.0,0.10282483809209939,1
803.5945596369388,207.71585747880863,436.84177419367825,1.8914642514405324,1.9984267635817354,0.6557539950187146,228,-108.0,0.7884951933973364,1
97.3076358494804,-65.25128075839775,162.705024104766,0.3969325803283754,0.4384089185231582,0.05922526576999171,582,140.0,0.14163328063846187,1
76.87613413797548,-410.3077879865217,665.7372714906393,3.484183719779189,1.7264458328881553,2.709077783518768,20,-94.0,1.1032398623534325,1
207.32205565317005,14.2772024937683,204.9805015612476,0.4338032192891774,0.5190586686746406,0.08331732421806187,392,149.0,0.16940919691201423,1
177.40361343696327,81.1325251031359,131.2090547619385,2.9408860892233717,3.0992278789721808,0.41924545288005266,46,39.0,0.6871530481203865,1
140.9351097104135,-40.410533424321386,161.80459769026226,0.5392669947113025,0.6906087723177138,-0.25708000907008866,544,112.0,0.3720954154812724,1
187.2060192306494,17.3199485807188,169.03807313655722,0.5083191656811527,0.3716568707606379,0.2905441404747574,496,-58.0,0.08659845855392354,1
632.3042854848569,-70.75043200402501,685.2603443974497,2.5010249762222783,2.5463143137390114,-0.24254131268329404,864,-152.0,0.1934263309219374,1
192.14626240369563,28.899735903422368,152.1074676565242,0.5192285051052472,0.6446547670365015,0.018415983049028806,529,54.0,0.5696110414284463,1
163.8038824225686,42.15007726195334,207.08665276861143,0.6212220431732538,0.5000851980725508,0.1199826876220974,461,5.0,0.41738852712941515,1
235.88653368557001,56.23597400442122,212.18143076322968,0.9639201217970379,0.8047603418604016,-0.1049484663364122,155,-5.0,0.39838616195613913,1
82.35310070043865,-0.6413583522993349,77.39847863220459,2.5619132236749937,2.5226464142499694,0.04048300540414651,6716,733.0,0.13475126656147607,1
216.83070106859608,17.09283117866235,186.89276660849342,0.5419316148000807,1.7958133214707985,-0.10452277875001226,555,257.0,0.8999432066729289,1
590.4169184692526,67.52192306812674,596.5736647808628,3.1487692677816885,2.97736266249591,0.2449212233372764,749,-20.0,0.3516083366166313,1
346.05252767106657,-228.85207868833191,514.2949686016876,0.8457819196889602,1.2604188203562945,-0.716884574092506,778,141.0,0.1793550575225967,1
176.25852367111239,-38.667555695345015,183.90159690560796,0.3836759419165419,0.946434271966573,-2.523480289005072,316,281.0,0.7241543298185079,1
103.85012881341247,-13.148615999849483,98.58847982702983,0.3027458515266871,0.36393654664708486,-0.07377882571743022,567,-93.0,0.27306334337954463,1
103.18285728366118,-10.342823797797678,102.58868664794727,0.21388966997963482,0.3288848533550384,-0.18291411774393962,697,236.0,0.27319249946510454,1
337.71405711386495,52.10879692690531,439.7575148435021,0.815704741656309,0.6525943923131109,0.2858191175403688,295,-226.0,0.40371750976902754,1
79.17679485651082,20.04384706013888,63.93180089022711,2.2987949406953985,2.840963192811995,-1.1057529820363885,16,-15.0,0.36558149996870337,1
202.09330545076187,-72.56261644520953,134.43180407973554,1.9250316248853854,2.8454884731757044,-0.4553988629147261,59,42.0,0.7989640333861414,1
158.9311841261575,-2.5542454384655855,164.07217100846376,0.6160856465974054,0.5172908291746277,0.26973988834108714,508,9.0,0.16293575988866477,1
549.6085945257801,-93.56025246853767,598.5025664288667,2.8124483431339655,2.9220511359907797,-0.2885192593755441,931,-69.0,0.23977287753458806,1
820.3298275398481,-11.14369452805272,699.1797002019229,1.1538663817182333,2.7615606174364125,-1.3467153287948466,68,-32.0,0.5269048598669352,1
252.62499656385728,167.86533634745481,110.3350710972212,2.792481250360578,2.8446881580230636,-0.32944684452678485,12,2.0,0.3464101383602757,1
587.4429438521457,-80.52411372168751,622.4879643734669,2.9092070179312497,2.9490537719852,-0.21421077667152755,1305,540.0,0.21047317742410765,1
655.4874056445113,0.16340789687535562,607.243893896005,3.04115148746587,2.98462746589323,0.024462552440586816,1075,99.0,0.1493169416024297,1
201.7309430836923,-9.406942603299001,206.13477672374034,0.7297276435829603,0.795079846055824,-0.0031442685551602567,312,7.0,0.049834742618285674,1
644.5991423501912,123.69048614979715,589.729236294501,2.8346410983435217,2.964147295974988,-0.020330344049216187,1040,366.0,0.5256014027909983,1
313.6942535937026,92.18657738334645,229.964459123521,1.5511939881371692,0.894928963067542,0.37644421162135266,334,40.0,0.0736453782424246,1
662.151020365891,-7.822639085962237,617.9210077623643,3.0858343854856765,2.985871503672534,0.28853004708506047,1242,101.0,0.45722659294086343,1
236.76578530646105,-1.9366568977375778,228.64078081438274,0.5543542627217578,0.683871785785464,-0.12662628929202713,436,-36.0,0.5457344188708808,1
98.58329724654172,-19.02106799195174,99.42131812669695,0.13757666199346627,0.280324339320312,-0.19518909457578745,500,-189.0,0.16681357399603783,1
80.16091083749971,-38.496991549695764,95.82522978514824,3.4062493277582764,3.039444561472054,0.31359009967672113,34,-7.0,0.4588440935078482,1
148.09242846763306,73.47700188806763,88.8603434419457,1.230284409378598,0.6464648271412715,0.23732320195114232,173,37.0,0.6598359445947583,1
201.52382320672987,-82.61403504600739,195.09836809118778,0.4854514214153046,0.44882770448673703,-0.04765490341307432,725,270.0,0.238968899725164,1
605.7670255774952,61.15548168063003,536.1706687388207,3.217469787496469,3.1126210307402062,0.13321316861887267,773,-121.0,0.42090490075920456,1
692.7576231702536,-266.922907868763,889.4909966095636,1.7881448240028763,1.9305113862194485,-0.10443106902119426,146,20.0,0.5625364748147904,1
177.45943840032396,-11.04289605613073,137.57504918272585,0.9734098620079936,0.7699561838506124,0.41437838593417053,227,-165.0,0.6230309199874233,1
285.60526018695964,-282.14162519192485,394.85355079773007,0.5298856241159402,0.60925979371266,-0.051182863830724346,521,57.0,0.38190616083527273,1
438.83706613302945,-296.7575617682503,492.0052082930671,2.5959032883621544,2.6674369752966176,-0.15987009392015006,35,-37.0,0.45213340957757,1
527.6172505490349,-62.709652445984716,541.4063580160198,2.9843811102566478,3.126243236183768,-0.3247400259972846,845,125.0,0.28186309414762384,1
162.05789072158845,64.06960409565477,168.97261234237072,3.2039873917587567,2.7506447699018315,1.7823720600863102,27,-6.0,0.2336190336813969,1
10.589543235958313,-51.82763224408397,115.33204410504682,0.44624256275903157,0.664512996689033,-0.26767459948330613,302,-83.0,0.45012019826901395,1
156.45088210513526,-81.23428853678126,234.91016390782352,0.2132801659868626,0.6938905526171184,-0.17576414100252746,713,-310.0,0.5644316163496093,1
185.89227978825372,2.9415188264241294,216.32181027301,0.3548901103380135,0.5469863213289727,-0.4268855157689178,864,569.0,0.4376833084861434,1
120.12994359694318,-65.4884989112004,251.9245484290298,0.811811537496646,2.404278995675027,-1.1869903881982418,490,253.0,0.6706033978643063,1
143.66157507704673,-25.75793634982594,152.69624093589726,0.8490416645171375,0.9465763978689032,0.2310802514480157,552,61.0,0.6469040713749502,1
604.9021923520862,-4.29900775299177,524.5248314319433,2.8636091917153608,2.981397248617847,-0.10726076586076694,962,122.0,0.3620864694567509,1
141.87563173955266,-1.934715024189444,175.95852496574076,0.3027399497524292,0.3558549095407614,-0.006557287682302848,605,113.0,0.2052974242807849,1
143.79497286221067,-75.65035338343824,157.39470707272932,0.40857881827208115,0.4821623125349178,-0.17240555236879324,513,119.0,0.2126655037906365,1
921.953360248694,21.64071949078061,901.8818788304403,2.613363528372488,2.9155343190059817,-0.911832089265614,236,5.0,0.395066513549979,1
586.79602470556,-1.7549185902204272,590.8486690894008,2.8956713468256425,2.623101966845956,0.5785169388556821,830,-49.0,0.1283243649839483,1
603.5155487056802,-1.3866436464060143,586.6159991074817,2.9104628950048443,2.951673763434433,0.04685370328948357,861,-101.0,0.0920752118179542,1
710.2779053481734,566.5035043059095,303.695836840163,3.514757855043654,2.870938433103797,0.185718091610525,270,90.0,0.9375540159028558,1
158.7153534517738,-20.171713806304723,171.40917847064657,0.5744895164463205,0.5456814345781473,0.2067440817706982,438,37.0,0.12129499021732564,1
236.29657423639264,-115.22780291735944,266.32856515367,1.3651587383151453,1.3236950797122897,-0.603096207886062,97,22.0,0.1662409509190712,1
148.43823050768896,49.961911102323384,249.0724424931262,0.25353032220825966,0.35350384597431983,-0.13759973073922288,865,301.0,0.31552432759137095,1
130.87182083699687,-34.07059335656342,159.52867196029243,0.3044571537671562,0.3203179012207481,-0.2665454776145678,694,356.0,0.2499792860468515,1
223.2137723563545,74.76240296304601,166.5815453797723,0.4831430821367946,0.5198049741981701,-0.19407347687929644,438,66.0,0.1956216648774703,1
130.46213368945124,21.89951740350938,116.78979240898275,0.5309167894526503,0.3822493236636178,0.20304807529934704,494,208.0,0.2805584481751547,1
672.0666276336204,350.56169262555215,506.7442408124795,2.9547489052687386,3.0182058388812703,-0.15419475394188664,1149,-1083.0,0.3921469310320819,1
639.3251470434057,86.64512533501716,679.3102764618965,2.408860173838341,2.0893000148102527,0.8043008749853489,91,-20.0,0.30642229391111364,1
610.2015193499259,249.31095646617064,476.6584167899129,3.031631943441741,3.1427701652818456,-0.17333323607773155,1534,258.0,0.23758913299128898,1
197.3415060403611,-8.616741635928605,202.39570745818,0.7072942944529097,0.8553276721656387,-0.06390004735776256,341,19.0,0.046398945766267304,1
81.20943188868851,-58.3991208323756,117.72811581711873,0.16233014630630282,1.0907740045518721,-0.051419441981756187,666,-1.0,0.789178664347099,1
619.5936519620418,-22.32080691316503,608.9555917146206,3.021624852216956,3.1154056416896827,-0.128425505491101,1110,312.0,0.14723316977368378,1
114.8809410066289,36.15645950463323,101.68085991982096,0.36644652233931246,0.38232646834062894,-0.1357585744305156,466,273.0,0.38146695754085186,1
190.73420897781034,-12.405451935408422,202.5637737354995,0.6484995025086966,0.5570567151308061,0.04093218022135747,379,59.0,0.12540667335988417,1
308.79610172944484,168.73550623366378,211.68824438909124,0.584161744256655,0.4720783576651028,0.11927723059827194,451,96.0,0.23854836388811668,1
57.270453232121845,-107.54956978463693,145.1888952658579,3.00675080081122,2.6374449053399,-0.4788341331380064,43,-13.0,1.0760060444891606,1
163.8546868438648,-13.730982248184148,220.21371982704528,0.6861306089492812,1.36337881242862,0.04562395707667166,532,123.0,0.6225436768173824,1
543.9642022445906,-51.84839413114901,282.93624683072875,1.6289760165734095,1.736031706669619,0.03758615371583507,37,7.0,0.3929376383509532,1
626.5230091019836,97.48456052914173,605.3149186010999,2.952593598782524,2.9477658982151667,0.03186424292285839,813,-147.0,0.19860502684030865,1
531.3619497989813,50.96155555656202,420.2283351288237,1.2594715357842499,1.6848202617292358,0.2698851133238557,456,-151.0,0.6336183290265813,1
478.4951782948618,13.013604788557927,564.6243498956516,2.9981951739650206,3.1073870837076543,0.004831575551619949,1132,-419.0,0.23776872726427595,1
153.355801116156,3.6044543973422662,152.76965448948172,0.4958421133576304,0.49460178301561575,-0.17274551394360627,571,-15.0,0.13861024887020287,1
436.50620605717603,43.138635410366305,466.3546505961943,0.334565531261069,0.6332241616237256,-0.1370542966077828,567,53.0,0.5703946367854583,1
125.43124640428361,-1.6284356082074254,135.2970693605626,0.35068269342411335,0.45075648219088843,-0.05488000198977078,459,-169.0,0.20746058025619823,1
263.09054381770295,88.35026641428476,189.02837779642354,1.512611997033016,1.095997830936073,0.8426649028587213,121,-255.0,0.6796407829448078,1
631.8572921841373,130.19098737644094,599.6124667030297,2.9740197886746325,2.911550434679682,0.21699577660700964,1069,121.0,0.16360003464613238,1
137.7632574549744,-256.4905657846492,324.0317347080785,0.3750551401586328,1.765097536717865,-1.6925601427050814,537,321.0,0.9168707728758225,1
196.0373229149785,42.398945295912654,203.3304475860221,0.41725441034408545,0.6151241369159832,-0.34459249791329455,421,20.0,0.4799012276148204,1
163.73106475761077,-14.86537981932878,155.2369728260701,0.40317235065587526,0.47362531646720407,0.028480740695549067,528,-11.0,0.10717599992062543,1
107.70126559499303,8.738551295294172,117.07256747481021,0.14937962283341535,0.3668252713388818,0.0070082644384064086,368,-302.0,0.4739758016387272,1
64.14575023289163,-30.760624974975315,92.26142126275364,0.6129419800962282,1.506110622895783,-0.8340532936730646,584,419.0,1.0163781651392734,1
209.92316177795095,-10.875829470507654,202.84711092889842,1.04195504761614,0.887267042609191,0.11406631418229285,299,23.0,0.19334278771842076,1
198.70398716231534,2.131606488876571,203.09075840966878,0.3606407340855508,0.4645942945146155,-0.3507194801198768,417,211.0,0.26001627155874896,1
306.0091345041843,260.61857978773565,525.4801314021855,3.0830741894285696,2.49164885860601,-0.0005131805952363067,25,2.0,0.8242408903245516,1
166.17947376195008,26.128719491440705,152.9867175898716,0.48298575276992906,0.5177987450935562,-0.3665599728238499,386,139.0,0.42157267886451927,1
190.73644481825397,-80.97435260439164,219.93718827907477,0.47639818419575364,1.2864237998561712,-1.9465816563825744,334,252.0,0.5835875926967004,1
334.07151925776066,58.20739006047313,440.35370294057884,3.325764889253843,3.7390698457803753,0.16272984829027326,155,65.0,0.22886942897596455,1
22.517548712060112,-68.87479232371817,126.88762465375785,2.60623892865339,1.8388785103529917,1.0919359771797654,15,-10.0,0.3888444263311762,1
693.8808454657627,6.730281374433844,641.3542872866285,2.9766086161085825,3.058390472752575,-0.12670477988280027,1615,-165.0,0.3108228199926948,1
379.1125472404896,222.110796241291,257.95953557698084,2.1790637135491493,0.8996062208624519,1.6863980432257224,121,-322.0,0.7080034830909381,1
61.95579741503884,-12.569718142626392,70.2393484967622,3.2516291673878235,2.8946998527713137,0.6372597215010667,12,-6.0,0.35250579549353006,1
151.0710334341337,-147.61596364177217,553.654725266686,1.5638590966574741,1.9373784152621099,-0.6447308826579226,35,-145.0,0.549815307381338,1
186.4459652167401,43.23988248670534,166.40728730950326,0.6992216840166413,0.5200217307633639,0.31287326396590043,432,2.0,0.12059301962462993,1
797.028159173587,73.63600650417254,773.6716152043006,2.860742917228593,2.671682742214441,-0.3369796221767096,1227,568.0,0.44179347395575064,1
118.65417440984292,-32.23704439681926,134.30466020348254,0.5658748221533219,1.1050031715706805,0.013214352085939796,471,-154.0,0.6655223314567335,1
764.7067519951482,692.4813100594292,294.9042235391056,1.8036598027752566,2.772721221076237,-0.9953479516356407,59,37.0,0.5813120959380118,1
160.3188571096353,-47.04755811033152,178.11604409738553,0.32526041358408075,0.41925552105136676,-0.14045994414372748,597,273.0,0.30685408929742997,1
239.38582882761511,73.64861805573258,287.31415839839747,0.5039993722803653,0.5627466072256038,0.12352047048820508,638,-16.0,0.2865613399288078,1
119.68838119780048,-392.3872981553998,164.2633254341926,2.3335938348528806,1.9370055070360883,-0.352700285798226,32,-6.0,1.2499060327473366,1
175.06987871219457,26.902421841183497,161.95092193846685,0.24936672990200576,0.6418623675017157,-0.4036278605184194,395,13.0,0.39675880727635626,1
149.8962455469307,11.565235820684876,129.64743286504026,0.7697648519731699,0.5665047656351221,0.2020400031942149,340,-55.0,0.39230469426981995,1
253.1486863756797,-337.4538538834433,231.32832262638757,0.21818880235692828,0.32394805968832385,-0.4897307508364085,698,379.0,0.2559730079053586,1
251.76118645676607,59.96781698852567,167.21920735999825,0.9147516190935687,0.5352044269144871,0.14965026490501088,262,-66.0,0.38580464780823237,1
226.59995317236428,41.72980605602257,195.3731089943935,1.2919686487267614,1.0147010647705799,-0.2652371841726866,215,49.0,0.4238689480240043,1
156.65742858401433,-132.17425868240792,189.981690570529,0.5527877016658025,0.7479730630711016,0.054881271977860746,480,-34.0,0.1953268963666262,1
162.73097086538,4.290257280327921,219.11176484468214,0.4956671410322397,0.46119403538718673,0.08646397521042237,534,15.0,0.17086547700135674,1
100.77510666288217,9.8804220012113,92.89611870883768,0.2429319891491901,0.2908241041204522,0.07095122964162048,443,-239.0,0.15442188685582883,1
649.6567594182,48.05930327826252,589.6906075656948,2.6220419924256726,2.6800184306714927,-0.01639488049776805,1089,132.0,0.5623176796451791,1
268.15901889048007,106.33522517922901,159.91236206401308,0.8339756015807671,0.6088060272139515,0.3308429652750109,264,-75.0,0.24111394092977764,1
137.8933448642808,4.861383742404286,148.19600964505813,0.5323849812150009,0.43890638122882536,-0.021315608855062007,554,60.0,0.15694028512380534,1
321.50183952517864,58.29367591057053,315.6976704292814,1.860953107758211,1.2965378367140912,0.6924511996606415,58,-84.0,0.4052992661642309,1
239.37826474049498,114.06553660216194,162.79455462623142,0.8637594252248747,0.6817779786955995,0.1218753749577659,326,-216.0,0.39444129464828276,1
139.51229773084833,-44.504424101377964,162.2475755337063,0.5032444153332541,0.41612495069270905,0.10297407657263413,486,-49.0,0.09859940846675494,1
1858.0974210066481,1688.8901367374554,510.9014855016186,1.9800638570224545,0.8868595110337815,1.5477551429928817,68,-317.0,0.5041854134384681,1
280.2888507303671,226.34969891310698,175.17628004671542,2.6320488277869587,2.997905516176574,-0.6762220067483016,32,14.0,0.31622775334444064,1
239.47174005655506,-115.47834421850155,226.76235617605516,4.012188403968661,1.8475659943562888,0.8705529962437009,28,9.0,0.8572937490604797,1
594.0482194267458,32.69047509343852,588.9937509004005,3.0306047356212424,2.880070823625695,0.16361528256090718,712,46.0,0.16918816309608553,1
167.61457293961166,100.85624345022872,172.62967654624293,2.2958966130387477,2.030662152776586,-0.20380153014566726,36,23.0,1.7543315868044276,1
127.85427093716989,-9.975873669864498,150.7328692837513,0.5215001997793538,0.5311168016836566,-0.010485964196874309,452,-171.0,0.1639979881986812,1
97.83496009679662,-9.948102280318864,92.4820280385594,0.15664981911094217,0.24373912186161295,-0.011549069425892788,859,173.0,0.38081131659515555,1
158.02971425182386,-87.17433959033227,217.8952844097435,0.34322134633686435,0.47392065557290214,-0.140068757739846,547,63.0,0.16778480390748307,1
147.18096411265734,-7.276112308698799,148.22797243960727,0.22522339848775125,0.5266898181214673,-0.18166100852126904,503,-57.0,0.38247044277995196,1
197.12763611888343,-4.0980066321838535,211.92840637877603,0.36955443622800754,0.46277886779603594,0.011233786942029644,358,44.0,0.08745831448219904,1
717.8164320513076,12.796633402747716,593.3994529724085,1.895665121464965,2.222155939582764,-0.5739946605194373,870,33.0,0.12287329662665039,1
86.93636982275706,-1.4599017414117554,401.72230795440805,2.013110959288765,1.9769677185451902,0.6909316137720984,28,17.0,1.1070600093984908,1
162.0733811092181,-253.99499810554616,226.82220360895803,0.27819701248549006,0.4867670830403282,-0.9040474580118925,722,565.0,0.5541738463459424,1
118.15089030828334,-43.2320719071311,163.4653007957734,0.4207287540622165,0.3968223428208174,-0.07663444131898506,625,28.0,0.21232973033360875,1
94.23823865625856,-3.6229745117817487,103.69066062028826,0.1493097699529089,0.19926424176778684,-0.07347327769752915,718,72.0,0.1451549116145507,1
672.2058436559697,116.31866774777882,616.9025440301532,2.9761994618555887,3.080200700118712,-0.13365254198237242,1002,334.0,0.21945985257999184,1
79.15323350944041,17.048263146755268,136.59047691628342,2.7806390622295662,2.963294763740689,-0.24375840811813276,16,0.0,0.27272726029494193,1
592.8727287764433,63.720643404086445,583.7473157270169,2.6630197592394858,2.539346793336202,0.20256113158928724,851,-578.0,0.4402574663799367,1
63.52093924228626,-100.94057722889309,84.20044094769734,3.2516291673878226,2.6632151758749267,1.351907334978209,12,-13.0,0.5139128512091684,1
244.67276802988118,18.198550270011083,212.17243370616924,0.9173705080473298,0.6814003692304791,0.4058854321176961,528,-83.0,0.17888538069054238,1
229.66809987078224,35.78469254713664,189.28178231276178,1.5460249538093385,1.0357346493411361,0.5633835724444154,53,-161.0,0.5099986636848364,1
253.55258905628878,-291.4573019707718,247.96599518758225,0.6260056687452232,0.6187095680991921,-0.8172307975961285,306,78.0,0.3587770472197573,1
458.8564550745494,-223.4884343302777,632.3810840766271,0.6052350368006731,1.4390227199207957,-1.0312922144571917,429,259.0,0.7626151605552973,1
740.4938569970832,74.14293121322544,660.4104827714712,1.6439441769026246,1.8036757383734883,-0.4898511781331536,1505,143.0,0.17776321059182978,1
213.65017398205075,-103.27446064698174,237.19815730584068,0.43710757691504676,0.6912206209201331,-0.06192543120819144,136,-35.0,0.13167609193138405,1
207.93927322603466,70.36460440112538,206.75726761727896,0.7104973725261982,0.5508800143694057,0.18246342085097522,485,-6.0,0.23060090497826286,1
643.0369921329703,-7.1168250538582924,689.715551971138,2.4801959719141347,2.1635850501823617,0.6719724425272326,46,-50.0,0.36231510537301553,1
160.80212328061953,-29.0361655943436,185.71728544655366,1.2515164561744327,1.5264708255383954,0.30865106032510625,375,-238.0,0.9540865971712905,1
85.45265104684731,7.833872879312267,94.90548882503265,0.16737522582551356,0.2644319229541048,-0.22476918190875556,425,-69.0,0.22403422293577457,1
196.34808275101645,93.46439857740317,123.3642342558458,3.4830741894285695,3.407959568506475,0.0217540492175603,25,7.0,0.35202613978646263,1
190.57675524096175,-26.694175044359127,204.1226919582697,0.378916019196536,0.38163428465826504,-0.1376746776171845,368,82.0,0.5386559923745226,1
60.90922605950961,-47.95797941939937,88.53568832158251,0.19339367717635078,0.2737503250974117,-0.017624604383243814,383,-213.0,0.37285120136765676,1
180.74511085546922,-20.1864403352009,195.43801373990178,1.1320940751674908,0.9185970114073477,0.41440727947460587,205,-35.0,0.15669787970664512,1
54.77474162601944,-36.21233735387444,69.33894035904963,2.5827653841866605,2.531782996526459,0.12717283576686356,4999,-222.0,0.17809532136859169,1
118.62311769722675,1.9469174778761413,112.27893451448195,0.19796648226101457,0.251137912910934,-0.17154216890062232,591,101.0,0.17025170402339743,1
429.3115522263847,271.122611576818,212.10708917717193,1.0056134580052811,0.5917053406348789,0.721927595369747,335,-407.0,0.43926101861798644,1
139.19199511175054,-5.293236332925545,203.73546483016207,0.6322584662921579,0.5674405342310751,0.1851279967911753,622,159.0,0.13786048720566849,1
236.03832603188025,32.553127119398255,204.5375346816558,0.4623537468025794,0.6892595650109615,-0.5353741928873132,590,463.0,0.575097792290315,1
579.4848275624323,28.67969585577191,571.523907211232,2.547038307629399,2.724094867886866,-0.2796345816789514,1113,229.0,0.11285467928131968,1
56.94167337431054,-6.842250061684595,104.64740225413925,2.0157111127301395,2.8087073501465545,-1.40782209711905,36,12.0,0.5838638354351927,1
565.6262633050434,-69.07421645803174,676.2733036021191,4.276629687531919,3.417158640870342,1.0734906847325747,158,-100.0,0.21307316496134712,1
403.514724403531,-182.07189218908945,343.86722733911876,0.20908852183279317,0.35450893749846146,-0.39633768301967365,510,-71.0,0.1831837196380756,1
148.80979749679673,10.130470956288917,166.13994470799167,0.3504080709652445,0.3934439011780639,-0.3874102287549789,660,259.0,0.32149614383264097,1
182.24362628696298,32.48849771888959,165.48005148429826,0.6085304788292165,0.4747548402644308,0.21224360781540286,600,12.0,0.13703535791194854,1
169.39912989078616,19.237450642950392,160.43732793580062,0.5550782304607261,0.5823466526077918,-0.15502412599322624,374,-55.0,0.2766487048174241,1
808.2945674175492,94.05219286952502,781.8184169185309,1.714966569994523,1.876541204053667,0.27404229276636416,142,92.0,0.39534060619992656,1
735.5946279012798,551.3728516336607,542.789319700512,2.7557733822823045,2.505885282424762,0.007221500306009876,72,10.0,0.4546725891988961,1
843.5771600260083,141.13024035827266,685.260261659904,2.5623859813583816,2.2742340865649133,0.4080751503481346,858,-897.0,0.4123844653116313,1
244.3004685523776,-8.711913117782018,246.15796214531446,0.19539890623676265,0.5540079051633817,-0.7621816947218398,676,582.0,0.5609438933199797,1
141.09343382418518,-19.581470781319354,148.4739205321797,0.4041050663313094,0.3440789634634033,0.22073322895269276,441,-154.0,0.15746701981860758,1
500.70518707079646,-171.56211400511734,589.4024225481987,3.0361429902446333,2.955089786746396,0.2724096130725959,2410,1483.0,0.46176782081986867,1
218.45287885020144,-8.123733862654916,221.628245784829,0.43179530571624875,0.3446428938352974,0.21382863153403667,283,-3.0,0.034755988280330434,1
210.92656628215914,21.531816520371535,195.38447227882395,0.6187462816136136,0.34649174630721713,0.4746626555652196,366,-170.0,0.3382005801873652,1
98.47631940536557,-12.297175085990759,244.6940069571761,0.39113005294748254,0.37671470869460805,-0.03298312983293067,564,142.0,0.16432091978529217,1
640.3845323367848,2.188902463502245,557.4295887110222,3.0335676571808246,3.004794284476931,-0.054174394088401634,1038,-254.0,0.26657594816564295,1
341.7185510512187,177.98617297368685,210.84916313443492,0.7604269319561204,0.45985587169261244,0.5353324491728869,325,-153.0,0.46434319247590033,1
42.684159825396584,-54.424520186283225,135.9751740667404,3.3494839817876874,3.2424633623308843,-0.539565554126483,24,-7.0,0.31373203841986214,1
207.97712425635586,-516.5474855930075,359.5266549260743,0.3532952499454435,0.688864760828249,0.08442183548958315,222,-704.0,0.6221819333250397,1
367.107802816678,297.6379352480695,128.37890038227002,2.249389675512395,2.850175235293638,-1.3284298556023875,24,8.0,0.3202195289247145,1
529.0384485728418,-71.44581463346651,588.593024971158,2.9207293558596654,2.936962940618602,-0.0763925421421141,960,402.0,0.21010185482839258,1
59.78805541450511,-0.10346152782064877,79.77880351638795,2.8453509366224368,2.978122342149571,-0.8524948864619759,11,-11.0,0.47740782102543594,1
135.68075337385625,-0.3382208904512254,217.54787812403293,0.5048018625607266,0.5406049976086575,0.02080434821715499,343,-161.0,0.2401333776922736,1
306.40932285502214,-44.6431427982381,328.70984614578174,0.7158770366692303,0.5470527096362938,0.18698558581064317,478,-211.0,0.23467031774792396,1
134.57263133136794,-36.43824266263283,168.37133131910642,0.41351888378323165,0.46376270973755984,0.015565991452888173,464,61.0,0.2345232548333971,1
164.18293213658197,-32.582880006978,229.96197474406716,0.6274714402169185,1.1905327943592499,-0.5268758920141042,349,181.0,0.6327669319911126,1
132.07009493771173,-18.75080280392183,179.47546269707084,0.4462203114005013,0.5594686593389342,-0.14573068503526415,438,-222.0,0.19653572355705945,1
163.73237807753185,-18.82823786618698,172.84847671208593,0.2250944827832335,0.466495150377117,-0.16829307503125898,478,78.0,0.45271358744689005,1
684.4005108724697,24.09007592545686,649.8027891360983,2.5138142376949593,2.3548613107691088,-0.14573152774624898,917,124.0,0.05724440595578523,1
178.54072866133498,-3.7577875685641686,170.08162667501816,0.5015576451475464,0.46652832891495616,0.08477286523984179,490,-22.0,0.1510462119742413,1
126.28680024981907,-51.547669877409334,156.25846146569864,1.2452547927876552,1.0481370126890392,0.11629425361496515,346,184.0,0.29792951056247047,1
221.50767621035618,3.2590348996980367,207.71719205236263,1.1747497765158166,0.7781709572850193,0.667983671890536,294,-35.0,0.0752136686834323,1
57.61822085937746,-0.8928979165283977,66.65155717895206,2.4056390622295662,2.7067630521365453,0.16971271160053325,8,1.0,0.6010992060058423,1
107.78306237711548,46.87383631760587,94.15388482122742,0.16819888853683496,0.2434872125136161,-0.025194788639515825,686,303.0,0.3363984818092718,1
150.07541430864322,6.845692403122371,158.18267352667016,0.5848322413931822,0.6172717456662762,-0.0004427733035978765,535,18.0,0.21139205787330495,1
218.56066309363385,-1.6786631987504848,205.60515795476363,0.5182160383609037,0.4347401039259851,0.17111483861439458,383,-16.0,0.15815760094816475,1
52.289458784730215,-87.90928407696595,92.72762939034301,2.9387218755408675,2.566658597475489,0.4167937806535047,24,4.0,0.32348502377796606,1
125.5932781370905,-17.9288840319997,150.24493117766082,0.43622867181813013,0.39098628616266506,-0.11828248136971392,889,390.0,0.2785402739963813,1
220.9402052735432,-189.92625721761704,278.1614322696282,1.0848770639134122,1.0301086826783332,-0.200454284569479,327,-49.0,0.10498059304962724,1
148.08286642322665,-0.12411363321137969,226.74089121747767,0.4225591838467493,0.6669002747576194,0.041316024282417096,521,-37.0,0.24852817702395047,1
517.9389862455658,-83.66730540256833,588.8094132801527,2.7420360923966682,2.733162998940918,-0.03171166856306362,779,-117.0,0.11645854108334618,1
102.20521673563101,-12.67572427099789,102.56297575030632,0.45818472881303735,0.3775339136048346,0.09173820647372488,460,-6.0,0.388246482700892,1
216.01282216145117,-76.2858554821411,197.85310156314816,0.7440168412042786,0.5445139864420488,0.30806879795197284,351,-244.0,0.2203353948901156,1
184.6457717101622,-264.3553448578551,334.59275902112194,1.3273872137204585,1.0510085686675281,0.31333763483665056,461,97.0,0.18668556869784658,1
197.94836350640315,-14.047084380027854,203.12764949743627,0.5063662438137944,0.4255662578474637,-0.12688755437838772,352,58.0,0.12877446214707386,1
232.31711708903845,-105.52705663731842,240.63653449472798,0.6837375603279822,0.565162663750769,0.08786098054607372,440,176.0,0.19751743360341248,1
159.5992921590874,15.913430193788287,156.3751822099549,0.3631130105946579,0.40881753754286276,0.04921475678724824,503,-146.0,0.17505856578626175,1
190.98856927510084,112.91433457625814,116.93440358894777,1.421928094887362,0.5027448677958785,1.1439163138499042,80,-332.0,0.6675599040988568,1
307.8213217730944,128.81082862399452,191.4950190915679,3.1512475831098588,1.8369536688992798,1.0416827396097261,61,-5.0,0.9063355795873154,1
248.99612875700902,53.041569337718016,176.88726997641928,0.7018181115497176,0.6992676542831691,-0.06060595860894302,446,116.0,0.29494128152224675,1
204.56707509993896,-7.793693162487784,202.6176601813354,0.6896511658679508,0.6549187962942533,-0.036080399243721084,398,57.0,0.14209505045970827,1
207.23699001567599,-5.964871862657191,244.6650779754069,0.8050439001036147,0.8740895478096172,-0.14459165879705027,306,19.0,0.05733018087562653,1
140.22592724354624,-32.46524852438881,154.87642806041978,0.2695471874086371,0.2904265748822432,0.04284816138949549,608,156.0,0.32365952414411225,1
588.5509432957804,58.7753333950202,614.1004076460652,2.3171544079699604,2.5926809552619416,-0.43581162313370525,879,255.0,0.1688103857716085,1
204.9926497857432,-18.4367363387652,201.05884995474204,0.7688573609247497,0.595269555532434,-0.07431059795113082,317,-59.0,0.0978664614719387,1
154.73922837097317,106.37250427268427,160.8647585017794,2.458690531595088,2.7799359603764784,0.6576762257882534,39,-1.0,0.28069480776478023,1
140.91193389633722,-70.76981372469078,162.32854567932225,0.2956913187645877,0.365203425088989,-0.2431703486174966,564,108.0,0.13247986144951393,1
198.34629143292312,-13.895847334197782,209.30100617613408,0.7461542195361557,0.7417373996284912,-0.16792992493985437,342,30.0,0.12583836218687694,1
153.36433701694088,-12.110751862206115,148.33777029803224,0.7267238292348573,0.6519729940163224,-0.008188936963170801,307,-316.0,0.2829976993936473,1
82.99445905273798,7.111446250804974,66.39366582981826,2.5214302182708472,2.543976586260765,0.029899521573299115,5983,-692.0,0.16923369995601698,1
41.51448911070024,-217.03968294073678,127.4012208368963,2.5670314951575834,2.644287139903548,-0.7054083022892814,28,-28.0,0.4847060877529115,1
148.11353599831713,-12.710958803590216,155.4304650761699,0.3093660861946528,0.43414475988914153,-0.0028928424333712344,628,-71.0,0.52058404617738,1
129.64086812727805,-28.593916909762214,156.3613081236659,0.5226515557825349,0.5658722165520182,-0.1078356698077233,457,115.0,0.23790850430903818,1
204.72537297221822,-151.1347434898238,236.51085915093972,0.21729532939959648,0.3472263477863694,-0.09198648523898625,571,219.0,0.16517991217984743,1
104.89690929917731,16.845429009401087,101.85528940387796,0.18154780058369308,0.2172189641541784,-0.06328168314444971,873,479.0,0.32443073849837467,1
203.13419219169535,3.6844641808588108,231.20689826344977,1.1320699792617623,1.0352829240855275,0.3204352073741541,347,28.0,0.061173717291367044,1
1540.5355332770714,808.863440745283,971.1611808378257,1.7891902005603706,1.8388274651902339,-0.20679467603338275,47,-70.0,0.4868278273438962,1
186.35049818862285,14.67680232568739,162.17089853629793,1.0661161075351544,1.2838065511573014,-0.1841668244557948,325,160.0,0.9403560728278453,1
291.9587854440403,141.06421290186995,276.4767070290952,2.819801905828918,3.0672179503303085,-0.9096442890763385,28,5.0,0.2737450775428633,1
131.7735053562754,-48.84400546200217,158.62298933440727,0.5664723263198336,0.5572181026609208,0.14158180852757685,578,126.0,0.528094290853401,1
49.868173324714846,2.7727671373740534,144.667793505843,2.2415230950249696,2.4330963409976283,0.2866954572726763,22,-23.0,0.5787192574710942,1
92.9861251874798,-18.910163558165337,111.74480335374069,0.23350873589876392,0.41022909628422094,0.022188294548265403,454,-130.0,0.25298532143208846,1
90.87519519354093,-26.168835293301626,110.77753982073583,0.1804999982278335,0.2231911722162387,-0.10552645983078865,754,52.0,0.13658292758611967,1
148.17899598211613,-1.5618633606746357,160.87413107766477,0.32937521231553607,0.472507136465562,-0.1319884790576653,494,-266.0,0.3842239103548771,1
873.8437585742047,363.50682092364076,565.3499363704259,1.523481962465989,2.4876356484277187,-1.1458901861286215,42,18.0,0.47407478420384536,1
181.59127626935037,36.01992019927326,262.2424354981971,0.3249374292497606,0.4164352449197666,0.002465813769627234,405,-125.0,0.17298975026509908,1
140.02475892214582,-13.731697861179441,188.09132693074434,0.22825420949979333,0.4149732040694,-0.1500664766618399,424,-109.0,0.145298376891674,1
201.142813079459,2.2206443847098853,198.63133056674525,0.4859852683090155,0.3432390570826519,0.19028816397809484,301,-74.0,0.08530855244143146,1
174.45701068995075,-37.00997270854981,181.77664434302696,0.32027194937297626,0.3649064481789607,-0.14569340628002825,341,14.0,0.2764027023213046,1
141.23084961422728,58.877748913788636,87.44723275907127,2.6100517722929673,2.553538259024603,0.04813854861797351,5352,-1364.0,0.12962296478507218,1
184.83302339516098,65.19802924088405,141.88584835409918,2.0750742231728347,1.752848765178928,-0.593965297553344,19,-22.0,1.2295577167788188,1
165.6851925393666,14.942182316521183,164.28788258193737,0.7847723856496213,0.8457042388730596,-0.12334014314640906,331,42.0,0.2932171931549138,1
82.96052573246044,3.992244701135178,81.76567906201569,0.3861541640371339,0.9978258890791141,-0.014947723640949373,403,85.0,0.6948651317485892,1
176.17430376805726,-66.20622358159528,184.651032480942,0.4452556221379668,0.3964592919581846,0.033696526343774735,480,152.0,0.2392467951047408,1
430.2781338349236,-173.65342785072966,558.4658120525294,3.485278611728753,3.232280613991258,0.3698014988826337,807,-36.0,0.051020567714017105,1
432.6317178994995,22.31416155877929,592.4950698826335,3.1470432969507702,2.698959727733326,0.336835326428917,142,-27.0,1.063130822595726,1
951.3717812510979,488.0825498657342,811.7465804023243,0.8965495837070079,0.7822929886945843,0.18093473780548797,434,-3.0,0.29366529050834106,1
226.4291160463527,86.20794248476622,156.29245328216598,0.46165473744815916,0.4196642499594449,-0.14359764130360048,369,30.0,0.38249291822194476,1
83.03008825453311,22.663044838478285,140.9506286004087,1.5033074086078344,2.7988056526990395,-1.907109844152685,30,13.0,0.316926060414509,1
185.30399526449833,18.114001415999354,179.5668947291286,0.326269157513101,0.4367928258230947,-0.05135572807987698,557,-39.0,0.46154144802296515,1
137.98976127972117,-70.76945715482807,239.55520683916475,0.6445006242161873,0.5922360941112271,0.11128872821630664,427,-18.0,0.16873076430798858,1
95.42473875691502,-5.805237816057655,93.61243440636937,0.16255483039129304,0.23529805798398326,-0.03532244463121176,631,-51.0,0.2342902254570109,1
303.86847989622476,155.63743850775097,199.41053273388366,0.5111663733062208,0.46096462165150126,0.12646119736210465,610,117.0,0.1595883269655078,1
649.6519076672785,20.926647507483608,625.7930856450495,2.9087429930277526,2.8726400302950874,0.3417197163865304,950,-39.0,0.09619329405611242,1
275.6037466622814,-77.31700919718918,410.0803387822667,0.5007488234501408,0.7625764321655017,-0.0556777493049736,470,-47.0,0.38054462074736006,1
189.83828887496313,3.3526278022836493,178.87021721027037,0.9428653958493265,1.5640610375575297,-1.7741564900303919,613,585.0,1.0157216740874682,1
228.22124542105732,19.052223415726274,212.05850898132798,0.7955794160235651,0.6144762737091588,0.5286060998225979,325,25.0,0.05802165152351859,1
205.18788259759654,-6.603376214041816,199.96055372783854,0.7415286969237329,0.5319614279233698,0.44051941820097734,341,-3.0,0.0828502234104166,1
123.70166547309024,68.4002904540814,72.5919377050452,2.978094888169261,1.5315942135985143,1.7734358780017763,14,-82.0,0.9668509502284288,1
598.0428194002707,-23.044835916408488,583.2610411300802,2.8457111852509422,3.042550635100924,-0.3457081213043094,819,92.0,0.1697490492206771,1
50.95525903081147,-46.54822265009083,220.34915496687026,0.40670642191589945,0.5258535097796855,-0.024355658194896934,674,312.0,0.416679324012771,1
132.09983754875802,-58.888731726342826,123.5944026693181,0.48931682678479693,0.5231040538138461,-0.9326112681025651,239,159.0,0.7957113108450138,1
223.9939707837536,-39.02512416022293,202.45877258932623,0.4481982259606764,0.5663062195199128,-0.23806219562831954,737,283.0,0.26543657472189036,1
212.36076826242675,56.3112951054745,197.76722551780514,0.7257315651116719,0.6398011507870092,-0.03739448246780486,341,-79.0,0.15187133450019702,1
831.2711488808968,9.919509243479638,439.6722516022117,1.2820935363392496,2.0138311333148726,-1.2002553894365118,748,365.0,1.2053146111955144,1
154.7347803406912,26.242165885073348,150.8043600489621,0.6562414736465662,0.6216041094456244,0.17570175420516326,406,-78.0,0.19286032682764825,1
125.70281092420802,20.22996758108897,104.44584882017769,0.425957886690194,0.24654764174048652,0.19814939967098683,498,-166.0,0.2550760814148375,1
143.09782547027396,95.71400263307913,103.77519411961732,3.239097917988787,3.2841191559871503,0.506183354009389,18,3.0,0.3432492841153368,1
125.61061431736977,-36.96343782799639,361.65383334856426,2.265333803415125,2.1246371042238326,1.3610457262246662,59,-35.0,0.5626697826165286,1
165.38736965591565,-12.501075226592747,147.14273527310658,0.5080119512142554,0.4545244889373909,0.2600324306348225,426,57.0,0.22614848371289112,1
202.72765732005644,-19.412532660056343,209.03153044030415,0.8018812761230032,0.7457047914840039,-0.15538934254151526,321,-28.0,0.04322766709662006,1
561.5779297726405,19.09803411587677,578.6016912649831,2.5859353471968523,2.552664854919162,0.018757009072440045,1010,92.0,0.10776309833390722,1
202.55821352386684,66.73138600547804,182.57607723359763,0.9342780458391609,0.807608723602323,-0.18249472580335624,263,74.0,0.2677321265459351,1
480.06749352134153,-148.47661975310604,528.0916526645591,1.7845605893540386,3.428522072838607,-1.9488893038091064,231,69.0,0.383734775255279,1
40.240126456826054,-8.69330531103325,62.65287651796522,2.5790433008928813,2.5157318991840185,0.015594090678766381,5461,748.0,0.08286814005057955,1
110.66144653526952,-15.58984867536087,110.93109656429915,0.2946214046160917,0.2791646517780501,0.03209949664023387,759,80.0,0.18607209044405837,1
533.1462281224772,-4.106910694030148,534.799473138736,2.932559029042702,2.9981603184730683,-0.11010544998710481,980,59.0,0.29702937437518195,1
212.1029962973219,0.6158833173127221,215.78362063614435,0.725884717677788,0.7209038399373604,-0.22730961141535588,289,-49.0,0.09269044393820687,1
222.13076416581492,188.49219121932933,133.30784903379256,2.4591479170272446,2.3401311593133625,1.6866875599262467,12,-164.0,1.2369297161100763,1
469.9614198979702,-418.08783857973816,355.93107497488984,0.6623489884448781,0.4503851277943465,0.09659648611143168,357,-206.0,0.19944518410946388,1
114.42580474375414,-9.948791923058323,118.7296732261879,0.3142982012938954,0.3931565992152713,0.14870669173303563,780,378.0,0.3555964424510373,1
142.49848255275276,-25.90994596666377,166.13699637066912,0.4952033715255123,0.5161825944066243,0.05501529227465851,407,1.0,0.17708790516615597,1
135.01548206318787,50.7451606387733,107.23134940229313,0.1328352166106136,0.466180747933109,-0.18321576503337395,1075,567.0,0.678089538634025,1
131.73648123769243,-8.232818036216287,141.76074046045193,0.4486954050182181,0.4531828629727944,-0.14882272601068475,450,30.0,0.18773363939220533,1
104.03188285533369,-0.15576006423917477,104.43200277844873,0.2926917372902713,0.1994642151166585,0.13430287949278025,616,-114.0,0.11269470688531268,1
646.1985763976438,33.021358647847364,673.830473585522,2.840900768798648,2.834831064725466,0.11717130161554623,1126,-156.0,0.20560683740544478,1
133.22092320691905,-8.009926407308228,103.1364690752512,2.446548055561777,2.5262947932996265,-0.16350371673119035,5890,538.0,0.0939826113806199,1
211.15522139709026,-0.7274615647999383,210.5209295360349,0.6341118203425438,0.7783491986170884,-0.23659225947293117,294,-4.0,0.03502202313546256,1
612.8159918013646,-26.595840301216754,577.1563362313111,3.0391549866509964,3.057654566842841,0.02012400094619471,1276,360.0,0.19124878294468473,1
108.37946978367626,-10.020617497875762,114.42225379508584,0.20935932369934696,0.43447750753155556,-0.05326498938124008,661,-71.0,0.35094486005841435,1
537.2531388165073,-32.1046870989768,540.9456846219989,3.0426644790298067,3.04226288413154,0.17448605759485147,921,-39.0,0.3643498216805544,1
44.527278958280974,-16.190194393695172,884.2698976144153,2.753434386188785,1.922270460286276,0.3849118584605784,14,3.0,0.7022666037420908,1
325.08384854100433,86.46413849977279,245.22542082317523,0.9742109524264732,0.8184731223444602,-0.07618272979524854,460,143.0,0.2532796666638724,1
209.43343163521553,-6.969033025218977,207.70770336448268,0.9384818448641656,0.8725832309998861,0.08792476600592403,314,15.0,0.08069129831976508,1
168.48665628080906,-23.23648217406995,181.84409039694953,0.20035335643133542,0.3802386328546715,-0.27848430032165783,826,487.0,0.45962140639707083,1
215.52642003342956,-7.694656739852803,211.99172845561048,0.6243987674408402,0.7568879772482635,-0.18916269918590078,315,-2.0,0.058036657022994174,1
319.78042644557416,-46.415586897255366,438.0610413634712,2.1682987897128245,2.4601159423574837,-0.7337831810058248,824,-510.0,0.5693222776132688,1
598.7065831184852,117.23340677365798,589.7777561863102,2.8133793181316586,2.700780079879304,0.23957761065554095,885,67.0,0.0690641689970914,1
105.29297587402364,3.5685053979463532,104.55647404323572,0.20781026517566561,0.21566797088172085,0.010986435426408453,856,138.0,0.19211222233988798,1
699.6160016196319,-18.41029997458736,641.0316036572956,2.787314117133072,2.895025403517334,-0.22628865336113524,1277,-65.0,0.17890658675685037,1
103.62440737948815,20.975678465099463,101.27141402731358,0.5625960432874408,0.6932769683285488,-0.16827052432873135,494,7.0,0.4355107264882709,1
623.1264338859936,-7.95289752308031,611.1101910322759,2.94249890801818,2.9213283556083334,-0.0015126922132697729,924,-135.0,0.10021862669762086,1
234.9144312297565,-94.32906126234238,354.8285337536838,2.695461844238322,1.2602281528143109,1.1673668721251524,20,-38.0,0.8060063634637535,1
611.5653567771689,9.501508031732214,580.8240921272253,2.968103775519631,3.0420153452127776,-0.052067717662243496,921,17.0,0.04180764808201537,1
260.9833428478004,63.05625084523993,195.89661189535633,0.4911243758671389,0.5591079189306225,0.14389569679072822,611,-111.0,0.397044233825771,1
276.81084678523564,130.18175563982624,177.54357740241508,2.2359263506290326,0.8520535835507349,1.7491295082929519,7,-429.0,0.6292031724594663,1
279.95108806231855,85.64834604472489,258.9368146020345,0.9058099400081415,2.7175405383964075,-2.4181249562759146,267,243.0,1.372124313801638,1
148.68693437585185,-39.45268872289682,188.20200875810093,0.39069917606399657,0.5017245155896521,-0.0181271721524654,598,69.0,0.11821651059812861,1
178.8450359532156,40.86528500947264,164.97928559812635,0.43006364998133395,0.49054178939591386,0.1884784880293198,595,23.0,0.2730636736348675,1
285.90970017288544,-489.90309511559997,353.6233189243803,3.151768520121088,2.7847879646780496,1.027507307950534,27,-18.0,1.1031608438518086,1
189.60382225085812,32.581331533038224,189.14101693781163,0.32218507095562354,0.6329401448669252,-0.09910006327508736,558,-68.0,0.47269698416115435,1
314.8604881278802,13.441439063651899,314.3488962215009,0.668852633949857,0.8320231048796467,0.22636758692540582,84,-50.0,0.20127657951670608,1
207.4780752657406,7.206854209216658,341.87852322711393,1.7782732828187449,2.5749649170338933,-0.5792029425882417,130,97.0,0.7363375184674168,1
165.00922216036471,-29.71112684257949,244.00144599353243,0.42548128617346304,0.9292713890845341,-0.44392865140313265,570,50.0,0.3298865488428655,1
106.52178530706234,-9.88448334753447,102.27301311213297,0.24010357296702767,0.3035532647765292,-0.14420573755877508,595,175.0,0.16777559719179164,1
188.3557845864384,21.94066680170795,161.40141039348387,0.4300900202030303,0.4548135359613844,0.05312693794663864,471,-107.0,0.17284160693228307,1
89.71544048413925,-14.134688329273217,94.61495728310493,0.11819326943361297,0.30521098641916006,-0.18455258209307412,617,50.0,0.2826141548690475,1
584.4171254560995,-62.66191742442845,580.6725381097829,3.189133125414878,3.1042888536089164,0.0988692790394543,1066,116.0,0.13468398670232812,1
564.292593974349,-51.575189540879364,583.1190434925986,3.173759419767523,3.155240942273249,-0.08587446129142906,1091,-177.0,0.26528231687054893,1
161.749982850063,-88.74424966343804,169.56514622796692,0.2512152766097123,0.32461300881015437,-0.21854806366976937,394,-157.0,0.31897502323391547,1
403.83180140096647,209.20795139930576,218.1926577953102,0.8556117263780383,0.5431375517337159,0.28427334063037724,445,-62.0,0.07260849931951295,1
170.10573877135644,-92.98480504634651,187.2323298362764,0.8071576043841545,0.826013462351194,-0.7054543926488616,230,109.0,0.4326779626743259,1
226.4742177598701,-6.871190790915136,199.81527393804862,0.5114850759296337,0.5995898629015718,-0.29282696384209017,611,88.0,0.17878567386977592,1
452.5768703841154,32.74734896949565,610.5978319199057,3.1144462458004196,3.5672321351542386,-0.33219954991366407,146,-50.0,0.191255463663208,1
219.80277105456452,13.615475489292777,211.651034871409,0.5015102440468742,0.4996057522607037,0.1327236521344911,280,-17.0,0.07236883999412701,1
99.06844419085964,8.375396384564809,94.48216602995255,0.12200170527551561,0.33269130760307764,-0.18106413112726133,697,7.0,0.3318263753160254,1
633.6921676712057,49.27504221510617,589.1235634988221,3.219555975415071,3.1412076817890746,0.03042285000019307,903,-163.0,0.13417312734892897,1
191.56055965444156,-29.315845599838553,381.03068066334356,1.0095391672513108,1.0978998537161937,0.36787454653715335,207,-223.0,0.5227579203257408,1
651.1534335807536,69.11452610124104,580.772651095595,2.8864408813504956,2.8644458805218775,-0.162303992667717,909,301.0,0.1866548437686187,1
53.130059961626,-16.166830513129483,72.61918773368207,2.602273672239753,2.60588619162833,0.018960713420727693,5024,-923.0,0.10259430186275495,1
671.8977231314013,63.69688424002072,633.3222477647932,2.680748547577859,2.7274245832991673,-0.16837435058363726,913,120.0,0.11484173758909602,1
137.81845848796888,-49.08238280403299,186.60438447166712,0.2126348241188025,0.3995072796185544,-0.0951810186997056,500,54.0,0.23529800425599895,1
148.5132471755763,-357.19231664980873,351.2691789458413,0.6938632163698889,1.455484838319335,0.017273938267918454,217,109.0,0.5952614567320369,1
144.7684345504834,-25.286962241862,160.28739607547095,0.48406207671115525,0.5200514654830206,-0.10981715570440648,456,-195.0,0.3241081854754779,1
215.55238211985886,-19.551995056471412,237.93192375829867,0.5182879710995915,0.9145411511841266,-0.32409419506230586,296,32.0,0.0638150252686517,1
607.6929400425241,72.46930736261231,581.1491189353778,2.9354229251210775,2.9324805597208514,0.03127681862628462,865,-144.0,0.2324212256267463,1
19.87398767817619,17.21187490051935,40.3100408006766,2.675682108566777,2.6253238924422666,0.28396105208480726,784,106.0,0.969372936885285,1
153.75645678332526,-196.6493071256651,190.05666457542026,0.3783206861616332,0.43665946661789806,-0.2185984146562902,533,87.0,0.2466939945560589,1
158.57494509185446,9.888010716002611,188.9934392275896,0.5694313271986652,0.5334381899938575,0.17873215113466862,424,-174.0,0.14626934616276457,1
60.69799760766616,3.675143703753747,127.12214250269142,3.725480556997868,1.7602294791053084,0.25776045652336865,18,-10.0,0.8462471325053509,1
159.2909088554648,22.805842550939758,144.88185992871212,0.28530512097162575,0.3168927294108298,-0.09287385466601861,500,-28.0,0.16003752382735784,1
166.67857124111617,5.868505765020814,195.85398572488378,0.28573696839496343,0.4135035377151639,-0.06671109475350695,552,63.0,0.2787076628017942,1
200.6279764995991,21.073252505456423,316.106884947356,0.5593697031378214,0.5502929904582852,0.25424950562707027,333,-252.0,0.49634685100902415,1
248.5535563865261,1.9176962607122618,147.23123037322614,3.512479270691231,2.7864239490525913,0.27103319952570937,29,9.0,0.2977746510784276,1
130.8966276704984,8.40861298055026,144.80853749736227,0.2596992505717072,0.29778375191464185,-0.03889660077710094,422,-113.0,0.15258692267107635,1
340.83541451805615,205.73108458154732,231.79336002911242,0.7560596843574661,0.622745244031762,0.21152118784586016,409,-133.0,0.20759748652710178,1
115.07705027502227,26.256782317759274,122.42502526275409,3.484183719779188,3.1237340960589686,0.2752996492415516,20,-5.0,0.23964263184292117,1
53.45166581606598,-582.1274988672292,516.7016838700292,0.26676498780302604,2.195908649725861,-1.7274191924578475,44,-545.0,0.6028447863748366,1
692.8756646879907,46.34913387762106,641.3383042442396,2.852050409787971,2.99603651433362,-0.18942326923312391,1353,95.0,0.20341215961946355,1
190.3498831955102,20.602211564293214,177.81037940956958,2.350140135601674,1.2496102135288047,1.425372877392502,52,-212.0,0.5835448099888205,1
88.84247782597154,-8.999309161629952,99.7888879192922,0.2861689441912419,0.27016934991865627,-0.013493231375963755,581,-49.0,0.07237620665518582,1
108.86573231185689,-56.120050693073566,316.66259051849124,1.6233002394077771,2.2045989987968886,-0.7263015133068045,101,85.0,0.9684240997608697,1
98.90087837279886,-6.414634074576227,199.79043454938494,2.4464124990649543,1.7585421384187208,1.045985562499512,23,-38.0,0.8810290169206879,1
204.35820072045783,-3.796113578421455,205.23470922320558,0.2687135664800342,0.477407420064199,-0.26012847929784444,353,63.0,0.08538133434126877,1
647.448146192682,168.9529678978202,563.5763526298434,3.241271302440534,3.1365751630998844,0.24307612847551363,887,-245.0,0.23485536911657537,1
156.0489266759874,-30.075702960457647,174.46392533288878,0.6633874947763466,0.7044034450113849,0.1529583164474344,178,-296.0,0.5022403036566412,1
118.32130942135315,0.15489050365255252,96.69684826973615,0.24053593149667024,0.7305003421475625,-0.308786861549704,640,330.0,0.6807822932433251,1
186.83164185972353,23.607104328141787,149.11568151824682,0.33817450258319054,0.5106767435232077,-0.06543538408497168,450,155.0,0.43467595065758863,1
475.66950594829746,55.544843130590095,242.36965111722998,1.5485882843742798,2.675526206720568,-1.2571484386667477,146,81.0,0.8439324783881338,1
218.96212391790536,11.648554058780263,238.60325826923858,0.7453193397368885,0.9488390337924516,-0.25981393869006086,272,-70.0,0.12840798965339495,1
198.35657868681054,30.332868644419364,160.5569340665998,0.41979149529532067,0.44701415400437866,-0.07118479646931586,503,147.0,0.23760318306404446,1
167.0931463275843,37.707611950789385,148.96385133521997,0.22265111803591553,0.5206188154079506,-0.5053253814957558,632,104.0,0.28920821646369793,1
797.7035575465918,754.7461502345204,466.23317542598505,2.113816001867153,2.064123485331472,-0.9133531165734654,169,158.0,1.0307503779091824,1
115.58916478110264,-224.66650836122187,247.1063151063503,0.4696002927123996,0.5316362188118521,0.10228216294256443,520,-160.0,0.3340468151881985,1
626.9823095621136,65.60529467156562,593.9729831228622,2.9263839278994945,2.956888751789844,-0.07506908052429662,1248,315.0,0.21095773652738367,1
200.86971337894337,1.4599839167926802,201.1876340977175,0.45754062323048633,0.5085814791575054,-0.28895251562614704,327,-6.0,0.09357575029633441,1
103.10863893973172,-2.2481035609615247,151.80934559649137,0.05459408886869201,0.29027534424404206,-0.2497085007375712,908,355.0,0.3253174906231666,1
212.3456933677859,16.49002547863134,207.9147143163742,0.9394857662571756,0.7897778846413999,0.4168560004499847,324,13.0,0.07526467952585532,1
200.29045810416713,56.48017232244203,183.10391495324038,0.3495348369449577,0.35861912914194105,-0.1496838884188939,474,-75.0,0.10885706587633612,1
87.07881328534164,25.948605173884992,72.55623295891897,2.2472150462418523,3.03492644035831,-1.2056044848729308,34,18.0,0.3595278650246176,1
113.52568108145886,13.95094210069928,101.58028089219637,0.39680378772357444,0.3184598575502049,-0.026163946876819666,461,-37.0,0.32564162909241123,1
88.07894777792629,17.749564002563787,82.74955872717177,1.7908520829727557,1.54809484843712,0.5392229155849328,24,18.0,0.4656572869035513,1
171.77401238548129,6.491550556024833,174.01494226119695,0.5276199898995418,0.6854380324487983,-0.08454853563322162,521,42.0,0.1672665355822462,1
152.97723704368855,10.109679883607981,164.22637168308992,0.6694916029129713,1.448319138704527,-3.0140507595202597,514,496.0,0.8167597922429427,1
177.1984058985929,-5.174360129764068,261.3594175286251,0.5532825812021885,0.8096188112150072,-0.061927147389364334,366,-100.0,0.44099934125242657,1
138.86873900783146,-145.10829068835503,228.52838511215754,0.30009446447990606,0.6953174952284106,-0.8094395643788869,748,330.0,0.24524695804965183,1
214.65022682061164,-1.3076153540639268,211.76668282397955,0.9294152094676195,0.8320405269679366,0.03987357672630176,283,4.0,0.048362508531457266,1
211.39985317072694,-331.21275391530855,436.4234890085598,2.4730724143730924,2.1604151347878187,-0.044311330384169345,23,-28.0,0.5342912258577233,1
210.64583957153803,36.40543892222695,207.8528792008332,0.3521512817280091,0.3855305546889075,-0.0010048010964165965,496,-62.0,0.19306154449810561,1
609.3220697831208,91.71157584310549,634.0718164545997,2.8756017080371823,2.793258005978299,-0.022102213129941095,975,31.0,0.47501733843887745,1
551.0391029656016,-91.44078848999345,582.530579881064,2.2652049262666285,2.5373247114955775,-0.33065745853345563,907,-212.0,0.09005376391820251,1
161.34557029414466,15.437613692875146,164.81816792679138,0.3940687638936431,0.4907887738670045,0.040148107722897286,556,-123.0,0.4124439072346148,1
153.70210558869158,13.236722130115481,135.72482420665042,0.9886185679826952,1.3420500015496466,-0.4277180029589155,655,213.0,0.46610382207243645,1
90.255384812703,-94.34881376407682,120.25252551495805,0.6960589831617744,0.48835328247042425,0.08098545811463076,187,-274.0,0.4545810202693524,1
2.449489742783178,-196.8156218331222,77.85699798514138,1.3787834934861756,1.5785153161218828,-0.2699476334019668,7,-38.0,0.780760321211345,1
187.94937504487558,14.927559211559299,202.64591826938096,0.7302689837709763,0.6947130529949319,0.14164493870351413,241,-187.0,0.5731873118168894,1
179.08597857209207,2.339358774893782,150.77631815267586,2.157079447308549,0.9961098353909226,1.5672477056118983,31,-454.0,0.6734657637814004,1
256.3216113704234,-317.58248053934415,346.94080927668557,3.352014715163967,3.8552734767020973,-0.8173519426112743,63,-167.0,1.2063958740737486,1
298.8970472654422,19.68746237961011,251.6368439283944,0.9796991648743174,1.2501483360869032,0.10426083031073252,250,-288.0,0.6285882443949125,1
150.99215236043054,7.472544207280947,143.25627225926775,0.35055502161313884,0.3547459091394546,-0.007870862130197609,438,101.0,0.16526825302496354,1
110.89457798688237,15.448895156394073,104.56535478124681,0.1004748232017888,0.2683587560065955,-0.1748826167809467,713,241.0,0.25155970979447945,1
100.66261792705866,38.8561597751596,106.62982556902031,1.6950687944438718,1.9746321572120191,1.1662546588272393,104,-201.0,1.2846252876951092,1
528.8004894949636,211.33124439195768,260.9907951043559,0.3581331498664118,0.3122489679208858,-0.1713510138000634,511,-48.0,0.0866104651298315,1
87.81724592101975,-3.057949272521185,106.57985773905295,0.24316273160309207,0.20433062808716054,0.06266273337525857,564,-190.0,0.10539151582135309,1
62.354807152295805,-47.22824605146796,102.34808634735354,0.2669407328532108,0.3685540585865143,-0.1448803377200263,400,-86.0,0.1281174563982597,1
79.69207987889094,-16.92436263017487,94.60582409336084,0.31951445145581286,0.2180897957300862,0.1742256028847022,367,-410.0,0.3362378994168403,1
150.66806846225745,5.6257469934873825,169.13870546747336,0.29293158493041777,0.518539708935682,-0.02480198130465905,622,114.0,0.24250529960163153,1
182.92759721177904,33.030463941024095,215.7221722410433,1.3685252981826677,1.375801690568768,0.01538914232257449,433,-38.0,0.2024667922968664,1
97.94155856943958,-68.2379151925105,144.97711888958779,0.23705678451141926,0.48486039348941007,-0.2459289682585098,446,60.0,0.40172069058549326,1
178.36101367789547,-17.77784548948148,268.8241099226234,0.6937374399573736,1.3118926234180501,-0.1599475859063827,363,64.0,0.5904858595034269,1
121.65380516061525,-62.27047837839628,450.34529143527254,0.5012393555511564,0.7264710542618346,0.18703462465746168,456,-109.0,0.5482211772881678,1
60.76794430911379,-88.53356549036003,134.97940449176363,3.084962500721156,2.0610585330364852,-0.45145173640107483,12,-14.0,1.0617110796171376,1
138.73664822840752,-72.17613831085353,304.4571929447257,1.0131668569591725,0.9922300866769049,0.049430508316428035,489,2.0,0.33379513736926,1
261.41209938197835,47.18674722206197,248.93358179427506,0.36334746825549086,0.5335293355193994,0.04354083919226098,114,-135.0,0.3786075321870935,1
72.05807137975266,-688.5669051200225,536.2035498726998,3.195295934496217,1.8788427757196011,1.0079500541680808,19,-65.0,0.4440080325483173,1
100.29554664041807,-117.18088886467292,157.75458692591945,3.181366328891459,2.840303845616835,0.1507272666618924,19,-13.0,0.4654297892903303,1
211.37392878418387,0.8467538915346893,210.63547867252055,0.62046009514856,0.8434400318152177,-0.19377362217751937,306,22.0,0.05279576999289555,1
98.33046323495074,-95.11214018096314,243.4599080521229,2.962292189082415,3.1789075981873935,-0.9989574507745518,25,-24.0,0.6814506414814692,1
235.5357927872391,47.13236010858034,215.63480703786263,1.0240007400780844,0.7659339833821236,0.3659058542395365,258,-132.0,0.160720481399744,1
143.21231264559944,-22.17505701031621,147.7958111201596,0.41360717918723433,0.38516880796378417,-0.09440477202702102,532,106.0,0.20776310147751406,1
185.61844250814357,-17.202077974323686,339.97651762220596,1.998801925694888,2.7998339448305516,-1.0893534411738204,237,94.0,0.2880326102231744,1
136.6339542606776,-29.972498696873913,152.95843112146878,0.40813163179297735,0.5132299057692703,-0.12213047744857025,472,48.0,0.33325808956614067,1
599.2555618899794,-35.57532811051556,599.7296241233086,2.969278138744094,2.9737276923046148,0.13579316656770013,873,-369.0,0.22910927295773226,1
515.9403235832638,-41.22462818254132,626.5359521697408,2.9228067261223605,3.099688664393999,-0.1434608801393633,776,268.0,0.31622289128884273,1
218.9152762544938,-7.025343904162156,215.11753972446877,0.36633729530217624,0.45586657879946857,-0.04849809098108465,281,-24.0,0.15417123778830885,1
902.0172201691533,-62.416894496082705,583.7661614878525,1.0541432239989474,1.0922597495958315,-0.14036192899323696,456,-178.0,0.26459603308579704,1
651.8049812846997,74.88260883024032,595.5019456682583,2.9975411337751283,3.0157243505424036,-0.03960420235188744,780,-235.0,0.1489631720900456,1
487.6703012521144,191.85331734168716,276.1822166751156,0.8388842415503694,0.9206542085718649,-0.1833670444193194,378,32.0,0.1152916875703951,1
615.0637300375704,-40.42367560694095,612.6012518225597,2.9238219944227346,2.9735164139803794,-0.11732949304313545,1030,-45.0,0.15878229977768435,1
106.23588219583314,-6.051850230763989,99.22502903414963,2.412544863131095,2.4651598837976954,-0.12056923577486955,5702,-540.0,0.10217096309335225,1
169.53166091785258,-6.498690974456082,168.28136338224053,0.35891481038498046,0.428112459604585,-0.14060458913890134,485,139.0,0.1746731800361264,1
113.16629321839588,25.819630738557635,168.41528491115065,0.6374878699300227,1.8615070248914392,-2.7729293828304966,399,382.0,0.970459294696009,1
670.2356000235019,43.047630908916744,650.7154970640133,2.1351727307136175,2.272963039543673,-0.43133790807488825,863,156.0,0.15727995209136642,1
213.5901453497322,63.51473104108899,162.4573856824531,0.6992110276942085,0.6830261180858056,0.11437878630102627,486,-49.0,0.20966114297050864,1
137.3090526279073,-0.982555949960755,135.26206532247915,0.5046022299633484,0.40397930752173783,0.21556817083577023,674,109.0,0.2120717919134582,1
86.52729861278642,41.35003295537967,81.6761159029709,0.2018636197473924,0.45710174648956103,-0.09593141451569212,662,104.0,0.359537460882102,1
51.09287616155342,-62.92057820439676,110.29991265336363,3.155565013329719,2.8023816781336603,2.1181637592874836,19,-10.0,0.24689865499354186,1
406.2203230044603,22.142889680094527,324.30103011417265,0.8152511524525916,0.8212145165473552,0.2923698664758634,434,-179.0,0.46277331666909094,1
64.74043761852826,-224.9558142856807,248.2686485856591,3.553763114472245,2.585073196017783,0.7185253691601274,21,7.0,0.5473451925705786,1
913.0177946422148,287.94484581302027,767.5623647098506,2.292059202885099,1.917404281328475,1.338396033442422,60,-48.0,0.3118047785171509,1
124.61549394380135,17.375562969965358,102.9654115998269,0.28674281132530993,0.26125889869817487,-0.026595891211692924,598,-103.0,0.2689661821724313,1
119.81512036376596,-105.93131714672025,481.6696002747106,0.5234430572278876,0.6225195779431637,0.11602726851996986,518,-50.0,0.13370978567574157,1
104.99839236864536,-190.69108258776902,145.3549218121688,2.8234651896016474,3.029240549021674,0.2456683780030513,25,0.0,0.048989792745173705,1
92.77238561406897,-32.794742732729475,114.8356141919534,0.1320365425881932,0.22214647045312857,-0.20300307861562572,560,-42.0,0.2535455138823703,1
282.81232724337633,96.66481997917853,182.77935626225053,0.33140041493836864,0.39820897213820516,0.04082313553690209,593,15.0,0.1533529167871051,1
202.90623747905923,-70.4436125895742,181.71480824669658,0.5789772836608295,1.1081423165400317,-2.8119055800903077,542,490.0,0.5386390376361699,1
148.52677829684657,18.256429902881422,166.95208579727705,0.5913820111214498,0.5917859571353425,0.2832691789330062,389,-262.0,0.36308084626505166,1
896.8036499849924,737.3378857186287,403.42708036327696,1.1525145520621314,0.5750092926979617,0.542750519905627,258,-85.0,0.31499717093457463,1
39.52720582080145,-239.40455647785876,168.11788049562645,3.240223928941852,2.8221511477311676,-0.7047391254105335,15,-26.0,0.4434668406691261,1
236.33196484939737,105.14079836113072,255.66152296414566,1.697610548843341,1.394488241571183,0.420118217753535,515,-301.0,0.24571028015738328,1
195.34742247841396,46.428555015789556,160.40907677406898,0.34871897546044134,0.32261841772581956,0.10293388667594586,305,-344.0,0.3119095279545459,1
122.73612927265464,34.888828438152316,315.4674488001866,0.7327633954372286,0.6311350458896389,0.35182904326876546,330,-280.0,0.24474942582945927,1
197.79495933207494,-6.612315411619164,203.56760643846718,0.9588918387622966,0.8409297816103976,0.029326008085915234,352,48.0,0.07277860018661557,1
593.9463079764449,155.4883923134514,551.6857048863837,2.8670534876578233,2.9177098975154574,-0.08232162412306421,942,-802.0,0.33237928594617866,1
547.8608948409388,-89.33534696840081,550.20980076946,3.092798688549047,3.231807166319477,-0.2252509436195882,826,134.0,0.3250131834223161,1
232.03421345092104,75.54483829190491,160.4889292072298,0.8134954305217289,0.5818160579178622,0.1856926539810636,374,1.0,0.31863713926820236,1
157.53004970624983,-139.80819009112912,303.56997808623134,0.6054464043355182,0.7482659435421923,-0.31820090552170976,413,126.0,0.29778835041842133,1
423.5009411142778,-215.41055295936485,573.2151286959262,3.0574289863544224,2.9747273937666767,0.0908795781361933,863,-34.0,0.12492525163354769,1
176.99220497945188,-26.4702419026589,187.87769558074723,0.5371474740143591,0.6172283353572414,-0.1200577446530916,305,-7.0,0.22921702415870224,1
147.844831494853,-73.13608226256966,171.18703873360914,0.21852202868010076,0.3260381198503308,-0.13525834671689577,527,-41.0,0.10546531853517452,1
164.33708373899282,-11.576179454625134,193.21047054634863,0.9904325943660134,0.6055710751883863,0.4228211453519044,280,-75.0,0.2264810376433259,1
101.72447047607729,-9.357849066661629,102.72723482734405,0.19682382974925716,0.24786745469696028,-0.007058265542339348,718,197.0,0.31159709460775414,1
267.55683138734673,-126.12880893466917,287.9689017601235,0.5216719947695,0.7023299231893004,-0.0369177659570763,488,-95.0,0.2825833392426909,1
228.93680155575373,-25.102282798167607,207.53914393497803,0.551474137058262,0.37110500079862374,0.33629667134071156,472,58.0,0.10821659540702655,1
280.6758469102052,-178.18060816434416,534.6863604044306,0.5139444765637153,1.1680741969544137,-0.09129056023695781,622,193.0,0.7995684207638969,1
101.55263520097832,-59.96222091025156,206.5081543216134,3.2034082409276943,2.150152103837305,2.693587711711853,34,-675.0,1.138014755976621,1
154.3699261759709,-56.1160783198161,208.35151279457756,0.6249042961337179,0.6316853648807637,-0.17083865500237316,399,-198.0,0.23973457150107538,1
501.8511205297168,102.19269771380016,556.6079372948565,2.711139221614816,3.04026704144999,-0.4167744257145092,1104,-263.0,0.1379812981584909,1
189.52072543810334,7.582435558594511,165.62184592730836,0.8430376584500311,0.4875825344974046,0.2500227879859781,361,-122.0,0.5805232021242837,1
67.02747271653193,27.705498108498446,127.55448950064458,3.2390979179887864,2.9271991844926317,0.32390192419354324,18,-3.0,0.49276148502618916,1
146.60799419024394,-16.811785012562098,162.28658583335982,0.708021117217788,1.0189845948145446,-1.3319456512235393,377,349.0,0.6801310752097502,1
648.0041665059296,67.41203016703696,639.9355118436035,2.5014286101929404,2.6450533785311396,-0.42595393071845633,827,-137.0,0.09418511848107453,1
87.09474717474116,-26.23149665386228,123.18447777188635,0.2486361251649052,1.616380990583545,-0.06664643221616268,553,45.0,0.8948003962829215,1
165.3237182196376,33.75421996121784,175.26047940810295,1.163519155687173,1.339145788071128,-2.0116039794262877,122,105.0,1.0173964465820704,1
61.50993596340531,-13.365776164538204,86.76981376626378,1.459147917027245,0.5764511323966331,0.932758141694811,6,-369.0,0.6264162350177694,1
161.84519603816975,-13.085490083958092,167.48844295273136,0.43068552086791784,0.45441258025511033,-0.011167021859816328,465,-61.0,0.42947182342251944,1
142.32868025503677,52.74953982602841,150.43576052989926,2.7347253962039653,3.224806604183017,-0.8087397933976814,55,30.0,0.35424986098344924,1
200.30673687895325,-8.22817532253066,201.62023954940727,0.822068940626608,0.7448618585233115,0.224828391539855,331,17.0,0.0465041169306064,1
98.96271429969886,-4.876559790177481,116.16417194814696,0.14237135839500895,0.4037404448083162,-0.08887150886205675,670,-96.0,0.4188236343160223,1
180.10870897684418,54.046262974622906,199.3876960778483,0.24431362533048415,1.135115207095844,0.05406292681468286,1200,110.0,0.87541890009728,1
157.88175010309237,-30.25396470065519,167.3702677032626,0.5161390879612213,1.130059471056932,-1.1183147353131233,562,444.0,0.8830602765545912,1
291.76270626235015,102.97557237402421,194.3648461035623,1.1046463060125056,0.6955475811151851,0.26407622647115014,424,4.0,0.130479625176746,1
237.27366252853517,85.16609577690281,173.0800844703741,0.843895073941791,0.43699504533091804,0.6157760913423477,210,-643.0,0.4930973573616183,1
159.4938227374349,30.64712908924838,135.17211085714337,0.5400457119591179,0.3621760849881381,0.32362823406406616,467,-101.0,0.15902800083955104,1
70.90051067624213,-186.08949589514148,165.77497868512532,3.1643916827944873,2.659892823487672,1.4285441294446968,31,-30.0,0.27014989116120247,1
702.4469196677356,20.34995639910926,649.8150148114739,2.154310831010247,2.1885159613003924,0.3029474539938517,1755,400.0,0.3206691093561908,1
102.30358664758633,31.261159355778602,99.37990760452811,0.11255913693345154,0.27115909635009955,-0.3979736747706558,653,326.0,0.3151895541967754,1
187.4106900386689,35.761990521796434,177.14342759810722,0.2712431549890847,0.56748645065525,-0.11229239954102249,644,181.0,0.35819450036763884,1
149.661286683377,-12.936309058711487,160.78178864879084,0.31160702057983947,0.5727257326129672,-0.25041597345492184,629,348.0,0.5547902934736095,1
258.57774656583734,53.132771560114634,176.82502165536818,2.5889596686383984,2.6621501103953067,0.32515049475485247,39,25.0,0.6895863891358484,1
86.72274488363033,19.81241038049248,90.46696941254285,1.1440450503047412,1.3901219391548028,-0.2903831666548129,115,-21.0,0.8170580207002388,1
668.2260438735643,-2.4151436289258754,597.1212902975464,2.972265962006884,3.0035180640270402,0.000423512013964622,1076,-198.0,0.14492023040654448,1
40.74037036868685,-39.415616609958185,142.56893796312437,2.9057645846554525,3.058236876351372,-0.33313667194717844,18,5.0,0.23586393381159698,1
188.61231864251764,10.41932391040595,178.279971908434,0.9015892322438024,0.6808018355825766,0.2446149556183459,192,-70.0,0.3299956378807532,1
175.00441245493846,92.16371847841266,90.97694410314266,2.9689185639620974,2.9392130653585635,0.3962949000669336,13,-9.0,0.2930033995330169,1
168.7426429972037,10.062733711609638,176.7653507640397,0.3971747267415894,0.3309159624615893,0.24672201067378985,424,-101.0,0.15368471548249713,1
173.2265552574627,-17.578558097051882,191.369947284687,3.007196489685617,2.0184572951848163,2.3521924100049434,17,-169.0,1.2234537837135577,1
27.32903668850698,-64.81745663948516,84.13754783780446,2.6685640837289717,2.527337112266928,0.23973871507485534,4291,-2238.0,0.17588679132586874,1
12.326479928557745,-7.547507749618443,28.519776028048472,2.7280490565090245,2.6659376317394083,0.0523669479422475,1123,339.0,0.48997402171669446,1
74.10555401651536,12.257130431107782,64.99384498667634,2.287783719941071,2.3959508081467478,-0.5781736010081042,13,-7.0,1.8806643932498248,1
192.07478613330187,-22.6320570552312,206.26626782693847,0.7014035982634179,0.7893772270396806,-0.3180285833436518,351,52.0,0.0857513334668787,1
318.67297692752476,167.71754290971379,191.7284966644617,0.3784201181232425,0.5140163138164162,-0.1862335119276498,704,72.0,0.22510980456171847,1
825.0199213201698,228.8034253515017,366.60139977438524,2.1232857113083456,0.9552547921292538,1.266434935308617,385,-82.0,0.307005370336917,1
154.6966348367669,15.625909219005763,190.15856072765996,0.9029959869627174,0.9982863396304665,-0.367240850768474,378,176.0,0.26400487870653505,1
551.067432349092,-28.61307234968649,547.8274806856622,2.8751332277840507,3.0713594494992194,-0.34697819208310143,894,-31.0,0.15525427775667708,1
75.96812196938632,-115.86945099274226,90.81425416428158,2.9995812306460645,3.0392981650535673,-0.8336884588690445,15,-10.0,0.3690460081478847,1
249.610090799298,149.7958209336667,541.8707005199924,3.218974999433378,2.7811198076740835,-0.4235146737327482,33,10.0,0.5072653531022013,1
595.0634192147365,-60.22155859516772,604.2250425773972,2.945132775287666,3.0071838708747216,-0.07961811900110227,813,33.0,0.14118880091071734,1
173.1620072562259,-69.41035774488986,184.79142852975207,0.24607932600576396,0.4440728880605732,-0.45118594622617725,715,259.0,0.2159082999781852,1
542.4798956567637,-116.8481165640568,579.5484862506357,2.567178338124412,2.537913288767588,0.21365744309035417,918,55.0,0.09461582087821746,1
155.24113849996863,-27.801456954099137,168.712105731057,0.4125434256538733,0.514025347859332,-1.4388114179253453e-05,588,153.0,0.28767576215446305,1
99.07876998499613,-18.930466806017165,101.62211949097795,0.148168120156272,0.24888903737406903,0.03072970881195132,791,-46.0,0.2405846404095308,1
314.0676476742678,122.87671037705135,192.94516971415175,0.6678166547373862,0.47448136581902045,0.4372520205018501,507,88.0,0.3433062648145479,1
632.4534780009973,479.36720074524953,357.5518861669608,0.8602835222849774,0.5982405205712533,0.3776279192163352,599,183.0,0.17726552826936098,1
56.100108932356115,-564.9404837581509,167.462394929488,2.584962500721156,2.7155520708614267,-0.3175467372861056,6,-17.0,0.5128016232125323,1
664.8531934268472,112.09752079925715,652.1833866413776,2.8996843204177893,2.954390400315982,0.006217423928976729,900,-138.0,0.19719272300489246,1
171.51973037840978,-140.59028446014472,184.81791299878853,0.4187984595489543,0.5872638404316597,-0.3703546622464418,584,237.0,0.24883252302535264,1
434.41330125982495,-74.37575142894798,543.4761759559499,3.1676587832339154,3.099958106908902,0.07025527561285516,2001,-44.0,0.34707301706016236,1
149.06615713987244,-25.610809438612733,128.24376490432408,0.4355590508423838,1.1323613721309287,0.29151241791670773,974,484.0,0.9520467657764445,1
200.6478634787273,-0.022691581564515673,199.44178196996367,0.7281906734157414,0.7649426439289075,0.09093535751668802,329,-13.0,0.014343769554250674,1
195.68756246971867,-102.92810609087104,227.2069276178604,0.36940341064329746,0.4775919156841475,-0.04400024464595137,468,-239.0,0.2613256443799798,1
242.37296082500683,-81.13930272305083,235.58801560932835,1.246694988628661,0.8549818928898748,0.34073111814162693,79,-34.0,0.16970561717029659,1
727.1968300204812,674.907371235751,211.95196577824814,2.297084136197158,2.439475563387462,-0.6416377393437096,126,102.0,1.1073106667102188,1
638.9333486323499,25.9693227017342,596.2502909549914,2.6729801688866592,2.7581473789687423,-0.3965646343281235,963,307.0,0.15065167287098546,1
191.15086006694992,-82.93715522890926,193.58514410396853,0.40012472111754926,0.5182679565817516,0.00648313282409535,514,-105.0,0.1437727816128863,1
144.0806360973491,13.509334706496645,218.63105058721362,0.31650646703327584,0.3750809566737701,0.007285811959458377,270,-170.0,0.23579129043345054,1
67.73223508764026,14.346853253269266,59.02000710229313,2.5487818550059123,2.547191522781999,0.05952775027553647,5679,188.0,0.08093441632742979,1
209.16902200533104,13.537907773474728,233.6424450365367,0.2669733162009672,0.6070072646371828,-0.2166731302184542,300,-44.0,0.05889571411552286,1
1178.0218700351718,945.7047529461333,437.1146856553911,1.3757483632203928,0.7435830471109633,0.6920108028924107,380,-60.0,0.20261732747937053,1
158.7385397601676,9.783655373083235,161.210059966423,0.2173322740633627,0.29730008444497336,-0.1017633496050338,680,256.0,0.3962953411813544,1
97.00184114912221,-58.33709758538521,133.92951952977563,0.2934792401207948,0.3870575532462894,-0.187104468947612,569,257.0,0.24277265132562972,1
76.533623692829,-22.36725467996986,186.95804264346467,2.565395663624986,2.0030558865307615,0.11898316456003188,45,22.0,0.9655901136653796,1
48.51574772976067,-558.6745976773083,179.59323005810026,2.473851389610045,2.604249012241338,-0.03195374857494171,18,-27.0,0.6094604248700649,1
95.24396211903294,-18.66308493635833,143.2320530772941,0.5922624372397317,0.4716615138232608,0.23947372133079037,431,-95.0,0.3457648366396713,1
742.0580279040868,132.3242184533517,626.7555396860173,2.9294123030300745,3.074632740537854,-0.049402381128170525,1160,357.0,0.29057783087523664,1
312.1100148385545,151.5998405082434,208.35021391300506,0.7891531217953961,0.5635004784876212,0.10066563064883438,347,-29.0,0.1492578054439857,1
50.86936905774765,-56.491371064419084,152.21868326412124,3.7516291673878235,1.9846269261198153,3.0055861012983094,24,-319.0,0.8424530816904124,1
204.14657047219433,-19.122165285327668,212.0459521957494,0.9589122451074192,0.8873663813945207,-0.11253470117855513,324,-25.0,0.0884626968176939,1
364.19302642940823,-167.8080810506812,507.22763312448205,3.0365531625001667,3.1125809497221217,-0.11421908695849448,979,28.0,0.055129660869233925,1
416.61893373768623,156.6902457490262,344.53109976410514,0.7308819850931548,0.47511516017237304,0.24052061397984942,770,338.0,0.22718353419500092,1
517.4467555107842,380.78031635999037,429.0255719008337,1.2249649089057635,0.898959750285449,-0.08826388594689161,361,259.0,0.5701185058249943,1
86.43688099349785,18.604590391171286,59.84910143325019,2.5839653419358988,2.5466840905810595,-0.019129832915388167,5134,-201.0,0.06955098266107979,1
178.01833957042064,-17.65514783145153,184.19044399131604,0.6577444377641167,0.6988238443282201,-0.1866299471137911,322,33.0,0.4267060819885416,1
526.9595954386954,-33.43019412412832,641.3753160475533,2.9616871922089842,2.945908550046832,0.17210090893471452,153,-58.0,0.15624009381209014,1
132.75463257844666,20.96060003896889,106.73118548951462,0.39459800467525236,0.4533078860053057,-0.14992680711121636,485,-154.0,0.20348694262501452,1
162.45898342345228,-105.88923416079567,280.1838702911364,0.8369200821621363,0.7494614457525295,0.11576158790304614,314,-67.0,0.31577693092158854,1
207.72078732040475,0.3987316672346992,206.89948068271616,0.6265010846719984,0.49386329776717625,0.19269786538282097,378,-14.0,0.17305157341310487,1
457.68640834006635,-282.80744865701683,608.8852929719139,3.1591660665369177,2.2683973118643688,1.515221889634293,2682,1177.0,0.3736907743466433,1
632.8568127048712,95.51377927252088,592.2755104015989,2.998827141022139,3.07972027136248,0.0549159437342448,1013,36.0,0.08877662477083578,1
375.9064524638925,-323.7095491557394,587.293065680036,3.4002733565397576,3.0081518551565813,0.6129592394066856,762,-515.0,0.2405359495394784,1
46.22526917394946,-131.1783442630138,118.89009039725143,2.35274578087187,2.8694974700597338,-0.5881403083515018,14,-32.0,0.7662799239111207,1
136.82184162131097,-74.07291396816044,142.87683807140792,0.6547528659683126,0.49083551341115844,0.23643468457390243,611,245.0,0.18213153607811725,1
177.9097448283508,-25.949290923181735,177.76189745356254,0.5847101132922536,0.6922169970141587,0.07021343570239325,375,-55.0,0.4006217931260837,1
491.17564797728096,-103.3529634641286,571.4240177518425,2.8410693970092824,2.8767492239751618,0.04793775388069754,928,-312.0,0.25078110346256166,1
177.84288053247283,-28.01033666201502,181.39166120693804,0.12853033045359194,0.2882160598826898,-0.29279509054362396,465,105.0,0.2959457152024435,1
394.8689839210088,215.0547198867754,292.1730521910517,3.4817145729860735,3.4492338765773978,-0.48810120944073665,22,5.0,0.34738065990387196,1
182.9507609618296,45.343001648496084,216.15816079111295,0.7817756261069313,0.563326860496847,0.34664458391280417,295,-232.0,0.3066758891612239,1
176.6016577805268,-8.044113929635387,263.71437995915767,1.2718395359160901,1.0483523953838176,-0.05554767780436842,505,44.0,0.24410139679893691,1
567.8937644146698,-105.99745400720428,616.0833925170548,3.0369994777761047,3.055506320759341,0.003396933043743555,1039,-176.0,0.11087958471170438,1
181.89176629448295,-16.59249695762628,164.34628182124243,0.6407469995053182,1.1362491520664206,0.04688776911586323,370,-101.0,0.5557194362168892,1
160.2108508107735,31.075616832257793,126.70361244585531,0.49844378175274495,0.4851370652055513,-0.04679086268480448,442,14.0,0.25755689388944614,1
223.58309239346033,95.15982514018216,189.18499645577867,0.8392759198553768,1.288218362181436,-0.15595862446473452,352,103.0,0.2688483139214492,1
183.00706953557832,-280.43837637121646,271.42858868819906,3.4464393446710146,2.075619832543576,0.5311720194619727,20,-9.0,1.1413387113196996,1
703.4481288032301,-23.748701217251096,342.326864203671,1.9531937207300722,2.298801355107286,-0.34389041546708565,29,-97.0,1.0021171273777387,1
615.8677835152283,87.98383432309629,582.2644763191464,3.259633881058952,3.1674795100839974,0.05119616246367853,1268,621.0,0.25764136300879864,1
165.73196167488555,-0.9163014445688873,167.148727973427,0.4898104611556612,0.41068279915942396,-0.023212500082728682,430,-129.0,0.1773017952759832,1
209.55300025116912,-53.58548252019574,247.8226623929389,1.0247742657404857,0.9899729214144231,-0.26430195443978644,291,-152.0,0.3768876673642567,1
170.0553967923454,-14.894356912095816,159.37217929744855,0.5938792324155617,0.4956505805765685,-0.18797843638524858,651,405.0,0.3118521385161882,1
456.2498564525812,114.08703955756118,337.36212497125814,0.8291363476372795,0.7927430098381109,0.14574524045127557,337,-309.0,0.2514844326305645,1
96.32891570032334,-219.85783485145075,168.30607196118842,2.3954618442383224,2.2833885098631277,0.27749866892380615,20,6.0,1.000891369421097,1
780.8561969592031,37.353550235131706,422.91817218577035,3.0377540191106704,3.366108989079114,-0.9498120900094436,128,-63.0,1.070742199744756,1
293.92471083717726,148.75405433870742,422.750899162607,0.43895994456013204,0.7764723820960524,0.28459603605647754,491,-119.0,0.49519742306715336,1
159.88486523847448,8.355065364026984,159.79054493132358,1.077440929144796,1.031947391369588,0.406006886668828,184,-293.0,0.5279797542326611,1
203.4691679738444,-7.697841685796277,204.62723029147188,0.4425901289373828,0.530853520687711,-0.003670047767462492,318,2.0,0.025567144131580153,1
165.1000973777993,19.026460814333717,157.54252854463806,0.570894217309093,0.40820485998321826,0.23328436275395703,415,-129.0,0.22544657937123433,1
208.01405346636116,-93.15962001328123,229.84613921640215,2.322670926921196,1.7877729727525211,-0.6624168338109762,225,177.0,0.5757209739502155,1
125.6598210357308,-76.52533485140492,172.7015675848866,0.7213714154287691,0.946411383975013,-0.6092774774810432,166,-10.0,0.5420355150916045,1
96.17165963309978,-0.48568540915393044,99.14251397897554,0.2261891421133521,0.2517417726382333,-0.08330679220870749,614,164.0,0.2605234142403869,1
179.35607466715504,-25.29477700083916,205.2133266320198,0.5089939164085489,1.4820248628766008,-2.526769095372151,445,403.0,0.8222947735364191,1
244.34658921828338,30.826995906361617,214.6016590806775,0.6814763907743144,1.2229165909862076,-0.29679761340671806,251,93.0,0.7604103336694695,1
121.6071567000266,3.3961116642687017,323.27147392585897,0.453403353710959,0.4597206990411561,0.22803149466428277,475,-152.0,0.2570146612433045,1
89.52396641931149,-36.17884450489653,103.61807101996385,0.10544152310725655,0.22931965781489297,-0.32051636358293745,674,176.0,0.1620826494673996,1
141.25012873178497,22.706382445165943,107.76852020319689,0.9391761454520864,0.4541690886577932,0.522241704804486,443,-24.0,0.1441259003492846,1
193.26905135430496,24.976579122955457,168.98732519735768,0.31445511244490976,0.34500611068203674,0.008535698101044487,673,179.0,0.16447958517299027,1
141.5200483263856,8.483515559686623,148.56485267525846,0.3034451074499796,0.3152400889365989,-0.03262259127336947,536,-9.0,0.11729788418465667,1
186.60230866104828,-90.14399562020739,257.7657046787468,2.746261437095949,1.000391052420556,2.0878227783650845,26,-274.0,0.552601672201626,1
411.89148510341863,241.69916766357514,197.47140280609938,0.6444177282460932,0.3479820437571396,0.19372240635051302,681,387.0,0.487696179838248,1
226.21349350305596,157.93287359113987,277.63484793008354,3.4043473322310223,2.808615904412761,0.3193848315098662,28,16.0,0.3920731026499985,1
166.20309657343208,-41.92914047120979,182.07957847674766,0.9883008510752479,0.621965749346865,0.6175052908207143,322,-129.0,0.16560691369168865,1
185.3401175775862,52.85255071978315,159.43126032267827,3.2658813699600984,3.476353786546504,-0.3281372067682313,28,-27.0,0.4127470191661002,1
433.9202486888832,123.0968462559261,349.55674942679286,3.2729055953200565,3.2286158702056094,0.5212764279322335,15,3.0,0.3088754666121008,1
196.57238067343877,1.9828546602614665,205.2820806375741,0.7113602142054276,0.4626999913138106,0.446728840196466,206,-189.0,0.22745776361861098,1
128.69002475407336,-41.441091694040864,141.3331612524595,0.4693983083841437,0.39434482426278056,0.08327920786278675,482,15.0,0.15008156965939398,1
601.5974561399374,-65.28620716486193,569.3023055937247,2.6384368729234406,2.6968609339584777,0.22689733360120812,957,-8.0,0.6687599725776031,1
302.64032827470675,11.16914193009427,312.46977278028254,0.5635791451148083,1.1829871606727154,-0.5138578274851903,113,23.0,0.38841280730474387,1
97.37099352136913,28.821539129040815,108.65270750962479,0.31134395402758597,0.36639347576366976,-0.048287993027235576,622,64.0,0.10187137842968794,1
174.24040064931108,-44.320262444322765,198.26792482819403,0.3531560828244257,0.3816220641681475,-0.165059955536478,558,175.0,0.19944420477680883,1
227.4587159461871,-83.12781217130879,254.52297579536724,1.3735494115361742,1.0224178958262515,0.299080430772515,129,-43.0,0.22069380627906038,1
161.34677701377024,19.964628195566377,153.6146324104248,0.3009964929935807,0.6276248637837201,-0.08435653303846202,636,400.0,0.5604293262385663,1
82.50059004874952,60.26497098389852,55.19349833891621,2.618094063201759,2.5117387818478445,0.2688714911782877,6155,582.0,0.09404330495028435,1
98.92571099080698,1.4193674650232424,106.64785987134921,0.5650833066808967,0.30506610225526953,0.40718752864509034,485,-188.0,0.15667763513924537,1
743.5026467240714,326.83322139987024,345.7933098280622,3.987566109120114,3.408884018734544,0.44112676444909926,191,171.0,1.5035871110478847,1
198.95925250172576,-9.454142441681682,202.71397917523956,0.8908863185266593,0.8694840389465626,0.16708768471334812,361,11.0,0.05002769367233373,1
703.3630170893467,38.11039164189799,657.1293985474607,2.823243769230823,2.9561207014592155,-0.1793882917070655,835,-54.0,0.10651549830994252,1
104.4538241531086,21.291617683419418,102.08965009814105,0.19441559350136323,0.24317871235780122,-0.056921408010333796,627,245.0,0.22433944256917035,1
162.66681406469846,-28.57599098788927,175.9303645031934,1.0524044516384974,1.1225173505372223,-0.12571741009990256,280,45.0,0.7686658235643425,1
76.04768241044562,14.349636340177817,77.39232724406111,2.5487949406953985,2.7158642210273753,-0.5841196232839994,16,1.0,0.44757102229666024,1
115.25886378109112,5.637060726731136,104.81634140579948,0.28733996573255977,0.3244627675503445,-0.10559089563123641,646,-104.0,0.29964125329690156,1
53.26833165257704,-6.106129230464802,54.74109905594298,1.0889964890981696,0.5800378086758973,0.675310205219302,148,-260.0,0.4271688716152156,1
155.49042311093388,-35.66043695601604,196.9245358679256,0.4692983085670521,0.508522965875668,0.06917358744950286,427,-87.0,0.13916507648713689,1
86.6262423711599,19.63732692315905,79.47621667676562,2.013110959288765,1.8147224119479488,0.12111547224974473,28,15.0,0.507795999626969,1
42.64843360416521,-269.18274123247613,281.10880749122447,2.1766352793034835,2.5881871845427975,-1.1766344102116246,21,-4.0,0.4739438332173088,1
111.40728064116495,11.034580711348625,97.52216117531452,0.44658069415363727,0.29050502491084196,0.14964745948554664,669,89.0,0.3153484387011734,1
1049.2747090585742,-261.9726932750632,895.806625898208,0.8791887338265255,0.875797742458593,-0.06780133391302767,481,-37.0,0.1784023514010596,1
387.949853817833,72.91423994513366,259.392172637257,0.8008086919812029,1.2856241399823598,-0.07207965529836136,510,40.0,0.5140067741308981,1
719.1563379434557,-64.0173978777284,764.207642274933,2.6482458289789346,2.08323350834421,0.1620727152182262,89,-127.0,0.9216433777278892,1
117.45827033919815,-7.969645019796616,134.07018133101988,0.3491391066725773,0.31787630019885915,0.10558646935428526,291,-141.0,0.16845194520362103,1
201.83268562994465,5.040486886461309,186.44057527102024,0.40385186980109417,0.4151455105017375,-0.24818518877752632,434,107.0,0.2964288589675698,1
709.6717626801798,-187.75714630055734,815.5184515324609,1.1535268105274026,1.9550581455981118,0.015251503302863512,103,52.0,0.5676310059673779,1
634.0333101549102,106.37757576578338,614.0539536976022,2.7624139037576123,2.9546350575095035,-0.22508202439175307,1414,-881.0,0.3446239023731748,1
568.1554390561193,204.7528319282203,509.1965675587244,0.6894596400577986,0.8557079243232737,0.020181954796943624,343,-38.0,0.07180530298548253,1
116.60781575605515,17.986890028625552,108.13780470288717,0.2436154090086656,0.2437263619207716,0.05437572937422594,740,179.0,0.26227554135374953,1
231.8808624595829,65.60908026081185,134.06739614954662,3.2806390622295662,3.1975386590189947,0.25858385335536527,16,4.0,0.21360211003446314,1
198.17161225081162,-223.6744312634109,299.2671909723691,1.2643249591285808,1.28283937223578,-0.16392064850846588,266,-136.0,0.4316214587734761,1
130.98218459221508,-36.110961735369216,142.915197420905,0.558055844573098,0.5749169187426241,0.33540472653718245,457,-175.0,0.21036597915081864,1
198.1513263779436,2.8851858020139503,196.9373523810071,0.757323956621986,0.7704384962244871,-0.12744925811421126,352,31.0,0.09054578215521222,1
94.92645646028222,6.847508682355937,83.12734788158306,1.325784781203331,1.4638183652163996,-0.4650673017694247,23,-1.0,0.4673400713103482,1
158.8922567223728,14.313136070530078,170.5175734148454,0.23711788809735676,0.6373314997147596,-0.6915310296606371,967,662.0,0.6268296849580114,1
224.80845977809923,6.146010632616026,199.52521275764488,1.2699335927489286,1.7015097012023588,0.054959579186144136,327,-100.0,0.9032114981196173,1
595.8125963757396,508.7765963175887,191.59401744648721,1.5913898628575744,1.8128586952126902,-0.1686437276033219,30,2.0,0.33024104279701316,1
113.62705515634812,29.237802028603355,124.44906255047128,0.38409214232507705,0.3609845745463957,-0.20953550013837563,581,111.0,0.14719935802594747,1
130.41889738282802,-20.870797984134867,173.7138474865427,0.2957067206602752,0.31582597297438963,-0.050815849046067785,391,-236.0,0.18751674266791699,1
605.0619797880665,-14.702802208519643,594.7676922332122,2.9744197111985824,3.1373140043884753,-0.12030423920050737,944,-71.0,0.12461717476785049,1
143.93041520260277,-12.109904461507824,147.9484562389285,0.4529281771395542,0.3963279747904701,-0.1463712846607212,509,-77.0,0.12653213908961186,1
628.2727566396038,100.6555060905689,592.8530852204918,2.898563011810405,3.015783731552231,-0.08581809844624289,921,76.0,0.08811347416157336,1
47.29463206561842,-21.0439368395028,247.11410151076765,2.822579761842492,2.197815426816498,-0.4503258334775646,15,0.0,0.795193390795089,1
643.1688469943177,-5.323894682350101,615.3875095546927,3.1009676025095096,2.9120442481155093,0.08353146756048746,1000,-79.0,0.26475059102588305,1
212.924450589571,40.469438674503635,164.60241211865747,0.8106915594151352,1.8687443228160174,0.013285213908670768,433,-131.0,0.8459323698275889,1
114.56137293139825,31.386933547129217,97.29035611113264,0.6811366170999704,0.3647152840341652,0.1594237992465697,552,229.0,0.3422719325822232,1
119.64799922105605,-7.0881270836185735,141.32457232946456,0.47231296087072094,0.4686959713414856,0.008130012654664287,509,-95.0,0.16382729237413854,1
74.37680903495539,1.6983516815875532,158.8355919714847,3.084962500721156,2.7505745710468323,1.0673623621797916,12,-16.0,0.42681544181016196,1
714.5268189990286,640.9377715208726,336.95657226353205,3.6572899523639886,3.4348792823018925,0.6537375898557443,66,-1898.0,1.6974739703599773,1
72.97437172440355,-220.18154512127887,205.73152157678578,3.3212963336848613,2.6466704605911264,0.6434290153929827,28,0.0,0.2825970708264587,1
809.2063069466377,66.26400940170788,541.8272399469375,1.8388028076013818,2.036587449552912,0.7518393409052198,95,-747.0,1.524206786939844,1
214.04276022581968,-4.479754393670163,185.34167246870763,0.7889438052194736,1.173669332535213,-0.32728378089053856,356,43.0,0.49197398117023616,1
371.33454880156955,285.53657080674293,175.83628309327636,0.38197386552096474,0.37305853933818695,-0.25612915249143836,321,128.0,0.3624847067951776,1
196.5367274798906,-2.29142056615035,286.64315529725457,0.3730643624628482,0.37340818799585845,0.03856839402176948,663,123.0,0.3310650520838026,1
178.6908182187951,16.024004154096644,173.360808372786,0.5112309670033015,0.7704267195143718,-0.5411734846351959,275,-5.0,0.5424155425671919,1
573.9796732750151,-26.228368448976425,559.1646859720329,2.8577476017809476,3.085985984333794,-0.2099035657266195,1179,154.0,0.23581023345365681,1
150.95543401781097,14.133592396500006,147.89914503875482,0.5646536300508923,0.5194904015658006,-0.0900992359174203,632,21.0,0.19540168942009264,1
27.192202835771297,-43.71148771227658,54.59795145552575,2.0420585054713616,1.1134006961112146,-1.4828864696133497,36,18.0,0.8179044556354966,1
159.19818091962222,20.45590438518161,206.10164824292514,0.5843630930031829,0.6560778280937687,-0.5206339269384457,530,355.0,0.3350408054132342,1
156.36455805682402,0.8108206032991347,147.7654799613087,0.4282104306221352,0.3849448055423991,-0.15392652227724385,361,-126.0,0.3144346908610922,1
647.0790428805279,134.1030691200209,576.9571646570005,3.0902638463754237,3.0853761205790837,0.12564264129110114,950,140.0,0.09680327401240094,1
67.46052977054862,25.291187112551064,60.42909631307386,3.085055102756477,2.8615487640480888,1.5298394598699059,13,-21.0,0.5760814152262884,1
200.31694486827755,-16.27537293201297,198.34135785419483,1.0350943131287083,1.048822612938336,0.35823909973107315,336,56.0,0.27262274614652293,1
77.61877816753504,-22.54542738471436,101.3961287941502,0.3921444077342691,0.26124330560737447,0.08178585213088896,494,16.0,0.2115244855750376,1
162.89661755455026,-132.7528832605461,211.60113557471126,1.4615337417514913,1.1801808919983343,0.6129356478028566,111,-340.0,0.6558614131035034,1
179.53320277441023,-62.647531668547856,241.65676486855114,0.4195952394864608,1.2246469060743543,-0.9738738940563918,384,296.0,0.8477073089677521,1
177.82477393757722,-234.9687551975735,265.454552672266,0.8460640354603888,1.8010319283312228,-1.0972499574805976,269,52.0,0.7060008316263394,1
143.70662049271598,-44.049455171507844,179.58069184718025,3.565120407472074,1.4137215988129195,2.913029082881799,32,-455.0,0.6652089115669487,1
672.3381094247937,100.3254571987186,621.2417034027725,2.606351602735494,2.643579780877699,-0.14873672519526604,1022,-110.0,0.060661597261733965,1
244.49059912647866,90.73424155419383,180.15596995515503,1.4936686091114697,0.6513747948906661,0.9842690289191245,98,-491.0,0.4646367211837934,1
113.19423688500494,-141.1733580113052,246.49486920294868,0.5990317486540548,0.5042559716158446,0.182623732553572,335,35.0,0.19773021765980447,1
140.95147999186426,-458.2431874821798,238.71525817148577,0.5001167577637664,0.38601755544313604,-0.04578442172557162,537,189.0,0.3618121280398769,1
94.24597400419819,-50.74896871231638,202.37721444082365,0.6701885917438427,0.6813413111388673,0.08505088846574083,125,-232.0,0.4583159219014145,1
993.6426895436332,957.2527407431413,831.4052380888148,2.1112698814907436,2.1429967983861253,-0.5488598711425134,86,69.0,0.4246830075891078,1
155.37312555247118,-17.071111657218125,161.9593486835808,0.7984925158772354,0.47040173396993196,0.3828289821312093,455,71.0,0.2178210357285135,1
393.3675706468097,185.39044639045386,411.9927621433536,0.4716198278688518,0.6544727240823456,0.11832457792340834,514,292.0,0.5972450981680406,1
251.48843437445285,-21.28577926440559,242.12332831193072,0.991852009969707,0.9556433068816718,-0.49048118429257226,282,-24.0,0.1356311389071549,1
163.5281331961315,-12.658510982731997,162.94937301624148,0.5081895931545526,0.41322017445017245,0.002746377719150872,411,-155.0,0.4197995475045332,1
873.4672124496087,23.9395087631882,588.5707791953109,1.4874517732800725,1.6676012528848674,-0.4803637545898076,140,34.0,1.3137989867573807,1
93.0375106882258,-0.22525094970413306,113.06195940599692,1.7471671973069338,1.8137537065806946,0.4221559864827569,18,-6.0,0.6867829593644343,1
217.16536528782007,5.8716923741542075,216.18310677702948,0.38941237339847634,0.46617264179396434,0.024723773254086368,276,-40.0,0.0637100672396113,1
48.933431767859304,-33.12429258843589,67.27634202004785,2.563449210214115,2.5203813282860503,0.11456444730711901,4713,-701.0,0.08291590585210042,1
205.05913204116408,-972.9627379940077,436.2927076625577,0.8863541267297013,0.8674592092167102,-0.4893942364906916,334,-46.0,0.1884749253517787,1
193.20948213471505,39.06569870928951,172.25594512715622,0.2984568043959977,0.3662369990525473,-0.10602657714713387,588,-9.0,0.2064282566367127,1
601.6379408218911,-37.295407810458755,586.7430149696338,2.7502859382753586,2.7759983871969154,0.07730576938869937,942,-21.0,0.14489989145522517,1
126.06244600222128,-54.8412460015068,177.6566962549051,0.1902506985158013,1.5118695378080258,0.07231641632843056,1090,412.0,1.2665051199938593,1
173.1449841670061,43.70760648774211,153.3078761402714,0.6312953705832447,0.6238169146737641,-0.23560428648804532,447,107.0,0.24637458440982363,1
431.7255414454299,329.93806741082705,184.26229286712623,0.48079431389213484,0.4444062356563786,0.12215306755219268,342,-295.0,0.2424159164451813,1
22.36302917306089,-71.26186999745107,86.65255962720073,0.3110477813914204,0.7354371111494056,0.011549018437835068,427,-94.0,0.5436269783268134,1
614.457862654537,5.343893724895906,585.2582101093881,3.235703631384947,3.0151741250176065,0.28688583251040667,978,202.0,0.11106886337586794,1
577.6054293260246,-1.2709963583429271,616.1124704850129,3.040324257955995,2.9676412021667344,0.05987442868103443,906,101.0,0.2396091598948079,1
496.6647689122961,-91.18356277433253,541.5198051933144,3.0864772584125517,2.9823601270800166,0.11046753514195862,1565,452.0,0.22081257792177425,1
111.23709395106665,13.684398644048699,107.33347352107691,0.4681011727100097,0.32525943602349283,0.12021541112372164,276,-157.0,0.29081030351834813,1
637.0034890043454,41.37321449135277,600.8503921700084,2.641338417349719,2.4775014060176757,0.10724463918402138,834,71.0,0.06342398897916296,1
71.15521394725258,-491.5926125372374,490.9827889023154,2.257631133081225,2.537005541601024,-0.29962561442613067,27,-38.0,0.38745826666522154,1
153.07044415591633,-9.216872332635404,159.11740751914138,0.3690626371949237,0.5115060517033851,0.02267705940232284,558,11.0,0.20440966443384956,1
628.5441132744476,-59.10917751748218,514.1416652284349,3.733449893163145,3.6336515490721704,-0.15585049354534108,162,-51.0,0.3397129623673457,1
217.20639832335448,-30.148067311287065,190.04569323926668,0.4103166289109626,0.5357282044570143,-0.0499186376523294,731,199.0,0.22834535594336355,1
655.2399338269478,536.4279589797227,372.42821683888116,1.7441707730555311,1.07671382287631,1.4519780286350614,330,-269.0,0.45022544504787065,1
173.02181583331628,-50.48398072806745,197.85998524272472,0.5886240450674621,0.659960533619872,-0.14429502605332523,428,256.0,0.5167781626014628,1
513.120298537174,51.333618755572104,565.375837875273,2.8116044560581903,2.9164018194039425,-0.08338811882283448,967,143.0,0.14850037301763774,1
255.76516602747375,-278.7703766635619,314.3870410550329,2.6800862502955614,3.036814038524194,-0.2546077013511403,28,3.0,0.30210327746636595,1
139.60855272106411,26.442259502668236,157.47644705184476,0.213749588288059,1.23946996329224,-0.4237382816419637,667,268.0,0.843211803034386,1
252.09535122754087,74.19975185667161,203.043563049149,0.60211456597435,0.6506944389441824,-0.02638746590250929,440,106.0,0.21397747827908492,1
92.14649332799215,10.689142155156475,99.91891693926968,2.4288253686541164,2.4761332681473522,-0.09434222898863354,6529,29.0,0.10829684799280608,1
137.83014460703438,-34.50177359618215,156.37007902913945,0.5319861639762281,0.5466766540878409,0.09756867838407485,623,33.0,0.14524694552906006,1
609.1139689296411,-29.66665880912285,573.0263612159496,2.9488177988745403,2.9942092509821885,-0.17265258429840236,776,-202.0,0.10636471193647155,1
178.5189349935079,-113.67412779595179,213.0191053218764,0.6364473723475533,0.5485515278612871,0.06579151042544928,390,-3.0,0.12847130577724278,1
106.46845540960997,25.91710535987643,100.16879111226672,0.3120574338633615,0.2864748850104724,0.025564051516816733,671,231.0,0.16792881085189204,1
173.3355194724239,21.543734604959667,164.55515447309438,0.36747414471152895,0.37362729947278783,-0.17870343647735887,575,205.0,0.1945524229551887,1
668.830761091221,256.9392759878024,301.3052976876682,0.8547624359173727,0.45661312682464616,0.21034470767127944,367,-314.0,0.5804762064380825,1
47.383822837194835,4.6996630117982505,91.69858103499132,2.732914563979398,3.284432928152163,-0.6165694178082894,15,-9.0,0.2899521092174507,1
196.65655456535063,54.11457883977707,113.57414542037586,2.4856936124307722,2.563921759618203,-1.0921259186840104,21,5.0,0.4587171498145501,1
624.1767567990878,56.0874168738909,596.4488444721743,3.084136674237757,3.0186092385723393,-0.06767126194882644,974,169.0,0.0977064728498958,1
680.5344946048712,-551.7365566551297,835.8638009952132,1.330988790128133,1.7313300264269529,-0.8751588089125064,44,-54.0,0.36623149184648685,1
137.41860938026605,9.359435185937855,156.23206530895683,0.319152573368614,0.3900125073132058,-0.03925621131342377,689,70.0,0.286731199201995,1
156.97292209134733,81.4086202099638,117.5940407273616,3.2195282822995477,2.7608761069448415,1.2131973517033683,17,-4.0,0.5146732972917116,1
595.2596134128636,-63.42095352883916,625.8097738191858,2.6989102799955305,2.536646430853156,0.20240124111840796,770,-78.0,0.180548337956465,1
125.47141593491556,63.029638064784685,133.10162643830958,3.29816221313299,1.9200737684242406,0.6364350571748298,33,-9.0,1.0965384103304934,1
172.69117576793505,23.889132869376084,155.89177701930598,0.2266990260191416,0.32330883128139404,-0.08328113073649229,452,-40.0,0.33973265163784133,1
52.19005559122436,-59.21722504994059,90.30577236978772,0.5699804527160376,0.33360719454455384,0.12339975856240032,273,-396.0,0.36575610189705277,1
113.25256560900189,-20.57933246363376,116.69027334401612,0.34895399753145384,0.4938466648624404,-0.3040656271841192,752,241.0,0.5908962502315671,1
218.52251461948984,-17.809450229907526,168.4142120619519,1.1162275861100122,1.2779957712381045,-0.5813829627333289,313,-202.0,0.41257235736509107,1
271.95726176780363,-36.228931763176035,216.69079410424865,0.7364534043459007,0.6358829939734405,-0.06586623587426277,479,8.0,0.09815104378944174,1
198.2933121240757,-2.6422336985752395,213.5028261456511,0.3656943931926739,0.41241380423553853,-0.09817902428668357,325,-16.0,0.07176896476884083,1
166.371888243114,7.6566829732065855,157.51441071102985,0.3871400056156006,0.37839221255394456,-0.07670904900379522,424,-10.0,0.17290413120111314,1
181.80660718751668,-39.62261250020609,201.47809132462334,1.5222785405858341,1.2797120969884026,-0.12274176028903594,319,1.0,0.275347855372917,1
202.9013637111103,-8.243634673634233,201.4932822435078,0.8123814527613701,0.7681520495902381,0.10053278367009688,333,17.0,0.061248321663977506,1
713.0511614804557,131.2516149309521,615.5244089899064,2.7706240521615855,2.668819757131072,0.19246915489061678,1213,-150.0,0.30836315841091194,1
161.48542956462308,6.103959914805472,171.9977113106067,0.34634575825631825,0.5569177741000526,-0.10959147296348709,499,59.0,0.13963836980306563,1
180.8530317771615,15.84380961679679,234.08559186945703,0.36551217294797483,0.8535823916198357,-0.0599691132254882,417,-153.0,0.33040269564127644,1
311.4566972173225,-24.68052498270896,268.60742366247933,1.1200750216946074,1.0673914877107462,-0.2420668673048363,123,9.0,0.3063713503213717,1
189.92537727956696,-3.3949792243185755,245.00647689078113,0.5771468444565835,1.3906902378418464,-0.2894898034146073,328,-113.0,0.7377572346061525,1
281.9628466216782,210.8076326744256,347.18968466333126,2.5970670940755913,2.491279080491086,0.33943596099436624,32,5.0,0.3654076096618512,1
139.07072561776113,-95.30167153213776,180.89642648962507,1.2702368377311914,0.9250902451769825,0.3222844018036002,202,-182.0,0.33061890927133414,1
595.5151532262339,-94.97041598722035,593.8600157032232,3.029201954269,3.040842309003417,0.014166410636662352,889,-262.0,0.12042448015191178,1
608.2008388913806,-39.80332761454895,634.7687737844097,2.849122898161496,2.6997808362301567,0.34769428796855584,793,-34.0,0.12137164702948054,1
182.80862926162456,-145.40748047927605,238.2181781861892,0.6783171991048718,0.7402004408665795,0.02308501963182097,477,-35.0,0.06543971481881655,1
97.50634352578373,-2.388159568471721,104.91353386774627,0.15789577803580634,0.2578252885417311,-0.08731233593188811,673,45.0,0.07761254873211529,1
217.4326743874124,77.05462792176809,175.54734384764606,0.44158154372063657,0.29076926391233143,0.2229003497618484,582,-158.0,0.17278050177151008,1
131.80409705316447,85.57882787921501,125.91032648510664,3.2848894517332408,2.8900741974543394,0.9321436708613708,25,11.0,0.6780196914476182,1
119.55848238362906,54.86050403525357,101.37338481023406,2.386025063671338,3.0199150454802113,-1.1025002312264114,36,10.0,0.26325075294108635,1
95.65777772186263,-3.98183024527097,101.8923022745575,0.17670659994511492,0.25645535629375615,0.013490314059652675,714,-35.0,0.22178942871591084,1
595.8787021581302,-34.96821210238784,288.0792015238938,1.2357102564218179,2.297776849127124,-0.7056587005350063,336,250.0,1.0678810282045785,1
609.7211267966534,-39.91066478330083,628.6407712518388,2.4469453265794794,2.535698616208145,0.010690329202244442,963,102.0,0.08763232299696837,1
137.57466882490928,-45.24679808179101,201.6815361608158,0.5280339516752229,0.48745805142706455,-0.002313381231030087,491,194.0,0.2195873764036821,1
113.44932789576146,-53.55495145903214,164.79228836359601,0.8112781244591328,0.637245837580784,0.06069403502248294,4,-152.0,0.7007844705963715,1
90.2540809727922,-31.20477770786485,102.94074340687469,0.32887923811320435,0.32096842110281965,-0.008790725544215228,634,93.0,0.3465928972728278,1
216.7121089998032,16.246938166689176,211.81622759561174,0.9414695466034481,0.9613620308810361,-0.21190232081508464,307,-26.0,0.09526637028036232,1
630.846914260518,553.187711238217,210.82077016620525,1.9413689569568242,2.6412246860217685,-0.18965498036161232,86,2.0,0.40086276264046716,1
655.720123510017,78.11469418399236,613.5223959892776,3.1781184680662093,3.046303473566238,0.13779421011021453,939,33.0,0.22667511373746932,1
220.5966597968523,21.493476041386884,212.31158957966068,0.19599477050283765,0.428690559491112,-0.0804015591853921,266,-68.0,0.10325567157497617,1
156.7450328455277,-8.991797080513948,185.12104999613956,0.6250436381530584,0.4998728133452189,0.2204853028080559,520,-8.0,0.16756039818378823,1
95.41302118933436,66.44885234361954,74.2395043435702,1.634928830068002,2.050576557142093,-1.0262974262017874,23,10.0,0.9808710078554945,1
226.03496505407574,77.68981663855348,207.2705197532936,0.4552609958493406,0.5427567298819496,0.02918413411737919,660,183.0,0.1784863469075877,1
241.24819194742443,100.33625805108721,179.6186640890312,0.6701317815692853,0.40444643169455696,0.3744404628046976,249,-315.0,0.30160723327326555,1
165.2829002560938,28.121414250287927,191.67507756190017,0.3344485223948029,0.4474120498274711,-0.035002268622804644,633,338.0,0.2744855953966617,1
97.86121316804031,-5.494383364735441,104.07734481565649,0.22278304765043805,0.2146401161998755,0.09242904771707972,646,-96.0,0.14356812754673975,1
283.3327710786688,24.10264935719806,266.3432155272444,1.3860641941282605,1.2151571642435726,-0.22350355392942856,86,-5.0,0.17319731543203493,1
635.5791646832952,-41.289558113052635,632.6411956594757,1.9941841802608735,2.7519713910083574,-0.9312586833979304,589,-599.0,0.23670271226983572,1
160.65524958994,-26.807008738887447,166.53089253548615,0.3987062872498,0.4196080541516185,-0.397948536222509,608,226.0,0.30552739586107486,1
187.8830114936705,-114.4024467471931,260.2081633560493,0.5663544785112559,0.5007561772816296,-0.10636916063744639,427,-5.0,0.11473185993652348,1
673.5539619627161,114.46122736282132,617.9923826618328,3.053217288900403,3.0688531303125135,-0.06350444390219634,903,49.0,0.15601602487777988,1
551.0208326000285,63.606709226027476,539.4826556632767,3.0598049477520397,2.940535085668073,-0.020237988412487695,825,-932.0,0.35289702947625023,1
511.13293175452117,297.12710863701085,280.40617899758064,1.0934112278397925,0.7073503142470582,0.7646947229862521,321,-184.0,0.3784848559809524,1
179.48004440760215,24.682444508722597,158.97342118717364,0.28046949005794075,0.7084103566657798,-0.19344725848350458,505,23.0,0.7683710206305323,1
504.2607141600239,-391.93737131948626,675.5158488067448,0.5354156937633965,0.9155613170286223,-0.7954380115200421,357,6.0,0.1251380755850974,1
136.1210804219952,-41.78866440635559,176.77032677173142,0.5087399471720624,0.6280776152271983,-0.07597016612019125,299,-76.0,0.2356330170945297,1
145.28450833182055,-3.161927846483394,191.4055965390751,0.5653382999379177,0.5467694544338908,0.0031979775130711596,475,-140.0,0.19720161496918476,1
137.35816340454633,-38.05829222011397,170.16528255290876,0.5827795194678127,0.6839717723996601,-0.3441215103858454,492,285.0,0.4150951713107574,1
623.5321281984913,152.31695465609135,607.8250393655268,3.2747320655803187,3.023417029833464,0.2552131411040972,541,-222.0,0.319210384252872,1
168.86389166269512,2.870347402101146,233.5237794380318,0.4798602683935795,0.6352612360017009,-0.3245027347207233,729,312.0,0.28934860909377325,1
445.30696165735037,-92.99431813820365,489.05487697070987,3.139075599688652,3.0700709867971727,0.1429811620324286,944,-1280.0,0.36449973217496223,1
126.73876562418104,-18.94645985333014,148.07576054217532,0.6414013086740626,0.7223394285129402,0.04812790952326651,439,-118.0,0.43030773276706835,1
142.61824682760877,85.14297212434121,90.37358128792788,2.934724529237319,2.7229327501366116,0.05521806842531163,29,10.0,0.1874138835038445,1
191.3620160878906,-53.060809020880754,168.45379460652185,0.47241860648516876,0.46779649004130885,0.1646284515824789,663,139.0,0.2583665153613941,1
184.01831010105002,52.330199834331864,184.14114480852905,0.9389747783770155,1.848692111194088,-0.7140569096809093,851,63.0,0.6973897007785473,1
208.9504659573794,-2.0409909077718567,208.68609201345126,0.28455246352110203,0.5818057411369855,-0.29710939543042664,302,-35.0,0.10380518617019723,1
66.99286455574267,-124.56769509869889,367.0959657443333,3.141296533606867,1.4635134014670361,2.131757366355556,68,-139.0,0.5780024775858804,1
268.9292056631004,53.34161083919324,242.80853155552822,0.19235552298908165,0.3422278859538089,-0.1159596400403512,332,35.0,0.27873848497685066,1
118.94064707556396,50.875341573063,221.28616204321702,3.133843064093089,2.952884684139489,-0.08568521820645847,29,12.0,0.20536428851281632,1
150.30514111421044,33.900911816740546,132.39938279714423,1.8152913563032231,1.7001103378517217,-0.8258295775097939,66,47.0,0.8883312053731017,1
198.24326479312447,40.775393574036,184.95618256433102,0.7368201014816438,0.7467101979242857,-0.07613825611306957,981,586.0,0.4086731732507162,1
99.41474013734965,7.777942971221734,102.35234945083083,0.12790575155392264,0.2732235252448979,-0.07315641662009179,697,25.0,0.16111868411132674,1
655.3615517074243,-52.16947341699347,643.8109966543404,2.9774073659557496,3.0234680851585525,-0.06933936196018564,1224,263.0,0.1082489876865571,1
141.08023079966512,-53.154734805087685,283.261124214277,0.29733901008039826,0.42142229248708274,-0.186327087273227,773,228.0,0.17239220089090385,1
170.36598961712235,66.03788405076857,160.65620539511752,0.3370656878604844,0.45773355285228395,-0.1828219779376381,654,269.0,0.19867159915426283,1
553.6527826807024,30.695209494582514,598.3638142392922,2.9793458630391623,2.9658493299731132,0.02894306916324485,920,27.0,0.1621507718966818,1
392.8936959083483,-244.52776714884027,550.6215703423966,3.1651565248839,2.7494129061568886,0.6022393010816831,2677,1684.0,0.7111277523975578,1
147.92952997657443,1.776758397648706,149.30723149902383,0.4469242545658539,0.5349611676016373,-0.41026562497398206,485,347.0,0.48860737543273863,1
723.3921526694145,-78.52153181534266,750.6853760233084,3.197722539405303,2.469806834172002,0.6144710973356213,659,-37.0,0.4465587612524862,1
109.59990369014422,-49.090848370300634,161.68665217202465,3.0341591278514213,1.3955802029390667,1.3475203100923518,24,-103.0,1.0219495272629797,1
152.10756675163236,-3.8516885008457393,155.16970136192154,0.22811898259944327,0.3234635341067348,-0.17993704686871628,853,464.0,0.48586754972535584,1
159.1422118840871,11.49110697146105,169.58772324271996,0.5695644797778082,0.4419116025708302,0.1005618313619362,507,40.0,0.36696642727149065,1
576.1516452335841,-70.04693116405974,652.9693435427978,3.1575056540281605,2.90660863212108,0.3166048852295127,1074,-52.0,0.08859538136544129,1
73.58904747815595,-260.4824717796047,335.4293482807792,3.0035523625082443,3.536986356516042,-0.32221252674559864,1964,1809.0,1.599276893528511,1
93.56133414928992,28.897937059790436,90.05793994514923,0.25650886730697026,0.26382743835359385,0.07272658269547524,292,-89.0,0.3791158828558409,1
146.66127851418682,-25.966628576263616,157.09094124024665,0.46926975159626316,0.42078330708963174,0.14356278617853052,501,-40.0,0.2552949806635171,1
313.3218862482185,73.78716189674734,287.7241408711191,0.9687811016145577,1.1482456756218231,0.22256706251234837,123,-1.0,0.204798915074015,1
166.80079221140687,-262.07834789964875,226.30635923212918,0.39499670387123126,0.5683994373788164,-0.2144695934991125,425,40.0,0.22135379650417794,1
165.99354426059398,-132.2399312807998,263.88674841677533,0.8043630031143028,0.7070480972005925,0.22775986304125562,417,-90.0,0.32527489702585166,1
561.3716632351726,3.1659813557648704,647.2380433362092,3.0255740207978254,3.078405288319602,0.0024104380637393064,753,-115.0,0.16412475254493172,1
276.13684189281156,168.90956583269633,228.15584842429,0.5134332630168642,0.6732057650115103,-0.1741309446330831,552,46.0,0.2893186501620655,1
29.768637517653556,19.683169967194893,14.943337090500597,3.035119332653571,2.59146133038323,0.9083842349487652,267,-346.0,0.44551252753911913,1
169.7484384938533,-3.979261595920434,191.98819836891334,0.4211723342780783,0.3722291538210639,0.15635677572712525,516,-25.0,0.17856925960288586,1
176.56749642971212,37.45312286129422,196.61717546064693,0.46468235458170154,0.5411768123005244,-0.014348208478423774,494,44.0,0.26055503869254665,1
220.98091375742266,66.51435508062451,174.2570413350156,0.3537803753969965,0.34214429908619765,-0.15485888585274893,568,92.0,0.11813000096451334,1
643.7275806250699,61.22905147271695,608.8468149439566,3.004365605116663,3.04150395724074,0.09559403623710594,1008,295.0,0.14877092198972006,1
285.3478252546373,170.27835831304492,178.501473174655,3.5566567074628224,1.8096417406381042,1.4251471510176184,28,-32.0,1.4273830790997937,1
316.1867505517741,66.17509749002846,164.0268128631991,2.1179631753145163,1.9174070816224429,-0.6028004561115385,14,-16.0,1.2621493444075642,1
125.54471101973814,-30.694495228796313,133.48206632578726,0.31473832260635126,0.38044153521322643,-0.2989270601592994,488,202.0,0.2709401727044654,1
59.132947796371944,2.751829948044481,83.41247541962011,3.404547922731787,2.964493280825333,0.7083488729169312,31,14.0,0.2990952044205845,1
114.47328014970336,36.65385547511954,99.18457824500048,0.2256667389139867,0.4250411789181713,-0.4124229022416377,661,438.0,0.3969000098674174,1
160.48354037506718,19.789036248031323,151.06408595164496,0.6861295404474105,0.43263140106461845,0.34220924784407064,449,26.0,0.13023046248131667,1
179.49903271220683,13.439297369329921,184.4123529951757,0.337297306948725,0.2872917107356222,0.05983487872009169,495,113.0,0.27218743782412147,1
133.03196112187652,-41.42418749007297,146.96463691974043,0.5537005900700629,0.4221684659894688,0.2657686882760326,494,97.0,0.12781658652073213,1
165.67388318515637,39.242991796495474,155.41479451973947,0.09004384574599239,0.36118201832245683,-0.11188634050660856,326,-347.0,0.30937589214984257,1
53.385381834370996,-23.75039129487613,59.33293817971619,2.489254104730376,2.5540977435446215,-0.048833213691645394,5491,137.0,0.09530638702862848,1
207.3135698591251,-22.935686021337574,236.23000304401438,1.0051332784269493,0.898250522125181,-0.11065454228238814,342,32.0,0.08586536867865606,1
68.0234546873212,6.513518723915894,80.96601875640292,0.5647227627890264,0.6228358275389356,-0.8944251542382186,521,515.0,0.577052666100388,1
603.1186684207822,5.99241761503697,588.7200260678385,3.2255873536570507,3.051368002700741,-0.16768477551991268,393,-336.0,0.3241279555458412,1
60.967641043736215,-438.0885853476395,548.7823124449567,3.5843031793467133,1.9875423245258983,2.49363890447215,26,-74.0,0.48909699824224423,1
87.25305532338284,68.78519869639275,65.99383313728369,2.013110959288765,2.1813902195827253,-0.04570293104243639,28,19.0,0.39199667155123535,1
394.28097185397655,235.80080913236387,262.34259716698944,0.8162253963329394,0.5461783331507196,0.34627957313971586,471,-126.0,0.12263906461232085,1
615.0760795547192,53.49814978207871,567.4769716958733,2.67244256108991,2.596776417145053,0.0865072138930576,939,-71.0,0.10973452914715641,1
62.104970362685144,15.53095519447264,213.66499855286833,3.024397470347699,2.918323677274088,0.22088861555002026,16,-8.0,0.44628523485407556,1
420.12466281770736,339.96375198020763,164.40927203271377,2.8057367230410275,3.010027999857303,-0.6005126047172489,65,31.0,0.5631543651724064,1
164.68190252828143,10.879991836964678,177.36568770785402,0.24817413044271672,0.3460529660205871,-0.17374858937479934,471,125.0,0.226838153868537,1
136.70729163908038,-23.740532210745414,170.6280925869252,0.21464033359213006,0.40375212353387707,-0.5144087455610996,631,270.0,0.4177967138200846,1
118.65501366382284,-54.22669606576122,173.75521238028955,0.7235956344537223,0.5289736777590733,0.3457584711868938,88,-377.0,0.4880689526555063,1
170.1923174398435,46.92179852615132,147.61262493383333,0.4506953218955802,0.33150309691487323,0.27402793864261116,294,-917.0,0.633447862499674,1
192.21658457081762,44.6238342281782,201.31315946611434,0.370439165596561,0.5331376945482387,-0.19427516814733758,504,287.0,0.3310327619268038,1
69.0391897564146,-23.998320931811193,103.26356089315875,1.6258145836939113,1.7796929805638175,-0.12135261361302252,12,-6.0,0.8099382368457939,1
94.25378469499594,-3.887043809910679,100.65621498134017,0.353595019016469,0.2060034372800888,0.19183032806100173,590,-201.0,0.1389623855612436,1
269.07063110950673,8.087288261706362,212.21828645149216,0.6100552153771803,0.5217879973115968,0.11893083951004141,554,-57.0,0.3483205215982174,1
174.1215106263386,24.047102788581668,156.89556555958927,0.19555189191815217,0.3812484933158979,-0.1183479813672437,530,-35.0,0.28003590809232937,1
550.8688659270864,-101.81926659463625,547.3502801044865,3.229973209659248,3.1643352474324615,0.13464230417986434,1093,218.0,0.1759459080895702,1
93.51108045319728,-5.578346668074815,95.70182299386849,0.2290273143454115,0.34020361861945403,-0.41242792475079126,635,307.0,0.255207047060271,1
130.70598412616974,-32.20805684566818,149.13555023942294,0.5309293462607796,0.5479263999508563,0.3286984279546604,325,-461.0,0.39863507185569624,1
180.84418465100018,18.895674297152084,228.97900479893224,0.3767729661922411,0.5787629791535497,-0.20420368393269706,540,-63.0,0.05225028825184973,1
205.21055323297102,0.17911954977711275,204.5069416808677,0.7639276612543194,0.7165896435882955,-0.10616335593135318,318,3.0,0.019290500865034543,1
213.20186187833318,11.640089039775091,247.87142712377607,0.949635558900665,0.927370157046089,0.2525627579453632,287,-38.0,0.06988739836506618,1
165.4454244298271,14.736982434815644,193.58277791476618,0.4060585571742712,0.34161413798697204,0.11766166764878294,487,-105.0,0.12000194907217862,1
104.27045480023995,-20.081475359056498,100.87215362449416,0.3114738109925559,0.48366995975962324,-0.08092287156083666,398,-111.0,0.3253821052070634,1
115.00228832282318,42.604809708922986,107.96462687819368,0.42623439000120755,0.34881581167460657,0.10191455437157709,492,237.0,0.23852406207129145,1
208.68779334213548,-5.1177497785838,203.92578111219888,0.3161763570601804,0.492043688518833,0.001001247168511632,317,14.0,0.10077745672457457,1
129.51769866186888,-47.99929842371188,164.898924113615,0.46937521099013313,0.6342834481179953,-0.21222835932440742,600,281.0,0.30029164869249253,1
173.2012733453059,-3.4003844352209,237.6122175165736,1.260304788392391,1.1212710597636133,-0.011534747523699096,420,-85.0,0.18289288142172458,1
144.65741706699862,10.326827717168754,141.7629875211455,0.4278729948946454,0.41595779915763337,0.05177450712139414,429,-143.0,0.15068083823179051,1
151.93868604467337,22.546852720020496,160.36047476261302,0.45003200079157296,0.4531882956129255,-0.1953382177763237,551,152.0,0.18322976643135844,1
92.95379280250958,-16.116239335445556,105.0261326208843,0.7427029737660269,0.3751322413931475,0.3611100276178037,168,-599.0,0.4255882378978638,1
223.268735757522,9.094514614256383,216.6530086358563,1.0714469462859744,0.9592604531585328,0.11316568648035286,349,47.0,0.10985227284869965,1
136.1970387236912,-13.607775974958827,162.4653777835161,0.5510390987176794,0.431965059534997,0.15800943464612655,365,-62.0,0.3088978554150942,1
135.0351759463331,-3.625069042249237,157.16396407119396,0.5776577562770047,0.49459946747056166,0.18985858035405606,350,-115.0,0.15196417735170178,1
122.82785980455682,-33.31311553971199,303.30980530203885,0.595401774374273,0.6522515668776718,0.24071260041624237,337,-53.0,0.5330513033204828,1
296.4721904710238,-376.2925288504684,241.57679161706906,0.29049245692188314,0.37657807275348926,-0.4260380311444146,719,255.0,0.34125412978934455,1
552.6441597606596,-78.14073344170959,560.8389022819085,2.8308754283520874,2.823617489596587,0.12996945245368297,583,-195.0,0.22048766316136037,1
553.2762353684134,3.6431594856904894,591.1093760884347,3.001425476135882,3.0595869113436827,0.012409428394702715,1029,414.0,0.19212849451437392,1
88.820267957263,18.303256613269653,129.5885297161837,3.2088840705376365,3.172786591084182,-0.031339858404215715,25,10.0,0.23177360367782257,1
601.6062916481342,-10.638289015106125,613.0082857575096,2.773747760959732,2.719351814238917,0.20331944316840111,896,-41.0,0.07207345571748028,1
284.7566532403165,65.64172771962654,253.40113090710815,0.1551069052863941,0.8519069296349814,-0.8771955892813601,105,73.0,0.40213501965241844,1
687.6532907919297,276.0916429563524,524.557216829269,3.889300386708486,3.3866698826158173,-0.6989558113081102,213,141.0,1.460365047506894,1
546.2986581064422,383.4020405518919,278.3365153577258,1.0842784198559534,1.179468711627441,-0.3772553218955379,410,299.0,0.6517415957082164,1
346.989168220325,141.3953745715231,214.38100715287055,0.579541198571856,0.5104835100592844,0.20668007232450447,657,-300.0,0.3056842259436233,1
128.565434724568,-148.24541206066763,173.71429411106809,2.6699017366229683,1.289957250100747,0.4339753859939357,26,19.0,0.9288372424657768,1
138.14885181495143,-20.99336006913566,165.0368896174108,0.40863079563814647,0.4594412122528698,-0.16093368413966175,634,127.0,0.11859273226594857,1
234.38567909394015,7.987112442356761,239.32801849098445,1.3641959974349227,0.7794943877209961,0.8713621435250485,228,19.0,0.35253576992706104,1
141.00197144039944,3.9227409544140244,141.8150507197307,0.40748985903624046,0.3705234579282283,0.07377405793331199,551,59.0,0.10565323132753596,1
660.0492278992072,34.241030422753965,703.0770074663238,2.6976151092167493,2.2165058953658217,1.2319421923906557,47,-71.0,0.5874448301290616,1
185.1919806115798,12.763368802680674,153.67959530142244,0.7310623319284283,0.5874190039357091,0.37712698125846716,345,13.0,0.03208711487737953,1
186.32374891157497,-11.867192748930165,227.17222669272093,0.4946684581953254,0.6495806668190356,-0.07499295899444453,428,12.0,0.15266627103118585,1
164.57386296675057,12.871850254580693,173.21689494071023,0.5634552571234356,0.38737334811950824,0.3301797963376271,396,-230.0,0.1820234956568303,1
80.15598697864503,-112.25255337234874,150.25622286068918,3.238901256602631,2.9368429475593607,-0.11037381410808278,13,-12.0,0.2560361861265793,1
585.2510796285139,-14.45196085854377,574.2164036224692,3.02973436121315,3.137132336201819,-0.12011267212728605,965,-135.0,0.18050893987475952,1
183.4142563558803,57.86954533614215,141.07963453288144,0.3765852947519557,0.3983915192980542,0.06184697214560442,499,11.0,0.3104598642017079,1
172.87886007380044,25.214925374596334,187.21152352677763,0.6775322555276774,1.2425952563064264,0.25455453464749056,192,-700.0,1.1139293284967668,1
1907.5387947956976,608.7788700825827,915.2301826218682,1.3257177832457954,1.8229996221891185,-0.0666448805806985,86,16.0,0.45028774554550527,1
111.36481323380428,12.014961516677502,101.40579573901431,0.22788643184218038,0.3014341033312392,0.0045849579641577265,439,-135.0,0.2404586464889169,1
897.1544413441427,-168.16422923881737,433.2606051801371,2.4244132300260155,2.1703523885672653,0.18612167279598069,104,25.0,0.8745149894068213,1
212.89292888100772,5.014086321539281,204.50476085864526,1.059294908646929,0.7680141503186928,0.3963404801026975,310,6.0,0.06306981029161006,1
371.42624514599447,-311.4942269900979,605.9563156051669,3.165864269252108,2.474031928943094,0.7053612882526186,2797,1930.0,0.6777022053336708,1
582.8680301425435,-11.180189284202356,570.2999868827712,2.9687777803496065,2.915148461934267,-0.06182695527163595,747,35.0,0.17197346126998728,1
663.2582728731599,83.08510063934534,595.0256417959777,3.0164713807788104,3.0887728797011142,-0.26401905238389034,1134,120.0,0.13040446917577433,1
579.6805046987785,19.937186633127794,569.2960193780507,3.222111419867152,3.095813994655164,0.09755461015597122,925,-68.0,0.16576040660342795,1
144.02117353118587,-20.568521299637638,162.59301480601601,0.626646616321455,0.4849044242239577,-0.06329163594993781,517,36.0,0.3895991546580307,1
265.29346739919316,91.25882440153649,222.68590426438854,0.5520721776203704,0.5482578697479372,0.09225988117029493,572,-174.0,0.221798293419537,1
126.4308913886609,-28.287314235621736,146.6107789148313,0.20193018625260095,0.44342112028348957,-0.34773797222540936,673,322.0,0.2563086130956802,1
289.18123494949253,124.34210768200049,184.79843710075934,0.2999816498287622,0.4471874097314334,-0.21938721503926162,450,137.0,0.16915184044339282,1
188.36040431291994,74.83222031776998,160.87174011995387,0.5836712104460325,0.4388802797792571,0.06636357145417604,599,309.0,0.28162706334417087,1
639.4118321025813,82.4149891794907,585.650133433019,3.0190309857048017,3.0547737483703954,-0.04593727336824527,916,22.0,0.06738559953855211,1
168.87441015702112,-259.8555058600996,266.3680118846728,0.3417093117271074,0.7055709539162779,-0.8858346973916787,412,143.0,0.37339357242955434,1
145.68063743072454,-13.610271424740262,144.65872123860586,0.3400925446623896,0.2865601011628047,0.05478742369076384,600,100.0,0.07205014825936211,1
224.99459547657338,51.79332213126747,241.6888829761171,1.0000192138568555,1.1747200661539208,-0.26028557453553547,273,-147.0,0.22266561992426165,1
803.2689267939655,237.64266348892215,674.8485749215341,3.506463851987733,3.436908917729375,-0.7701658355441863,214,56.0,0.22056529016848603,1
190.02155135717535,62.735708912121055,171.2147205315592,0.7243289553607551,1.0780797973630096,-0.3300749529286394,262,55.0,0.2741619855751703,1
151.7248367241551,-699.869076255162,728.3431748062684,2.6232621163054284,2.06692384160487,0.3316916757899615,99,-180.0,0.600180954080346,1
134.0986286131158,-4.966825088452879,136.59588327423393,0.6385246381709152,1.172299715274866,0.028495654024065176,350,-134.0,0.7162082859647713,1
209.1335462419295,9.14534504129415,206.16392103359763,0.8720348442572188,0.7710481159111344,0.09434764181462696,313,-19.0,0.06648709330683528,1
643.2461695866743,-142.285083274243,672.8032622419597,2.1010719438263874,2.140325375084143,-0.4757678315088172,108,35.0,0.24736755174314295,1
284.13785825273726,84.68937306021098,188.99577824864195,0.5331063248283789,0.43132799866974486,0.06528264404024048,455,43.0,0.13358859257612807,1
280.9396469259541,108.72366657756524,224.63710379801196,0.45964168832470265,0.5558536652023867,-0.41274003291215666,517,102.0,0.10918266574608755,1
125.81035367650398,-92.54846660438977,209.18134401177016,2.4888380871949747,2.61437316561083,-0.4509909302714279,41,24.0,0.5348902886212319,1
176.11616639025505,2.9541591340291404,193.59301358025112,0.507112538179242,0.48455916769473684,0.26103321217347797,500,-215.0,0.22096093024379368,1
183.3518989056963,39.6452784129803,179.29825142175508,3.027225170401367,1.8188435546648178,-0.5378952370707073,53,21.0,0.8990774776735811,1
345.0610528084693,65.37493415607685,312.84300246012316,1.1981874412962752,0.9006435689128244,0.7166553868681202,88,-110.0,0.34608097276717514,1
589.7123277306353,-0.26250198398088287,602.0796118426438,3.0354490836309265,3.05230823781873,-0.1393525700779481,849,-182.0,0.13116376135194516,1
152.6069640652497,-0.8379575787164981,166.83546902014268,0.5307780452012842,0.821902049271587,-0.18318593021554652,362,113.0,0.47469923203629494,1
168.5023626327032,-15.380308050634795,166.19720525998395,0.4884487855307708,0.3946290615844075,0.1430118580003487,415,-8.0,0.34937586036244583,1
202.38819921665828,-5.332588103746474,203.59123236782642,0.36327715006601774,0.4615933190039704,-0.26322393460598065,378,0.0,0.177987698171243,1
559.7433180656507,52.58451270253727,562.4827598680271,3.124556809711181,3.032642957791372,0.031901882033911644,993,348.0,0.1657758617531149,1
135.01979003270574,-22.50885182332476,158.39976236211214,0.3499716973544901,0.6240681391195031,0.08352688809760317,629,-5.0,0.4379927008666231,1
193.25932899077856,121.78395358119552,94.76628884568814,2.8927021732601896,2.818157551966299,-0.5000452371885955,23,-3.0,0.2469240936420373,1
181.8937044234898,5.270447756843339,328.5307929426855,0.6240667182329905,1.4363700660718206,-0.10468653385893523,397,-205.0,0.7015576434372351,1
210.8947555894714,69.597280423281,177.96243672286056,0.4183181813944102,0.5221355971277759,-0.13561859215081246,366,-174.0,0.18615755332556302,1
203.13966091321876,6.475159732438954,208.90171945207462,0.6075673222873391,0.5224072980437418,0.0796680586196451,320,-52.0,0.14625112954784134,1
451.7244165795332,182.79521091643284,281.3171840813046,0.677023192815652,0.37508087872706414,0.4846676698265704,333,1.0,0.08378609020824503,1
543.9642022445906,393.3949585629638,501.1985263974754,1.6289760165734095,1.848292610309032,-0.22290484980121494,37,2.0,0.6616110077431759,1
136.01897426430747,-55.63820861401729,228.64991490870497,0.4839975143435716,0.4857575519436194,0.11384314048027527,504,-188.0,0.18736850265448546,1
714.9838649651814,139.92105477672692,482.4468121777162,4.233063777050504,3.6874851701625317,0.0153089074144237,497,114.0,1.2637556144185944,1
135.9664266032531,-12.126001864379958,101.42660447243307,0.9246162560008342,0.7971260749667171,-0.3056681533777639,281,108.0,0.6593965885922872,1
156.35265376898573,-26.455975492638828,219.68948318858452,0.4370573124179257,0.6872482810402211,-0.24125988668694603,338,-139.0,0.15685088246609108,1
225.1571673298454,-60.75253284304003,372.23478488059783,3.108694969562842,3.3086635932336583,-0.04307355055824624,20,-7.0,0.44634988939187165,1
75.30335010404039,-30.999061698904683,97.05135409241257,0.39691314035476194,0.2870299015724585,0.2205035581907435,455,-54.0,0.24222737867363792,1
658.4101258110352,112.79591866237524,611.4703564468333,2.997405953563775,2.8702986716974497,0.09114971801558269,1017,96.0,0.03913092688835881,1
136.04184340676653,1.1178020509389626,175.51877930853485,0.3346309153993992,0.5596758943098854,-0.02393951817648521,633,-108.0,0.559832478715903,1
208.87939336721075,-11.443171563692118,228.30686906393595,0.19886668046227404,0.5232834631028728,-0.3247170233444534,366,80.0,0.14597971492026782,1
46.652221298306,-541.530451511441,421.57531123707594,2.556054210413333,2.3064811698768732,0.5467292285486738,22,-29.0,0.6062513671258318,1
166.8237216829615,-62.459388095915756,239.08850935505933,0.1902689582950327,0.3595833260086001,-0.37002948282649556,606,77.0,0.19423491076617522,1
208.90343013138803,0.713403754124414,206.82419619679567,0.7257488801520177,0.7577824272691094,0.2517140214815182,288,-15.0,0.0895305252125672,1
126.45063423890694,-21.478895737667486,144.4843048204954,0.607030393325423,0.6024246753738005,0.16010613875956908,634,149.0,0.49158303796106934,1
149.90033198013742,0.8172629343695235,167.37899753222896,0.472292154009892,0.44789337670235574,0.07389370774960818,507,95.0,0.20644724574717913,1
624.8495432297414,111.72924469256736,564.5110377388609,2.9758323037476786,2.906852764483929,0.16422784768948828,1086,119.0,0.14575367893654076,1
191.1608003390452,-24.348203673913844,257.9914872809219,0.2550767874744303,1.1713402575973748,-1.5488497573224649,775,691.0,0.8713247803765611,1
105.48100257066253,9.33422277609725,104.55232608583053,0.18521496632529114,0.2833969324699821,-0.18359271792657164,749,448.0,0.46464314867714707,1
1182.2191751794514,-39.63038147650036,507.88751735171206,1.9664587210132847,2.0060670399162044,0.08083067718012193,104,70.0,0.9823273400832795,1
137.96563179123834,-17.06612845931633,169.014316301067,2.5202707035297776,1.1859774496319604,1.3400496731632683,45,-171.0,0.5536630759093095,1
177.81945293206743,31.860156292873455,178.02454612094147,0.23844099378056804,0.4133154184888587,-0.09649036009505335,529,-133.0,0.2782347313146511,1
199.2651115759054,102.4298591328902,186.1599404855029,1.6487311268881424,1.6285538207393297,0.2092341399666291,45,23.0,0.5661326363228667,1
205.85321719448785,10.505794716073893,172.82116557909973,0.42132542099721587,0.3474361519554014,0.07260644553677453,360,55.0,0.33090546973582313,1
74.1498183110084,-23.946656484709607,53.73898804112825,2.040223928941852,1.5275347120517313,0.027112969653087404,15,-13.0,1.0519430601205997,1
102.38010739656677,-102.57864866506343,154.81890539548237,3.6902603909683847,2.6734649026559048,2.210292736403267,26,-316.0,1.2178624138017555,1
248.74808453084756,45.65277839081136,186.6392261824487,0.3322901814304906,0.5007234747122594,-0.2503812486795737,438,112.0,0.44573987121542047,1
281.39448176908144,90.82550595067073,220.18281047934425,0.7673945426076657,0.7655888442902999,0.18673537076925273,518,-83.0,0.39501983829845655,1
452.9490906119597,-202.77103289805723,570.518802596903,3.0189801598841344,3.02541594662251,-0.15913830818207497,1770,831.0,0.3469849318260826,1
147.3625133758751,-10.162977503590525,145.08418800994954,0.32393388066682477,0.5729322247472532,-0.3056488349715027,390,84.0,0.47745374050753464,1
85.29257554450912,-0.1600755023381879,91.6498135319815,0.26012333499632906,0.260614803231156,0.0927481091708155,394,-31.0,0.25381905209064637,1
1232.2710512600008,561.4783187446038,714.2019904613828,2.2061475990406394,2.024933819283506,0.334321739412365,98,51.0,0.4927031094839297,1
42.169342657997554,-18.845936296768997,56.32043447280101,1.5552156428865713,2.7563306563814516,-1.981671080855597,34,15.0,0.5354495641430818,1
752.3279653286185,189.09051643969872,629.4284745388205,2.864705105963428,2.910587449568601,-0.22437474012050496,895,-1389.0,0.507435446302584,1
91.0889829162453,15.78563281220491,93.46525432980737,0.28588453074357295,0.29617074915828334,-0.11102860961118899,377,-78.0,0.29176704649098495,1
838.6032437464179,321.1564882356337,558.5140605823083,1.3001017768570842,1.1079647481619799,0.07513686795132068,186,-175.0,0.5009891083098102,1
644.540961055629,115.40916365880514,432.7900890961488,1.5044477668557215,2.66553983129323,-0.917140090321134,73,12.0,0.2925008616854733,1
128.7727565889081,-84.52849018428824,199.74086999718506,2.000262047936225,1.5941300011395916,-0.7462025164870654,54,22.0,1.1374963565234744,1
76.94896574569262,-153.88482013177517,231.8356739519842,0.6701448855475638,0.8739606692403783,0.2616888010947944,431,114.0,0.8211976315098062,1
153.02852856049876,-47.53356984779393,167.17557902141806,0.16807708202296348,0.37549016220453396,-0.6743499457761567,1067,866.0,0.554966031438434,1
639.1667569108473,-115.80244155146386,601.1979818794464,2.8829663091414917,2.9632387514886185,-0.15145858711635052,1289,-170.0,0.27448462884633934,1
393.6856403220159,-146.28318097016853,262.1237374279034,0.5585897607265763,0.7115404939911915,-0.5788964695639917,583,261.0,0.2762790742775975,1
198.91610768210833,-23.952505605138214,209.13705578963373,1.0817996767736067,0.8115495520388698,0.5176991544538456,345,57.0,0.07246171539178899,1
237.68517064191653,-141.4273765985731,254.22246382082835,0.3890443069893901,0.8427506396114663,-1.7900194065597592,1023,902.0,0.8298626728611398,1
537.8206787793755,60.173939176228146,541.9242336277872,3.2035215440881153,3.1935895371851335,0.030738160362636435,817,195.0,0.1589467063171,1
105.35674250069324,2.027206309095618,151.07056583601494,0.3043025896062632,0.30493767678108813,-0.11387570210560904,553,199.0,0.23897022892960085,1
578.5915074510644,-24.455699060474103,544.6780763571603,3.182893685225846,3.0328791833482844,0.337367513111293,935,119.0,0.15735212552216296,1
214.69771275575366,25.33780237425202,209.49122227987579,0.5021856337767119,0.44702897789871965,0.19810841193264417,317,-72.0,0.26882576471671843,1
193.16176929863903,70.4907390119668,155.0935642952078,0.47005113386688807,0.459417640937484,-0.27458410541832584,346,224.0,0.4992590116695285,1
360.8818497128317,-228.83047801780356,557.0805002119534,3.5961364592575733,3.187149790668461,0.5606873756266468,370,-479.0,0.34799027921465864,1
153.08916392619093,-36.836213353376024,223.00620091247873,1.085807122900262,1.3053292630152957,0.5086602784436784,245,-83.0,0.6222535273878043,1
73.98623527524617,-7.81764869444045,115.7802043133842,4.083616975397233,3.3021024840563866,0.7908467814602425,28,11.0,0.3499617660233594,1
145.14559081690462,-13.592948943262996,159.6872421059241,0.2791697562523023,0.29432432915640483,0.061837482188939585,697,17.0,0.3933448917727989,1
168.61739696198964,-7.545950365480934,188.2178305981219,0.4954863221114734,0.6427198215928762,-0.029611354895356323,437,-262.0,0.501399978091924,1
149.99249981249062,56.716350918801965,209.19406425161583,3.0545851693377997,1.5658984994924627,0.8945957536384772,24,-5.0,0.8672133987780183,1
63.24218001724272,-1.1111177908378806,94.9579791508136,2.6062389286533896,2.9258722758139575,-0.5851603537028169,15,-6.0,0.35567235760371235,1
352.9207558594706,72.24490894926538,480.7178440248084,0.5564265727551144,1.0770794279637717,0.04248209619139909,517,-105.0,0.6533348664236783,1
429.6911171893913,127.96390430727274,247.70922238449702,1.1422425517599422,1.126860512669101,0.6680105407764613,310,-272.0,0.6890185162007814,1
627.9743248993736,49.3828174483092,557.3009427564155,2.9550121584131595,3.0310043963863804,-0.22788152681268636,948,13.0,0.15706889646540628,1
156.35914286177135,-37.657874846357316,188.84360680693794,0.4108354261880162,0.45923393861471934,0.030185927018393732,535,81.0,0.2726914798399865,1
338.26489828248543,156.33676060815696,236.33213803044546,0.618409701389112,0.47289937575101904,0.13498617116795514,495,81.0,0.13708361993327955,1
131.23066121020142,-21.56129458976082,143.46779844241226,0.36984106410404977,0.48241062349978037,-0.34876424088653885,600,253.0,0.34386670298060573,1
243.90846539247968,126.17886259437287,147.51791186639082,2.6122992859775325,2.739147485973968,-0.7679413867746621,62,22.0,0.6199846092414549,1
137.0084158288808,-182.86085625265298,217.0396021313059,0.7400604059584486,0.54300011536791,0.3803533613917665,267,-174.0,0.2769909843413404,1
177.00737178649487,23.263463375166822,185.12948099463574,0.5108930114996669,0.5413497018450597,0.08575803300770157,472,-33.0,0.1328059319957033,1
211.29367291366586,-3.599026951733066,213.98749283251976,0.36468860014439,0.4620474854967457,-0.16011549255652135,316,45.0,0.05936621836901609,1
274.0880152958592,77.94819518418063,185.16431695245822,0.3936415882934539,0.5800379154070194,-0.2946915403765376,619,40.0,0.2001814580538805,1
39.877341698668694,-59.562537327888485,65.42988795311278,2.2578236015467468,2.8846051392769025,-1.298833105916077,42,14.0,0.42591769308109234,1
105.74584599249468,-4.261851243833604,107.07066242068113,0.3626516296961684,0.33743238777583007,-0.032980855916847684,756,206.0,0.1617735894998515,1
97.68859964192342,-28.702410718782218,108.72073568829951,1.875,1.698195619681624,-0.03972211992578378,16,-12.0,0.6364172731330181,1
165.475088879147,44.82885306943855,148.4605761294462,0.7349127661980281,0.5794470885347238,0.16445327192344728,623,207.0,0.27780510866633623,1
127.05968201249104,-12.887251397843102,143.44508694791807,0.4055626954138841,0.4486569377264189,-0.35482288864138367,628,237.0,0.22211167523843034,1
172.62790709045044,23.056927117584223,162.99601437318196,0.32570696541773264,0.4280179998574594,-0.22031890486565125,541,184.0,0.25559110174294636,1
601.4751418351882,-8.886356442783267,702.4742945704389,1.8706004968732142,1.1842904856466823,0.9274881522183944,96,27.0,0.22979274955947993,1
612.3356101653967,-16.837933746405383,575.7083159494011,2.701836713288719,2.853684879118348,-0.32174086505902766,1156,54.0,0.08872039396379952,1
202.3602857545531,32.55865001006859,160.65198797779544,0.8245782402462819,0.5559443043606199,0.5079869439149007,298,-365.0,0.5251080099117693,1
118.05226796433189,39.341625799049524,176.89089367150012,0.13942977518514976,0.3628199750684639,-0.27826501855499164,509,101.0,0.1810022955382239,1
218.0955661798269,70.2507346849739,186.85095761008236,0.32646767290110745,0.34981860157751105,0.10794564422100669,553,26.0,0.10424925802140358,1
222.77642336255275,22.171540841839033,207.42473002478783,0.5415582347300207,0.5183069451122579,0.1970469158718286,356,-51.0,0.12424947934597401,1
109.52124141027436,-82.62502099342127,151.90077593549307,0.8145748790395058,0.45858803471358855,0.29534637393425855,205,-324.0,0.4522460190813896,1
119.71362599167809,24.139273095950017,110.87072532333646,0.29918500100700585,0.3134398642162759,0.06780086956021883,848,11.0,0.3369822414984054,1
47.60123374342823,-73.46035460165936,463.6890484536745,2.068225587247742,2.3725812702095213,-1.497562849702493,41,8.0,0.5423373207171003,1
350.2218078594612,115.95459197264717,249.68509447508055,1.0627423049251863,0.5204145210782508,0.7268249384756885,61,-283.0,0.46789829021426826,1
96.65734504225371,-7.739666048825185,101.18420801780262,0.3094959343220596,0.3166306927583372,0.10681806866521606,450,-288.0,0.38981788247567756,1
128.04467703991972,-3.7415395699123053,117.32951020450628,0.49359977908417774,0.42997725449681534,-0.13640701760329954,449,155.0,0.38418653058109387,1
153.08627725574775,-34.79673423792275,256.799195517576,0.4826556030686422,0.5200634777910867,-0.08369887544261367,416,-11.0,0.1303719696663956,1
250.01165306174562,126.30998758865537,113.55798589595574,2.720763631426055,1.6546294875440732,-0.257331256743206,30,16.0,0.9110811902679558,1
153.5438245824811,40.291258973479216,123.98281835034422,0.656595210938777,0.4214910062880811,0.3076412134073232,445,-307.0,0.39633134383267465,1
171.87637074622077,52.716958199285386,153.859793556066,0.42804659512255927,0.33990873429180446,0.2446754752509892,393,11.0,0.37233427292655125,1
166.6064529575515,30.09418572406952,153.91422094658964,0.5302621092415476,0.545921938706312,-0.11262876694174195,424,-135.0,0.40949155621299566,1
51.4599703111403,-11.243442873351718,384.64491194762854,2.8598809775139515,2.5433407999053035,-0.04943208942254396,23,-18.0,1.0988645542258206,1
132.0612440153752,-21.917122158635465,136.1897944695724,0.7020354102844603,1.2273965106933908,0.3379411084575959,575,-196.0,0.8056002612327473,1
199.933285475318,23.56381404337094,195.5116700200735,0.6131854949283347,0.5124863710385354,0.18710224566737943,330,-104.0,0.18111511489131568,1
618.8430895804486,43.748917208694934,584.1324260999879,3.298447329411117,3.2035419473663014,-0.0604307535259232,937,-52.0,0.17546082935738783,1
341.81623210003,224.59014369485976,150.1287220183206,0.29869610213741093,0.40772543716133447,-0.011616828424951264,652,122.0,0.2385520700800191,1
617.4892956751862,-96.76453390972995,544.5149752624889,2.856778974437779,2.246379306947311,1.8707164744492575,32,-189.0,0.8821605333979464,1
121.05551565522676,1.4431565386159377,173.09611746085395,0.11820678255620634,0.3013441629725009,-0.3004067628271877,493,-161.0,0.2808785027352706,1
152.075772585693,-19.058898676719707,158.41412188512186,0.42407123151104803,0.45338314015994563,-0.07777065048025206,481,-93.0,0.16907728330628205,1
204.39041722902337,-24.02519808880436,208.63932316348172,0.7522094929061572,0.8363784076341518,-0.38258040092566914,394,109.0,0.13046028772548138,1
145.51949086710763,-80.66166761843203,182.45005033404868,1.0981888475639403,1.0296708574537508,0.2764014746533927,180,-124.0,0.6083005775009144,1
143.65692379455092,0.22212518600736075,146.16384318406656,0.6364452692618563,0.3722394369863495,0.2778134030960393,476,-93.0,0.09345739620158305,1
861.2000357598306,-80.82871440113934,468.47440899443325,0.748197297741084,0.6712074543826936,-0.3990457237352407,691,138.0,0.18237988561865442,1
629.1735439118021,179.0300421167383,590.1094083380788,3.0235775783477465,2.959065064943071,-0.019049407826186027,1102,74.0,0.3493846758983251,1
564.2975033112715,109.93384154336917,261.99113554221924,0.6488952470544824,0.5242283458683289,-0.6272222016024436,514,205.0,0.4894742785498265,1
529.7756099007602,-87.04087215928598,640.3254342342627,2.7529660311036657,2.611124361225697,0.10427295899543276,624,-191.0,0.1849150998736266,1
597.1262508057453,-39.10458749235863,602.1237670062917,3.3932721291769634,3.0458676616096616,0.4564019391384253,729,-42.0,0.16056356142719552,1
244.42282510877135,133.34570145733073,162.58533866905685,0.30779015490268985,0.44610610005758106,-0.26244028544099257,524,210.0,0.18674569604255256,1
424.79110884144336,73.27884372894431,260.28270463150875,0.8539541704273849,0.6124195737666545,0.04704822168636502,539,72.0,0.18273798846514486,1
205.4449750057227,130.88103860048122,158.00177563643658,2.263809173883546,2.5243025431495494,-0.8292600338883447,14,0.0,0.40932784339534367,1
57.47527470326755,8.207411810205237,103.59029607989763,2.8795064608120073,2.6730829037346147,0.54774008340988,19,-3.0,0.06454655509665955,1
131.78621660983202,17.91829718279753,115.44519833596769,0.6300067966874773,0.37085059513218266,0.39095170627401143,294,-301.0,0.364066622556029,1
175.06039656133882,-4.170877566225812,177.37842160499696,0.9401327910036231,0.9271822343741272,-0.013888309483193306,279,-31.0,0.09699989076449841,1
120.78746032076363,-71.91573890606146,153.17762117327226,0.4317756042513501,0.411240279697044,0.06736900249954769,566,101.0,0.14360090976863502,1
81.0227555921957,-26.706871684982517,96.8414862452897,0.49150737756909046,0.2626660832928473,0.17213115621065084,349,-113.0,0.29299305791721403,1
137.16148600580587,1.423520415018686,190.22444036104616,0.3694507910176075,0.4491666146158835,-0.06187691309706794,295,-271.0,0.23960482903331223,1
164.3870752359937,11.409838192305159,163.33886225265996,0.38045094271704405,1.4443544474103007,-0.2890406601959272,354,-160.0,0.8089752253086389,1
205.5423577594977,-10.121678904062435,206.6518147103403,1.1107187097336693,0.7844632968071601,0.23397907287690245,360,79.0,0.10650682618483791,1
165.43516931760752,-8.260360999250338,183.3606391919489,0.339287355761645,0.9411931598280768,0.07792407731795054,687,-22.0,0.7560556925857427,1
558.770461613674,-19.590202455732992,586.7651614291287,2.8099107682448157,2.92787379873904,-0.2660981164983758,785,34.0,0.10012109212907003,1
163.78631417763089,-121.24727639565933,186.18761353813196,0.614032165915321,0.6935813973470202,-0.22896900609338688,299,-51.0,0.5238759954076375,1
145.07880581856259,-11.271410312670639,161.21074026806605,0.4084232682769023,0.5231502809122308,0.14497663349579593,534,-94.0,0.36703802107314665,1
144.57912065184271,-30.037496202896477,154.15615138536563,0.9286489177579939,1.122153173349246,0.4551806908606777,305,-46.0,0.515507418710322,1
670.792732515397,-160.2212420852519,512.9904789099938,1.8718258596282744,2.2645737659215825,0.4277977790658123,47,-42.0,0.5470377502071792,1
637.6371989555653,163.20974789802477,553.5084453287831,3.112803245945767,3.2410715151394967,-0.12234833237135678,801,-49.0,0.10599426938832925,1
203.50962589323058,50.15382477707459,159.5181873734639,0.4010321983558066,0.49383701139781805,-0.09480991500182379,417,-154.0,0.17225757223983473,1
592.4800161126374,39.20378074422399,575.365622278885,3.153324750908549,3.0749357077102846,0.15189927477266707,956,-73.0,0.18557950692349845,1
651.8339048241854,89.40123151669764,587.7099004956476,3.06663821195223,2.910520231060777,0.30308624722714006,1173,148.0,0.07029664875568953,1
254.33742019924924,152.15416823686814,180.9144220465878,2.5343071518083278,1.9422148873788436,-0.43420319515576766,65,2.0,1.0505319251086407,1
87.37646047786761,-26.4308755850098,74.38478604317778,0.24191970837548482,0.3939428796743174,-0.23150865187263786,736,530.0,0.6263100742722291,1
109.59260941800318,-3.881767768343863,141.1074053399032,0.472942391976307,0.6044609818873804,0.11739751083587835,502,-336.0,0.3793230081256702,1
311.6073209168546,204.09468898983346,146.13692853275666,2.985228136034251,2.313515327522441,0.7379177295181658,14,-19.0,0.36085181075306544,1
268.13729159305154,-170.6997745399779,404.23633797720373,2.8936474604335363,2.814041496300823,0.2977441720713818,28,-7.0,0.3712897770785553,1
273.0054724994052,72.71501439523806,203.9564808536807,0.39882786680062193,0.3589497571537476,0.04929302985566425,607,133.0,0.08803077797828177,1
274.888090360827,98.52343320164124,262.2215979409734,2.638295381909521,3.1193145428313755,-0.3117527268936766,30,-19.0,0.44920998855782407,1
702.8450927780879,34.42354277943491,632.827438243535,2.5767832797988746,2.6735725346664525,0.07595769381927608,1318,-38.0,0.24111402478865296,1
250.5687524147835,91.37521437177278,296.5603714343952,0.42498006190908805,0.5575083422956465,-0.10555026659473282,592,87.0,0.22404232939177274,1
162.91671944938687,24.294043520129094,173.2178530574975,0.5422837095109171,0.6909371380052682,-0.06585342810807626,455,-86.0,0.2619572643574247,1
148.95906366838804,-5.583438936915968,153.04414243674645,0.23648788776142174,0.2805598464557699,-0.12359708657259352,522,-52.0,0.11796146862765215,1
164.98578300493045,113.52581269379016,407.54891564492834,2.3496017527145816,2.3714636903964594,-0.5102792247993699,16,-7.0,1.1354123849196764,1
985.7628428020616,582.4308011007635,765.8730513370591,0.9806214496510234,1.0248417786586874,0.4508426787089308,402,87.0,0.2630829377925652,1
200.43923654006406,-367.7162025160553,451.20736538961893,0.9255131036663842,0.8947538102834983,0.2360534636085856,428,85.0,0.09608925291130685,1
107.78551899899662,2.0091653326431214,104.68091137647309,0.18684408593445895,0.38433446077089145,-0.2028920574735948,774,246.0,0.4345351938074155,1
166.16414088470378,-38.40293421523518,179.8721456635648,0.9987058958653906,0.7155767306776204,0.30905472999743977,245,-153.0,0.2346722334078086,1
209.14350409736002,35.99548436894722,196.4816620646468,0.9328893534546987,1.2953973812765196,0.12960896342201556,280,76.0,0.6063097861380464,1
173.67548524646003,104.33394334619236,148.2132871505931,1.2445216554910286,1.5410305148378058,-2.142109315918029,138,117.0,0.6115941773031514,1
177.35263613664927,-21.20624950022284,168.22193907953485,0.4883256338451097,0.5215070010387196,-0.32589473737941993,344,-92.0,0.22589206061538855,1
84.94462221338799,-40.86573146311599,108.53373389249836,2.767646120961224,2.7660373934301434,0.2788080337662495,22,-19.0,0.4285739753289325,1
406.99845532899377,-234.24168447732671,576.7532069032677,3.075059083037738,2.9105664884278424,0.3194216139461741,2140,1151.0,0.35505210291531497,1
161.807416289067,27.19118803626222,157.24594457187476,0.7337914037931842,0.5236618099185313,0.23398461673013854,342,-279.0,0.27030526628417945,1
396.4919449878354,-20.126988749850852,282.76988686304213,0.610787964858862,0.5111744529293014,-0.12009402023429283,539,-231.0,0.22879301407595598,1
107.24879817108103,42.98344884528228,71.20075693884797,2.8655768552072485,2.9995281051181504,-0.4520631507589692,19,-3.0,0.10688886733048061,1
117.60436523849346,41.193976700394714,97.46607857380596,0.3327657565692537,0.311135811340469,0.06709717241019098,689,239.0,0.16228121958123826,1
148.38772489599995,13.68572785472702,145.6542293076555,0.33041460613747625,0.4658371204700815,-0.05287585992789007,345,-226.0,0.23892430821500382,1
836.6025804474917,71.54183472952343,589.6427038215567,1.9368199796237884,1.6897037261747863,0.5420596583775565,2215,-287.0,1.290354541416108,1
249.08577588787827,85.23108904401346,236.22888697930404,1.0527677071084633,1.0337565992663458,0.3666370981591821,203,-329.0,0.4326784694090068,1
114.01345436595018,45.39220377214468,131.690551892567,1.0374012540422353,2.6909155866030243,-2.5695354781330866,29,7.0,0.3457027350905076,1
68.80765938080759,-62.174525211407484,130.2287141396293,0.30558819302727186,0.5156508261954083,-0.2524676515458261,401,-56.0,0.19362575944463828,1
179.16141500364185,-34.932878769319615,177.01257593435344,0.2080491986805677,0.5312302935713983,-0.29835908940025346,513,181.0,0.26922114570293126,1
150.07440783775692,-52.52663344175238,160.74781476244607,0.31389987328539587,0.4061143778211142,-0.3227694555158798,565,312.0,0.31585691842619784,1
187.89148224734828,-13.343952998470058,204.0380064074096,0.5724288691516044,0.7047593960301615,-0.0752866559882821,395,79.0,0.1473721302997011,1
103.2329645451521,-2.0056353816798236,108.17096039224607,0.30399593223884036,0.33338861004116643,0.0022421659292945484,543,-113.0,0.15314959300891276,1
134.70398757205723,-19.003125051687732,180.91050168214005,0.7354603740069832,1.3558556151053627,-0.34460384804308575,359,46.0,0.6713986561612876,1
93.27614889368866,-100.78507619475121,273.3660470681873,2.1599894156993225,1.214653169919617,1.7492109536605762,29,-234.0,0.5822544033243039,1
589.5454845282293,-94.8550263442404,633.6647660370438,2.1247233989566827,2.352771444417722,-0.38909083873827655,774,-143.0,0.07098776500011432,1
72.80949266560111,-499.0910425870092,459.4056031472063,3.584962500721157,2.6349444813981875,1.0817041659455113,12,3.0,0.5768042862722994,1
2.449489742783178,-196.90147559668097,79.91583184018953,1.3787834934861756,1.7631556102653227,-0.8094187871709588,7,-44.0,0.826611822638593,1
160.25732057054984,-2.18500276647805,169.13216898079625,0.3437194419385586,0.44305068155287125,0.06466718600209881,397,-395.0,0.4955731444396883,1
252.36993741843145,-371.0532295985881,376.0160137254553,0.6821037485630798,0.5364725140906287,0.169793543407466,487,-166.0,0.3314305908339739,1
706.8906990852646,108.6798783081108,612.7034768771382,4.167825323434739,3.622308806638718,0.15385551460483082,176,9.0,0.16322196627860652,1
942.0287501609699,626.7465179829419,318.92927727973654,1.1472430214763247,0.5926769710625626,0.4898734299668486,553,112.0,0.2599531166015484,1
600.25067653025,169.97254269532635,568.6343209565424,3.2571008109221675,3.256666312264829,-0.22817780080658556,964,157.0,0.06854405292390481,1
176.42396859037603,14.923097497588458,175.34988865703608,0.6898025821144732,0.5222947904649096,0.16624902154708543,569,132.0,0.12658495400729983,1
176.1866441788635,21.007095632538437,161.273520266341,0.5054432154354017,0.3504320512127349,0.2433929686360674,566,-206.0,0.39229006564992347,1
198.0810158575922,25.45279366545472,181.79880401608096,0.8866141636238258,0.48144030056838083,0.5415374176304153,227,-354.0,0.46440566892400387,1
140.60185932091116,-32.67382421019846,164.00908663218632,1.0332042859759596,0.558580535772073,0.8175344758911826,174,-428.0,0.40151624669244007,1
184.17289371233366,-27.588517366085455,202.53598426657632,0.8976641713673513,0.5003859641786683,0.29399514221606127,384,78.0,0.08621812425541162,1
218.80704171068157,38.996501920060894,217.25802959849875,0.6775096115558317,0.5493219705990615,0.1946246454971156,522,128.0,0.37425200798259517,1
177.89091557704884,19.912487181396074,151.4544514450949,0.6424626890976156,0.5115382782219514,0.17663161718260312,405,-182.0,0.14343843948472185,1
735.3161088799814,252.58370184116217,537.05656336027,2.890239789465855,3.0735419097637195,-0.10637382050846078,817,10.0,0.3185880994762793,1
292.31490392307325,-64.43328840209148,203.46555651178758,3.3103800818576197,2.6969873691872115,0.07910982725004345,60,38.0,1.442449764802394,1
157.9174978527824,1.5529397959583662,151.87920184461433,0.5474745361013886,0.45987454934618377,0.11926410547925342,473,112.0,0.24314893188544145,1
556.1446060083857,91.14446535424139,515.0641742056994,3.209355213964027,3.029103015627663,-0.12219691912052788,772,274.0,0.467636859420342,1
72.07932513232342,-7.097469724187405,64.79840077687435,2.735761283067285,2.848909334708217,0.43696634237188636,23,7.0,0.27272726029557315,1
532.7435651185398,-8.50771380722449,270.8539827457181,2.766055950754148,2.3847972723859954,0.5467548224755987,107,37.0,0.6738288384657489,1
177.89559937086926,13.558515631876446,191.1882128439001,0.6285020318768593,0.6179177490633644,-0.3619305624891541,334,54.0,0.23850673864334254,1
23.009980690430865,-20.721944969669465,69.02656059551347,1.9761676246836946,2.1851703314797595,-0.6225639775719676,767,529.0,1.2141843814724134,1
505.2001779539208,-124.44285193391153,619.0910901119968,3.003612060618725,2.967339280811724,0.09149699948029832,1715,655.0,0.22633397977198821,1
310.9674447678577,136.89109880436962,275.26124195493264,0.5007463609147248,0.84338492153978,-0.2919898138171083,271,21.0,0.6679786263168009,1
595.4146981150863,46.00656610490148,553.4061320472649,3.3244375913660478,3.096266778584788,0.18926527181173913,877,66.0,0.3426270508880984,1
223.42937636837922,8.202026848647733,212.20720567277527,0.45132852892022324,0.45721721145139255,-0.3054496404736565,317,35.0,0.14721216404951665,1
61.84842358540757,12.920540775470094,62.47472137605432,2.865957320949175,2.2302236475639825,0.21416341832040597,20,3.0,1.910175866976877,1
178.61128588108878,2.713485027664518,171.7081783573628,0.26218734487976875,0.3030206704332644,-0.01982927157565284,272,-405.0,0.28861580273422716,1
198.90558192940418,4.081999781145896,205.95082117520855,0.2665750749724887,0.3366660069228472,-0.07717999357774413,353,-2.0,0.06809062899380046,1
85.27506514036725,2.2449768858341344,72.7591576858897,1.8423709931771086,2.655274064112017,0.3390635845692742,7,-23.0,0.49401498953133405,1
91.45529180971432,22.40358010834599,70.3264212212465,1.5143029514736246,1.6170309881472107,-0.1115116322202867,25,13.0,0.47837212170595894,1
93.64920521102133,25.916970123381063,67.1238361521722,2.5659493615397087,2.53992666064199,0.017167506533796395,5932,253.0,0.09242336966398527,1
167.0836237935793,41.70789508453218,170.14605578028892,0.5518614850965899,0.6904632813331831,-0.10289046280758452,515,-19.0,0.20194978160162821,1
147.55842259617197,-28.02501229888003,328.0306878067746,0.3766684968016346,0.4521516709684669,0.1381283216688528,564,-3.0,0.16526293440221826,1
116.16813753839024,-14.16017872399216,106.88290013346894,0.20671786625367303,0.27475829049215406,-0.2781854061514236,617,98.0,0.23414517794161324,1
260.51490137961486,27.31759579197876,183.63716047970848,2.116299605701696,2.5883105149036396,-0.8030692263921448,17,-13.0,0.4587171498145501,1
652.7213861339819,43.39931635086111,626.7353870880112,2.758111102195739,2.8009353103249,-0.11749060584144333,960,-15.0,0.11416638172235351,1
558.3489906607703,387.10568300630655,317.82978501128935,2.8252983121255992,2.6332486725874977,0.05581857610766905,55,12.0,0.45977500380370384,1
314.2115352575218,90.13831080320335,259.8409236299657,2.584962500721156,3.3067051026327916,-1.360502451773952,6,-27.0,0.6266845440707413,1
152.90023754614202,-25.94479840707359,165.61275228157422,0.3092753457788898,0.4765438735941431,-0.12078830420244413,600,5.0,0.27364239319021866,1
86.23465795513361,18.54119920016015,186.98689517157112,1.8980096548354985,0.9203836803304031,1.2550695833492818,48,-178.0,0.6467459208253807,1
630.3084687625272,42.11172038463394,547.2843266214787,3.0819279026183453,2.994159470058955,0.0776723421944836,1002,-31.0,0.12928226858761924,1
204.9587560616302,25.170125478945238,159.4233552922107,1.4799676545651177,2.262652506055047,-0.829403304439498,342,293.0,0.9504495729215242,1
139.2925939691521,-17.413434024245305,155.1873038993689,0.2642425962365596,0.4731728197805287,-0.36748658795260897,557,232.0,0.2298956783850103,1
142.66854230316508,-44.12714248875551,162.05413836497172,0.6501005647781164,0.6489551989385325,-0.08740614643995903,374,-18.0,0.32515441014201507,1
578.8764256843675,-8.566518167778213,625.9878465322306,2.9804498292749604,2.944853136155434,0.07124281134371069,805,-500.0,0.2409695426080003,1
157.44207240790732,-28.27555086268717,174.2990209272292,0.8144525091007176,0.6297269767133974,0.24914879174212257,461,-79.0,0.2039670559260825,1
60.36704341605483,-5.073927772178408,235.05023157406578,3.4104172527605194,2.97588045048389,0.17151599615788848,17,4.0,0.2591515193682259,1
135.10432993650883,-39.611225949444844,199.30992129861025,0.5445384965116059,0.5690926651264969,-0.08862465832154709,542,72.0,0.21758658417717486,1
609.626988728872,-20.681480033655248,545.9283498429852,2.9383042019575627,2.972708106788782,-0.14362370066078256,1132,130.0,0.12744994697974982,1
535.2236326799118,-109.37550967027937,576.1502291463269,2.904146106494793,2.8998590465425367,0.06950500815127114,1009,-31.0,0.37752214527823474,1
153.97836617401066,-37.3305755888978,129.72478973938897,0.36409430182686436,1.3905720797475156,0.024753605508024357,771,98.0,1.0998609462851494,1
371.727555317237,-258.34140237708453,334.13875054125305,1.4023769879547054,1.2661054561461047,0.07700863535171476,428,95.0,0.21275502804072313,1
116.50582666264012,18.597097803847475,98.28478047733356,0.6891004949355195,0.3113151506880836,0.5193465645212633,419,-387.0,0.34115936315881934,1
140.06059549578106,3.4373563829903446,188.86343435008817,0.46488451365838307,0.42780427908740304,0.1439841111692864,355,-235.0,0.239733044324778,1
693.3998667542087,257.2432625300035,546.8668768243582,3.048540393980923,3.175679997983635,0.02069557892574858,1191,-542.0,0.3187592607049496,1
325.93555615360305,41.46722120027931,312.29827154290143,1.0218706440012173,0.9765312499618546,0.19315088587478535,114,-9.0,0.3446164937494908,1
104.43021972053972,0.9006818017435592,112.2875994108526,0.513596600080545,0.399391343564688,0.2971019966108216,349,-180.0,0.18220114749660707,1
23.4425150589124,-23.29199199214738,29.347960358074705,0.627209363472852,0.9054391169800999,-1.7102128638975151,184,136.0,0.6494780033807418,1
147.65110491262604,-28.155188027519927,168.04743190497624,0.469002648415872,0.4084776372345817,0.03729649124427592,467,-112.0,0.3748284477430225,1
648.3485115167117,16.611704996161393,624.0104819809252,2.969257706730705,3.154182265292385,-0.13112494364401917,1144,-58.0,0.058848678104522,1
583.9703786185423,24.211197558993376,547.0308915343878,3.0952229854195075,3.0894843581761577,-0.024145745222818427,1005,184.0,0.2679563485220888,1
19.80358094340057,-221.37118049642248,159.6258955095409,2.1180782093497093,2.2458257334645397,0.03568450770535314,11,-49.0,0.6863307483566428,1
550.7132093408527,-84.74634299127717,556.0761371512131,2.894018592845872,2.858186665854162,-0.1046078836657931,970,-136.0,0.16372353707745702,1
45.75201129345158,-246.20677415058873,173.9326865011815,2.8655768552072485,3.1412127366259552,0.045774949378330376,19,-9.0,0.2085903667041873,1
90.1592690020402,-364.00663767460884,181.355516837824,1.6760150508789766,2.087140894663381,-0.7980331515448067,26,-35.0,0.6965621855741502,1
74.87571212794352,-12.219035046797643,82.373267737743,0.526389775332434,0.9326663347795545,0.27775365016752884,375,-178.0,0.6130738896305596,1
611.080631330322,-73.260440778462,580.4328766307157,2.859606585380877,3.101254832947567,-0.36913105703145943,1137,737.0,0.3558474697400929,1
410.86646249116023,84.62418886158463,277.25854869367447,1.2853313484828912,1.0298799313345923,0.24740374039259305,376,6.0,0.11392153971121742,1
118.70479825796549,38.923042387485594,101.63761198030393,0.1320365425881932,0.3276775913835078,-0.25627283592252353,560,188.0,0.2736123559794127,1
197.93323997533312,-13.374917179906902,280.439772793036,0.6705554021913399,0.8561840276473156,-0.1371774697353848,338,39.0,0.09750657242582018,1
178.68262962155313,42.6407862147866,177.34897304927495,0.5450298057858631,0.5968988933900621,0.21039889038646392,321,-312.0,0.6292732325683414,1
651.3028133257642,60.88589485651164,625.7941918552316,3.124243973483059,3.0014890450687766,-0.024525294298629596,1030,281.0,0.2714429931410728,1
579.3518557105635,407.83212533215374,269.29890091641903,1.004284422173864,0.6588537449333585,0.5854859626249098,328,-256.0,0.2507200599170145,1
468.09458075895634,-5.461875857038706,560.3893988613702,3.151492332161625,2.9839895658760476,0.36213511064730186,2105,1101.0,0.34388591759270454,1
197.41357486510682,60.63319178954691,172.7368570329702,0.5273622400539713,0.46395912260979866,0.09056236091577302,517,-102.0,0.12490392395943146,1
183.882670683338,20.980443184755273,167.37453015072336,0.3454369275304221,0.38954956512409167,0.03462203155446941,423,-77.0,0.3283214080344352,1
85.37733245950581,-1.0911842969746317,125.38905542505078,0.5189769269528682,0.45939576229361617,-0.008281073203275757,391,21.0,0.23450603409875698,1
149.7456539665366,-12.713329456915687,245.29182064442406,0.6349372149270122,0.7176651175078463,-0.20198286723512415,383,69.0,0.27386939231020824,1
207.85025256918692,2.639699336215898,206.04126799677084,0.5597664614541749,0.6766124222955023,-0.20416119980014458,304,-14.0,0.026358193158479183,1
202.89489894612996,-2.28335460318317,201.67824932672835,0.6483722823096721,0.645050051513809,0.12126109736474999,238,-219.0,0.5330604511561314,1
756.2923434950425,-41.30902480138502,798.3710738308362,1.2345393367265636,2.418157157331271,-1.6014994785347134,218,194.0,1.1922318820636228,1
669.8401888857037,83.04416418014375,598.3558497695701,2.503469425280831,2.6235908566576667,-0.3922019215448116,898,68.0,0.13469923839572973,1
628.7912728749899,6.027935117408333,632.9510899759883,2.0732638024414896,2.490622609666161,1.061863384733164,64,-93.0,0.6507641590900227,1
53.93915181726009,-8.19990371323717,165.4254908423094,3.3082708345352603,3.14695137681667,0.44202293722252906,18,3.0,0.29613040164337623,1
107.85906000511976,-6.614220144583598,97.9873419897601,0.5353193394652633,0.42751807087533233,0.30965260055127664,561,-100.0,0.37538167104424935,1
602.0638487454366,50.99641639634467,559.9427818444143,3.0201714931818744,3.066925575644306,0.14503826539782372,904,10.0,0.1521976051599184,1
273.34985006863343,143.70898194135538,175.53992281185714,3.3908828637511372,1.110417177838349,2.8682313079686024,52,-405.0,0.5328247732251802,1
607.4178662152543,-25.002144361648448,618.3449385048905,3.0976975526616854,3.107967210857281,0.001975973931566344,719,-367.0,0.204719088973616,1
90.1240691191838,24.63765778074523,89.52025029476593,0.3945682025897255,0.3155738987559895,-0.18673708579777132,452,35.0,0.09021144047509537,1
74.77680597014651,-32.50038448779078,101.83316468038699,0.39240348396853,0.31332989511370035,0.24182672777466127,448,-422.0,0.3804220575222835,1
661.0128202941847,46.68265760004863,620.9041521811437,2.647612107144101,2.6072982072535247,0.22600552457123912,989,-139.0,0.07490751571244468,1
138.79346429114858,-10.253260018249705,233.12332795502897,0.5180232620974704,0.535381878385712,-0.19095125314641725,421,28.0,0.25909818794297934,1
141.6653038884341,43.97808634244707,213.21890245486458,2.519951177747776,2.518893644342322,-0.04858662668880642,5783,1032.0,0.5272796923591706,1
113.28983746695776,6.768052159895419,109.51778962141925,0.11614125622349061,0.28654985267950983,-0.12396231674353705,1025,430.0,0.4065107365849012,1
668.7576513590842,263.97343887438603,570.0094336185484,3.0860632313302183,2.975052452264883,0.20472009099367794,1287,507.0,0.23423947483381516,1
143.5989477711805,-9.071759496899318,138.47900659512874,0.35208371535397487,0.46726013821314893,-0.1672045931596995,364,-39.0,0.266477037034005,1
187.75751079153972,30.314291153755818,172.3584842335161,0.5421844970821199,0.3703151865492624,0.23751275983998377,461,-177.0,0.15915679207628922,1
475.56541987323476,-177.69494596771835,576.6232021866616,2.9005834899097964,2.990548414703185,-0.07343326143394346,1150,71.0,0.2253185787974836,1
379.12859890894316,180.95698665813154,321.00582486077377,1.34563133828491,1.3363536147616564,0.08130637915632932,459,193.0,0.4149437427924224,1
164.5896948308235,7.883848224623051,188.81365185662435,0.6899382522713928,0.42638347362724593,0.40629285694611206,481,-276.0,0.41911414911608474,1
198.9633015219311,-17.471308834058362,206.47031340172452,1.2795860654158546,0.906063266877301,0.38981760832981427,347,48.0,0.11395454627785628,1
367.88981086377265,-186.4901693504268,504.40526252529787,3.1627430963994656,2.952416053989782,0.2458352575369145,305,-835.0,0.38809092455548905,1
219.4453262456489,80.1527322764968,163.22890086584903,0.5809843706408744,0.49899942148914034,0.3167417744043148,394,-163.0,0.20553489442658882,1
116.4702783351552,6.268674160789615,109.04039872793157,0.3769250478048545,0.34211792191236196,0.15160027527294778,746,195.0,0.34976594666392424,1
625.5380194545264,59.252470772658285,624.39036660147,2.851786530931614,2.864310627791722,0.006160441097224023,1363,552.0,0.20963881075971014,1
225.18993546856598,70.34369773344946,298.2715227445143,1.729679060107168,1.8538084356449946,-1.8072076636350003,69,50.0,1.158273691948104,1
186.1475072641978,34.208821219524424,166.91881599222137,0.29057727940146655,0.4121353288216927,-0.1594547213901064,578,27.0,0.18514778184837766,1
108.10853165552973,4.07664880019604,102.45186175135203,0.20863694137129263,0.2177039211220529,-0.08405479591897869,1002,386.0,0.18509784696825157,1
227.52902848709914,129.58746991765958,154.99522280059153,1.2699561111688862,0.6201224657058534,1.0328993266574669,82,-364.0,0.6342870800154171,1
201.7836116508179,10.000460368486614,220.13993756506216,0.6389483283323887,0.6396666857662626,0.1952972621804202,367,-71.0,0.5678712031807499,1
109.07003213795514,1.2511728614045126,110.28987000878253,0.3815929461482232,0.2834991942741734,0.16079679155052962,767,45.0,0.0974752946891136,1
567.4535077257708,-23.983533000238367,605.466248164896,3.242464256655679,3.1144515011235088,0.20750242214139814,759,-179.0,0.07540506987923487,1
160.5666361849167,24.31644039774895,161.20341713668867,0.39378220770391,0.3930229024769354,-0.038078907730056955,482,-129.0,0.2475851999469578,1
594.5662026577155,-16.92690650176803,594.1348078026683,3.2149014574787564,3.084666515501575,0.18333162315879648,823,-151.0,0.1449462903300095,1
175.91326319361795,-69.06325452110613,191.61358455234725,0.567611449014109,0.4948960187987687,0.10279989552452873,355,-124.0,0.17497577912076928,1
124.34879806256505,-85.98703651712164,138.47453540933253,0.13496092184213618,0.31404844210980176,-0.23154680892858007,620,20.0,0.26075167036479424,1
188.75993675564365,54.05594918358642,166.56529698461,1.0509451354278,1.0787262462521292,0.31548476142081694,229,-130.0,0.4822455048974582,1
132.73538568219487,25.884905446683504,111.80076579618222,0.7212026423763847,0.4986198243124673,0.10465301357109458,244,-325.0,0.35231207923872937,1
171.01087399400078,-35.75300243450937,169.4355011652596,0.3979528923303435,0.4443970663247646,-0.030128226678469094,403,-191.0,0.28997509650316194,1
119.63499415427692,-4.872622816225999,134.3820667438632,2.669039520726179,1.435888532500742,0.21077165262633635,41,13.0,1.2575907128812591,1
775.8127952884854,450.2598789250199,334.6390927448234,2.124261212170554,2.4388198796313043,-1.870422286585864,45,-17.0,0.9208759470463862,1
706.9816431723686,14.224020002115026,911.7115848124113,2.160624855412509,2.115494306017587,0.3724800314096328,114,-32.0,0.4139763485936178,1
198.95183949416577,-3.4363597224925115,201.88554696876014,0.6248782236131539,0.4797891145422929,0.2616010735471362,241,-137.0,0.23670724540277427,1
207.69534631897378,-130.96310046783375,234.38069302698327,0.705481774697587,0.679259170762794,-0.003752548390157484,305,-58.0,0.09001375314557915,1
646.8098089810348,509.79927106515044,252.08213655129657,2.017470456978114,2.89057719663705,-1.504457637909249,26,6.0,0.3375784075369197,1
610.9849525503822,26.528803759836137,586.490903523934,3.0751317194037515,3.1175678135889373,0.025402523909379582,1242,339.0,0.18204400765387607,1
168.99162744760017,12.908441245046305,197.80816761177402,0.5262889872995252,0.3825176784678044,0.18314727241987994,394,-93.0,0.13888297578576023,1
196.6645011807798,-7.248873276698561,208.10541375341185,0.527899263667694,0.561678013603792,0.10727382808264252,372,79.0,0.14625112954784134,1
89.22979143016282,-135.9273758996826,340.3324741169689,3.681880802803403,3.212257800682861,0.573185833240561,19,-1.0,0.5355016216824577,1
162.5975957420885,-64.93143274501065,158.85968216621734,0.5620229940347613,0.6803134736157551,-0.7079331171341249,281,199.0,0.48646735121245954,1
96.93906574022361,-19.83994555117387,108.05833494782868,0.2263665450220689,0.33471766049531565,-0.09870707371810314,725,-349.0,0.41557433382667863,1
183.46364241132525,5.9770228979305955,286.0958579886854,0.44756341976430386,0.7571126681694951,-0.2727611218554195,446,-226.0,0.36939645356907014,1
590.6026961032661,-48.771280578024516,615.0327659343202,2.649045348376644,2.5962016538172303,0.033377607743569904,933,-263.0,0.15199659788755426,1
726.865338382905,-38.165961978422956,757.7720957764426,2.2705936978354426,2.26438968946625,0.6499505296815011,91,39.0,0.5802017593533675,1
32.104947663315606,22.78489423082263,100.76545300825534,0.8742042412691049,1.8894867521334782,0.578130848498569,118,-91.0,0.795777383056104,1
170.66033740961896,5.97654306436462,163.83125337360678,0.3413665721123519,0.44801653131065294,-0.4117204983018091,689,444.0,0.4012400463459158,1
99.8142698656313,-1014.7926242432566,525.0345546063161,3.6424896731661263,2.7290375408592484,1.6475438061648158,23,-22.0,0.85610825279736,1
218.93055830223364,55.7792605874418,177.6151584861646,0.45971691704183193,0.5807420559622234,-0.17321151638116739,506,-32.0,0.33735949096146234,1
77.03521757851189,-28.7743120465378,88.79031641186108,0.36320918804074465,0.2312807164008804,0.16743566058138423,207,-356.0,0.48179139691461326,1
206.18729556527174,-2.763170392107668,208.91161273914494,0.36878659191238305,0.5348176676693492,0.08423412839128103,297,-5.0,0.09860745123098914,1
131.97376289883454,-59.453304672045505,164.27775345432585,0.6289473739916651,0.5882800445006927,0.20202918009209547,345,-152.0,0.14156253530134333,1
222.22146546344416,21.914728584490916,206.1408757075319,0.8843430961459552,0.7751918514992707,0.06227415551934723,262,-69.0,0.10333321109224947,1
164.01916023749877,20.348878123202155,193.23369948107444,0.23228632340487676,0.6441868174370724,-1.2029426625568318,762,568.0,0.3887176426038067,1
112.60656977835998,30.497511985981248,95.54124981927423,0.5916273840475216,0.43663305931270335,-0.039717159588033235,274,59.0,0.4918176574495423,1
158.7341825078942,13.444259380347546,178.36427944164876,0.438725904041556,1.0131117316027445,-0.056253403164904625,371,-135.0,0.5243303455034828,1
178.21760780321355,28.48470367431085,166.64289408671627,0.734585406849183,0.45195601181425077,0.35532048206143924,282,-258.0,0.3516141132029252,1
266.84482407035006,30.02634270442823,185.5650313437132,1.3663904641166944,0.608168961178357,0.9662035496343884,208,-408.0,0.429805229098925,1
109.87265182127874,91.35318597492196,111.17483999840749,0.3027697327440532,0.45005410120268907,-0.0007768758231475048,383,63.0,0.2110126087895793,1
226.57661271285636,9.633977788198735,222.88002038770077,0.21796667418221208,0.3713607651705378,-0.21112354045704476,286,-5.0,0.12195476875581099,1
184.9497537044412,25.924247437253257,160.89399025328515,0.7818576688008103,0.43222375367130467,0.5285591083052801,246,-309.0,0.3037735416481279,1
147.28195772552093,2.9514357869555568,160.58063791915825,0.5954776735583907,0.558899576657769,0.02448253347933871,452,-164.0,0.22454682104582144,1
208.14258014002695,7.624466447779383,205.2487362163124,0.2395697246603979,0.42297906085662784,0.0005238578643838032,279,-77.0,0.11587002216787748,1
64.3532978080806,-136.28042041716907,94.01176690254621,3.1913992823562065,2.851809760209086,-0.013587573416459886,21,-3.0,0.4931025302930895,1
211.8110419169705,15.445230869886814,270.5104961205646,0.7378493859432179,0.784599035102983,-0.07909311303289257,327,17.0,0.11570569458561479,1
541.027259715931,-47.442162398345204,621.7095750057867,3.2594968750924456,3.0184506765843646,0.3596731102094881,688,-269.0,0.19801583327872868,1
544.6115438968652,52.5717256511511,530.8444037134789,3.084256618877596,3.02647307168016,-0.037274244532802925,894,117.0,0.3748036773100657,1
121.54772527281597,-131.60096110286372,236.52122481586588,0.5515587900928695,0.39804983645908176,0.3333699877359412,217,-481.0,0.41833085682393095,1
91.81812298415457,-397.84573874411194,616.3013309438946,3.4906015629507237,2.181302651839216,2.7432210418768745,24,-72.0,0.4115921443734235,1
140.69450412703586,-22.08756216459483,144.19142252818511,0.34392029260333984,0.36506886850320647,0.05711887510132829,423,-27.0,0.19153276596991103,1
212.62551677647474,-116.27804565297413,278.23994308193426,1.2843067866688307,0.8364041410867891,0.6763404187866182,174,-253.0,0.3384720954330097,1
149.48087351183798,31.418292201985366,164.58642151896606,0.3501221043436902,0.5652906094391567,0.035381922088478124,536,115.0,0.2638552352490458,1
175.583434895052,-173.14280659340102,368.1146462765893,0.2385401751327818,0.4914366399338233,-0.3693985479169616,567,34.0,0.16348172185258356,1
83.42432271154263,-39.31180656111201,234.15514795364885,0.44369416695618447,0.5500904141230987,-0.2890692284810441,517,187.0,0.21247847193368363,1
202.48518575849982,3.1495769885112566,206.18518506541204,0.7109836125463603,0.7162938946423497,-0.05661061094443365,326,-22.0,0.07234472440455225,1
187.03709525118273,60.75029500136367,162.92445799118622,3.132048827786958,1.458533933836417,1.8867940349993026,32,-314.0,0.6022058753708177,1
45.18141210719293,-30.786709862193383,91.56618990055543,2.1055872616982603,2.916029998415747,-0.8939939689478043,15,0.0,0.29747097979408477,1
151.09077697209906,-103.24664322715017,177.24867515563307,0.5108064805931188,1.9207839008836434,-2.023500671215209,947,882.0,1.2091631876544793,1
131.90315452067125,6.125440987000985,162.86095587504047,0.4385348475692829,0.6172851062163438,0.11694832256390031,507,-92.0,0.3143346087540586,1
253.0357015498124,-13.80912252053767,210.77082449499807,0.519637955770305,0.6459809494229332,-0.8467525083463894,454,246.0,0.3920735773056061,1
199.8304744686605,-46.87948190287128,283.99263951812156,0.4015085956376044,0.5664888388228153,-0.12013339897399117,404,-40.0,0.175074591375008,1
195.85566788915457,-14.44190526107974,209.31625160413597,0.5226297658071909,0.7808025048975368,-0.32783534887998933,311,-43.0,0.07760811131194613,1
684.1785758601393,-7.253015137969442,695.6097193481343,3.2250646284405793,3.097794739355442,0.12868708203604617,666,-491.0,0.3431753959247868,1
140.82334613647998,-168.8684938876233,295.8539313961204,0.43192643711196366,0.6236044638561662,-0.34589913737915645,687,362.0,0.30261449888489717,1
249.01323745050018,148.71440780472676,131.83964250657056,0.5999572379818953,0.41191540462908555,0.3405238338033689,606,15.0,0.1505963242947826,1
125.42791535899477,-25.56423700143577,140.12798609635234,0.24355263731829205,0.3412065221341316,-0.10700238429484679,432,-6.0,0.12349972721171945,1
97.68721754598702,-94.35299215446373,221.34960572163374,2.5685378044365823,2.399847326999351,0.14794330905957498,4751,974.0,0.4743773586002961,1
235.36237781108707,150.89402251106117,441.2611285449543,3.139572261986723,2.4195689812589825,-0.03653798953053222,15,-4.0,0.9063269455928803,1
105.98843180693773,11.97649363568975,110.559603528775,0.3669257200871446,0.2727933595834738,0.15307710376205727,588,13.0,0.2136144078327565,1
159.4657642663636,-15.241505724733173,277.88622006705344,0.6097640321565044,0.4617633768374727,0.3806274649288808,343,-242.0,0.193944056203981,1
124.37459666681247,-1.6868114008431974,116.90310745224178,0.16559150956085977,0.37185901199162535,-0.3615862539486778,402,-98.0,0.40133908067804897,1
609.7338094507351,31.886365604262323,572.58696881368,2.978814684158245,3.0926540648270833,-0.046253803805030635,803,-231.0,0.2942462308157605,1
126.0379131672512,86.17641498425043,68.69856382077691,2.4193819456463714,2.0149299486522754,1.4338701585194609,9,-275.0,1.172117599294208,1
189.32846188080524,86.02689178896881,183.82999022458816,0.5870444862087624,0.6854152556204249,0.1373119597818553,253,-16.0,0.460061155345717,1
472.2129682564622,-141.1660712594154,594.7719280552266,2.9506774748572138,2.91467068762043,0.011433330773226391,2029,852.0,0.30024076678383227,1
202.4579182379108,-0.027267520589020933,204.27443385501016,0.9674039592245558,0.7291531068168456,0.25642034667819547,323,-3.0,0.07237020623017186,1
157.26497568185016,43.14437004105183,153.1639194320625,0.4154610835743576,0.5719132812597907,-0.3707705364553616,529,98.0,0.1717589707207966,1
181.93680851749093,-25.300181498185054,240.2231255844662,0.8965503162618285,0.8616171620404991,0.09150641615821375,438,132.0,0.1743459233142402,1
171.73713421125612,-222.57702429834953,614.0058205145344,0.6584417158266084,0.891106840011455,0.25312357090856763,259,-592.0,0.568142256765326,1
177.45677662767736,-0.6185738194351416,168.11009411707226,0.6681580573194834,0.6541021075079033,-0.284369952492303,334,-169.0,0.5148625747090438,1
159.02550626718795,16.38761720429119,159.80720061381538,0.25329856049553023,0.3405916220599673,-0.23386122849651453,555,-71.0,0.09425925588716938,1
80.15278876599206,-16.452555742768,104.89786534799336,0.20129121730456534,0.33296491378449505,-0.08109606479921411,436,-132.0,0.16897568014375608,1
630.1629360664549,48.124876188116104,626.0677749615461,2.665573486602779,2.5812870771935827,0.09672999190899034,1015,42.0,0.05466621655631226,1
559.6526938072018,101.60858868891142,549.7478416113174,3.0714924076472827,2.991111878751574,0.13138458354110405,840,-706.0,0.25682422227637103,1
183.12528190905664,55.357170835351866,310.5688634612731,0.882988709916736,0.9215427584905544,0.10597779407415653,231,-110.0,0.41393120622908997,1
179.78863058268496,74.89418661638139,146.11241971232207,2.3093709590046156,2.1345980497917267,-0.4884415065069354,49,-31.0,1.021621104518807,1
126.53538852727999,9.07711818808184,132.7866669478106,0.3334530544584994,0.327025140761169,-0.015686052214077928,477,186.0,0.1965982121960058,1
481.47317634482727,-167.70114440385146,585.9334050750997,2.5738017074761177,2.6475118777788516,-0.08722918965837456,818,-153.0,0.10916222499074792,1
190.04961047669647,30.63243242929437,223.96287445348017,2.7321787387981433,1.3149047739576105,1.9731659764799554,46,-420.0,0.6142075986216724,1
72.66708491607103,-22.17049271059581,107.13168647084713,0.331395132334185,0.31931511726577894,-0.07311830056051516,545,-121.0,0.24741628968613533,1
869.107734789698,-93.36155503148859,995.6184108158413,1.7650177449888327,1.688552485269097,-0.0549671793891231,85,3.0,0.30186499491104835,1
164.73606424727907,20.531959308574784,194.69212957569698,2.184796430456035,1.0657290598130664,1.4939551350959646,31,-113.0,0.7186195721785645,1
147.64489053790027,-18.544448559620264,171.63416727494305,0.33240225842723675,0.3098981797884635,0.08449716450958689,514,-170.0,0.18170538170106537,1
355.09630517807415,83.64749749510088,447.6186166378701,0.5601060240470866,1.035650966392033,-0.5952828684278525,637,327.0,0.28212490052922656,1
334.6715602488023,200.9397716350579,237.59734349540167,0.3833569612070542,0.38175787103430986,-0.06819041696133449,491,-162.0,0.22494210960895808,1
62.70341318449202,-1132.5946405955444,423.55961921763776,2.9093130669364955,2.635180518527348,1.6284141095248572,41,-144.0,1.0874294306365528,1
124.77140257276426,-54.70864183483789,155.5736857212305,0.2370779006988862,0.33996182403275454,-0.043391589359054544,630,125.0,0.4944708593325955,1
117.5207170670271,23.764185130405096,101.49474860940431,0.46097785088917986,0.3685395398989972,0.15469006880261144,557,-36.0,0.24626504670136262,1
482.7324070388192,111.6932864215749,518.129513076283,2.996613609974316,3.090979287358563,-0.4542469249937735,807,445.0,0.4152914903434466,1
92.36329452714246,-109.73001092361942,140.92615959669888,0.432153999675652,2.1923501084939523,-1.4928776252097333,468,409.0,1.7484323749215447,1
250.5084120446126,43.255003012772136,213.88641654082457,0.41646198750260083,0.5059216225193606,-0.10397340872492516,713,325.0,0.3077473376543864,1
214.08677361082408,2.2757316938535723,272.1588920921819,1.2780203903946892,0.8615254732406097,0.5401710044514713,284,-43.0,0.13535448451320553,1
223.4293861245084,26.301750005624967,218.4989325554853,0.8431679588758805,0.5556292557319049,0.47361352264787293,376,18.0,0.08819936289670599,1
43.38670088844918,-253.7859025595837,411.76879243426976,0.30823719914071257,1.423701184365233,-0.2003651542829572,392,-120.0,0.8488926925460036,1
511.14193854297065,289.29100674378253,309.96990724853424,1.8112974363538177,0.9970435835021106,0.8354952998491736,273,31.0,0.4524637849247245,1
81.83272912200567,-308.0774396998558,195.511129832479,3.4225797618424916,3.0813603749124914,0.0505525777448077,30,-8.0,0.3136726173981621,1
174.8484893145569,-16.444715470198076,156.7441795479931,0.48142630372091977,0.43404963141406594,0.15359355396237379,564,11.0,0.21815633594513995,1
180.7727504781363,35.25325961102865,180.5346237905739,0.672077384486229,0.6940583072306619,-0.4261114630777113,359,179.0,0.3370397428620386,1
159.11002409656732,42.639745761412115,122.94550840585649,0.20662162178359084,0.30977671007887125,-0.17030342602126364,701,-45.0,0.24388370997794814,1
297.81010623382144,171.60698809545892,163.5857331685423,3.25,1.3550455729852076,2.707810526135293,16,-1113.0,0.9193147448964794,1
147.85515094109172,-105.18055060872067,208.25228991325125,0.2979956943047773,0.5597702724532427,-0.22164226146552773,962,508.0,0.48004429340018306,1
544.5135125150189,25.088433806039575,556.4301645333128,2.75946975998155,2.992505708983191,-0.25093929169250373,1003,167.0,0.19439100554143243,1
161.77868005966448,2.660710151100261,153.91778844495383,0.5523710953161208,0.4459526323118029,-0.11587908727390217,976,653.0,0.580260283207775,1
283.98750644226055,-99.63220541579125,281.9773747018514,0.8972021882834017,1.2682751047163832,-0.8539051196249604,263,156.0,0.7211757817838769,1
605.100232672734,-97.5005560556134,632.4627106381106,2.4638899966811745,2.510559021566329,-0.04290451051705091,922,-123.0,0.11386611155605805,1
232.04489258079568,46.04319428737688,188.37057292422736,2.52504864666835,2.1321899840253966,1.1096906145477046,163,-3.0,0.6540237080926883,1
222.8867701758291,26.554658951672877,188.66760023810303,0.48802355716382806,1.069748900140584,0.13763860320674298,542,-239.0,0.6148405678569859,1
151.1130730633906,-31.306835998125763,164.54837548409176,0.6530059453096804,1.2206178823744032,-0.26277081011738657,230,-114.0,0.6617302902798827,1
219.73305020011017,152.7401856443675,307.55322468219845,0.5083349643666529,1.320187412559214,-2.632961569240214,593,525.0,0.7110816904354401,1
210.96825099547158,-215.05959107852033,251.82958808760927,1.4161180625221728,0.917041515493217,0.07205205345618904,848,476.0,0.5533771917954927,1
186.38638611179465,39.023872735919554,153.13091091652336,0.5790049237169116,0.5172952335826684,0.2550710430500868,429,39.0,0.27255373322426885,1
321.9704331495133,142.4372303751031,249.38429728272004,0.9477189736673469,1.1369778619821713,0.5281237341808861,130,-254.0,0.7753609325200085,1
151.97339556043673,-0.5831415960836068,168.1436680305843,0.33445040329894044,0.38316480653522833,0.08572365093471909,624,83.0,0.15592537582662475,1
110.85150140310144,87.84152071267057,72.1142566382669,2.0948567835487384,2.277155922175907,0.11868915886504383,17,-750.0,1.2246774627009176,1
171.56351408627202,17.6372929547764,182.81858392278184,0.6203398585657713,0.9343969644410137,-0.19583540980456415,517,184.0,0.3300696662963346,1
829.7204457345697,20.514138787931984,599.2488076766443,1.9494687157206494,1.9230044437455895,0.11066590811926758,102,7.0,1.4342863665041783,1
157.52549087946562,31.07485664055868,153.28376619735855,0.6295827156383275,0.6248796907030948,0.022552322312904494,306,-328.0,0.4820873055490102,1
204.1093820432957,51.20534248639737,174.9253783256071,0.5610926211734856,0.465933442081145,0.20380582881159104,449,34.0,0.09683579028637218,1
582.9351751868352,-52.96058443083234,603.136594817629,3.047331908058235,3.0596226186200464,-0.03877479062043143,912,-86.0,0.1788413741886541,1
425.09384851506786,-217.94314361790248,642.7244760943101,2.0132468679607456,2.0267114019311605,-0.46694910395338907,147,101.0,0.538342595352085,1
181.48932218926853,23.571824336486145,156.1235271088945,0.5710097478457179,0.508625508381124,0.023535211744329265,391,-82.0,0.13037454920487826,1
395.42174461288465,71.21584241278634,346.16563357448285,1.0874595149510105,0.9309043735440671,0.2935406588005829,262,-285.0,0.34743431964123006,1
170.35819291062697,-209.001675270994,241.2954337104057,0.637498456373449,0.771148758945913,-0.26544318862044736,456,16.0,0.33078336268579595,1
132.34140589016556,-17.31988079321144,154.01417507443395,0.1565227648112152,0.5074331350212244,-0.15508425576862428,1168,539.0,0.7946884526577388,1
94.83757762666684,-28.66654291762923,119.68171712811389,0.40451343289470015,0.35332469326652866,0.18295259698032876,666,-295.0,0.3529737483243072,1
174.853986585429,-6.033632723896517,176.6033251601421,0.5504478986791693,0.38314747911534297,0.19334875871422025,296,-95.0,0.2994305548936645,1
200.78102357512554,5.6334430813028575,211.41426341692772,0.31060930801556014,0.43995821603052343,0.061786592656391026,319,-30.0,0.10846009307740918,1
61.08769624484429,-31.898428942635512,97.60509928074313,0.36517268368868494,0.35726227368446245,0.13166394778992102,368,-86.0,0.19226766202216855,1
315.2132182304898,-87.0187892242904,203.19624030642126,0.5536422392943278,0.49450312469965335,0.05722320726244157,539,118.0,0.31619770358632204,1
252.07291880525955,88.05320889366524,209.24840677411294,1.061110000584711,1.083462637435686,0.5046036136890346,164,-326.0,0.6740273625065816,1
573.6528088510024,17.652405875225213,602.7595078349074,3.0305466711768623,3.046121440288658,0.0660277360015078,693,-280.0,0.17444732132363291,1
53.74669846840735,-141.0467059373887,86.03037278586602,2.261071526475399,2.679187091210247,-0.5438179252578417,31,6.0,0.3354295726315793,1
187.75826153594414,-16.213440028189552,199.67421850738714,1.0358512337222563,0.8164461619078057,0.3004950183901457,400,95.0,0.11040123378615674,1
204.4072747436941,-4.7840219735025755,206.59451489328308,0.9295658306763813,0.8458667366816153,0.22360346541786325,304,4.0,0.045481202150413125,1
46.9172205691844,-16.324959448058316,92.81777909277498,2.5589645644232903,2.9565373762527023,-0.04727436423009923,32,17.0,0.28737184121694864,1
924.2757567206984,180.1733712924563,526.9404162579121,2.6807622302049143,2.707619059785123,-0.19547953375307303,87,37.0,0.44586279784300914,1
209.53322833597474,-16.434728142218376,180.08304302568223,0.6721728047704173,0.7078492156306757,-0.3602845624115717,437,331.0,0.5258333356738788,1
177.64344824349462,18.14962550605972,145.1701034172949,0.2489067138252572,0.3480019597132373,-0.2911389981338607,608,141.0,0.13867944514317251,1
123.7690782331001,-27.34181219037187,134.33470376777794,0.7946564598384505,0.4529520141665436,0.44282357500876407,293,-128.0,0.27381107200754806,1
516.005867806386,-95.53798158196025,573.3417938192794,3.2899282914891868,3.121624580775242,0.25261890513363827,909,-11.0,0.07244300981551786,1
203.96757534723588,-6.9368317445864704,205.24407307913378,0.7761672144027183,0.7095423754760903,0.10911004186243212,342,36.0,0.15108460536137525,1
212.92950160615447,5.0443742310156665,203.38235933811114,0.9835766141183846,0.7956222220377114,0.3850540487520616,309,5.0,0.0872129554169236,1
170.3274869365554,50.76900455292635,108.31798004932497,2.506702215571513,2.946924784106647,0.1206771519001748,28,-8.0,0.25124042549243686,1
368.87399927854767,181.37146202233333,199.46009625322841,3.5778195311147836,1.1087882436205667,2.996544038411337,16,-437.0,0.5622819772167963,1
180.88761930932552,-12.381432044979448,174.82484515839346,0.3570991399649491,0.3396780355314475,0.04264402752003932,391,-282.0,0.19302579302811587,1
69.72255284339494,-355.6750598542892,323.07042007405465,2.818030335864211,2.7486737178040186,-0.5718677596000763,24,-6.0,0.4092059653014128,1
60.717473351976146,-1846.8213214437214,907.7760199670768,2.3685225277282065,2.01238106140027,1.0428047444824111,11,-75.0,0.6092646130817698,1
128.43825677137298,-624.4451060576189,335.3677404997078,3.30272275286249,1.9522448658438782,0.13334026207582594,18,-9.0,1.2608099993729447,1
200.93554582265094,-17.979730431842853,216.88963362478225,0.46387341747935745,0.49063055947577966,0.09753612217718122,341,60.0,0.08264418508935698,1
242.3860923227224,-7.223998476575616,563.5835673385293,3.0269868333592873,2.7661409296507378,-0.19198816607409075,13,-20.0,0.5497961709346607,1
188.60148245354137,105.88672240639738,206.7590474927753,3.210049780265709,2.8018903463496203,-0.030616998548142593,35,4.0,0.390638369834494,1
205.91899805407988,7.0134161246757,204.4369680814453,0.5819377940952379,0.35267363500940563,0.3153627191227492,309,-44.0,0.07881004198187651,1
179.55472399414268,21.825837852645122,307.8744425007089,0.30512019751075115,0.5603718562620217,-0.199166185082278,585,105.0,0.4910533657267541,1
63.294376051972556,-37.59423008919497,96.74140705936486,0.2873524880271192,0.4074719187874426,0.06002029909037729,315,-330.0,0.3055479728747076,1
310.31483242940834,-3.7528152448594483,225.08879598218033,0.6762545825383062,0.47591698041390196,0.008437927800920009,543,36.0,0.35057484341069584,1
150.16167924783576,1.0342008191341563,157.9120452412246,0.7101023564539524,0.5288789668083208,-0.06270863975806318,429,180.0,0.30184955931401275,1
155.14886944662905,9.405473826746459,157.26567052227074,0.19424897696736476,0.3271167339262628,-0.11494998048312016,517,-21.0,0.1964173734005345,1
271.44880768297327,81.13725464350799,403.4715289689407,1.1553888924749391,1.0476856782350263,0.6727654643448746,310,-266.0,0.26245592702683684,1
154.542502605304,14.31657536175777,152.81834595533385,0.36008497433401526,0.2664845822324996,0.09053778692537817,574,-34.0,0.3177206920232444,1
198.12589171306192,-2.3133448270021404,362.41052173561684,0.7524779392093204,0.797379986139849,-0.1730351644570638,368,-60.0,0.09113622788002394,1
604.5390723514596,53.21267586983413,609.7237688953879,3.129307360487214,3.0813390552589803,0.045623571517187766,908,127.0,0.20975473583347404,1
72.48251896530331,25.565298396118912,89.52578711701214,3.323231428797621,2.976964212000635,0.7642668643743304,15,-17.0,0.3314135027359655,1
154.6920371338794,-7.085447930490233,176.38753474565556,0.40888541265932493,0.573025769840789,-0.054832704559127865,607,296.0,0.2352090063553876,1
166.18933909752053,-2.2636994053574995,174.5198653892066,0.24790509391764987,0.2990571306001142,-0.03873425493804877,684,245.0,0.1756254725325223,1
56.42678177358029,-24.782650115108225,95.55154441631342,0.12558099126015582,0.9099131697090119,-0.03674915504614701,575,-91.0,0.587594438613738,1
593.071927053258,-34.902397846115605,594.0475735910404,3.0487867789432004,3.004601513709928,0.09377462053004093,927,-21.0,0.13214040385461223,1
46.95486065222285,-81.61057407234516,150.59377320884366,2.3840475760693227,1.6764457479879542,-0.28585416055364554,51,25.0,1.1754290637363245,1
174.71555588595368,-41.29726627549749,205.21754376748277,0.633163154833153,0.5646696211656793,-0.11085368637112558,470,119.0,0.20702189237776739,1
339.36190474705603,281.79581286475377,112.32582749679166,2.5018445351771468,2.068864304270897,0.6934691227305141,63,34.0,0.35451027671131435,1
1094.7359184164584,323.2942378411051,427.39775637024866,1.7222101619822825,2.6355468952754686,-0.9545268680698504,91,69.0,0.8550330921209527,1
118.0092367910133,36.75807957491419,97.91663550392543,0.11743841134432069,0.2765540898121236,-0.29422369506952206,837,421.0,0.2923124616211929,1
536.8975413719731,82.23267862565092,413.7960432449834,2.088408456551621,2.471078442765735,-0.1901703903467049,673,-156.0,0.35303847009465117,1
322.2615288688267,39.263703438710024,270.7134687167525,0.581007755669693,0.5387565349151322,0.12782770049772602,324,-265.0,0.2883261592371629,1
189.14193944423116,-15.481348384122555,202.49536121504468,0.5706307507281931,0.7429974016318334,-0.15394089598626137,359,17.0,0.08967413896568882,1
150.89121880666218,1.8250616667897361,129.4230201223536,0.5526604700673821,1.1258659254887848,0.11710141922499828,625,-349.0,0.8658622128423213,1
6.712765785411846,-84.59506520404929,79.98598895459605,2.521640636343319,1.8442141947394384,0.8197394474339816,7,-18.0,0.5263735631465543,1
100.62244236351103,13.02262301838745,107.14032307081206,0.09380599614646667,0.37056820644601507,-0.5137959907229037,410,75.0,0.2533659089014422,1
203.7634948161859,12.401478728295302,181.69269800797804,0.5838456166201825,0.45791392269097636,0.11142701013501377,579,-84.0,0.2636007289421665,1
675.5959551892041,16.67250761196533,623.2808407100072,3.0042860119410335,3.0802292391245083,-0.03023740515373552,742,-169.0,0.09611771358994091,1
133.23829584847715,-17.764669654191778,204.15669867232592,0.3834503241165214,0.4399295618152933,0.0052560455700139674,548,-139.0,0.3443072040392431,1
713.8658777851265,127.3794830691644,618.2237098692676,3.2628746929082832,3.074525059548813,0.21040442416853677,767,-31.0,0.11350309797105551,1
143.4062856028673,50.789727148128776,101.74351777616732,0.24279648079835303,0.3193983915849767,-0.25219174306582315,565,165.0,0.1677171448520226,1
182.56061594371883,7.49412818076587,172.14862619304336,0.3933875578144925,0.5845028101061561,-0.07549836704668977,400,88.0,0.5280548001492196,1
89.58447570694273,-2.021897827236103,94.7341039788151,0.36832768095104423,0.2808165539730121,-0.1391511021930239,391,43.0,0.40978119544742364,1
247.30184811608797,34.958673315784836,222.43528892922527,3.476949042448416,1.6710600824799062,2.033145903559319,42,-129.0,0.6671995510869264,1
188.5023344564547,47.4234006253038,121.06443654423443,0.5590314760738231,0.8646732662028722,-0.27040538003304126,392,256.0,0.677506097854624,1
157.34571062585266,17.717192750733005,172.696791788174,0.9728468182775648,0.6500022461535708,0.4890449588945162,380,-129.0,0.3820968276489455,1
285.0335905732902,121.01443033579145,189.67690948614614,0.8430011720087078,0.6940693893185228,0.6107148486038311,350,-412.0,0.4511593027578683,1
143.4103880569339,-7.317731412037801,347.43296976602596,0.5994647751938077,0.5551246166662891,0.19490295105353067,358,7.0,0.36729591407414336,1
155.33893873450742,-47.41970929113063,134.58794112452537,0.4805837090684068,0.39658090889804176,0.003902773898540546,312,-93.0,0.20480461829060162,1
129.29251999207276,-30.975175875794747,165.25511940637224,0.4142958744369985,0.6718232486261786,0.08704092176598222,473,-221.0,0.4991276640965362,1
200.6705550602918,1.9930119885300428,198.99303373398186,0.6372553158990534,0.7613386056318687,-0.0426857284759955,342,6.0,0.019762182555010423,1
63.783923435995135,-8.510228778720304,149.40151941351024,3.4235332098491895,2.944041248091522,0.6980526528513216,24,15.0,0.43461346465852846,1
458.62652937256996,-41.749688473975425,335.86324129747516,3.537546408422564,3.0359288996512594,-0.17019012452159776,31,-6.0,0.3371541535067625,1
345.51645485444817,171.50837561519117,311.570587351974,0.8766785279816549,0.47538925224118317,0.4299120060054568,354,57.0,0.4458739367594579,1
194.1820595344083,-8.178226220144808,174.04266184362817,0.3520352082104404,0.5520954744441785,-0.4725430320358415,635,337.0,0.5240933210220177,1
218.11445440254184,11.10191894577136,207.95770219455235,1.024541722306569,0.9717310451384849,0.1334366129005199,283,-35.0,0.07977202102230747,1
105.13205751983807,8.473952620175268,94.67194863198522,0.3573575712270639,0.2878431235691925,0.13765826553216942,707,-1.0,0.329042600321508,1
199.25752302192942,1.3020978048212726,205.05880418011537,0.8400933568630489,0.8146876476705666,-0.0991394722285952,334,-4.0,0.10479752745269157,1
120.50201077253575,-19.222303091601447,163.15572828855483,0.4401891070316676,0.5429937269470508,0.021718936296720226,395,-13.0,0.20475822552869158,1
158.5521502344693,19.749145618808456,153.91718346331584,0.28668672649563304,0.42266230786317804,-0.2599025176446644,636,108.0,0.30811303532541906,1
640.6808574600465,31.163342600469377,572.9278536647005,2.9774266774400724,3.0183251111636333,-0.05111165862751399,1190,438.0,0.22204089247737996,1
142.27432365299947,-12.2574038536861,183.76291946008206,0.39761113899649453,0.5458761736578837,-0.19103367965492052,627,150.0,0.22668984064912362,1
141.75002169184066,-31.50655917682991,160.22270308977147,0.3325165878971377,0.3176616880694941,0.02779737027111745,508,-2.0,0.12571398995760327,1
20.027096955783943,-110.18735820901131,57.33488735018282,1.8052202173822716,2.22371642594621,-0.1621095144046576,575,79.0,0.4099627896706465,1
95.13270007635927,87.64938530281138,70.67646845300813,1.5479723083288714,1.4855867761915564,0.04797230832887145,23,19.0,0.5359230832610382,1
203.73090786490943,-9.637991200796307,207.9450142782742,0.8018812761230032,0.8318774345135337,-0.05203029167210815,321,22.0,0.03975567697884048,1
82.87897426368161,-617.7955276075775,285.4069415080992,2.3101275052218417,3.2466259253637473,-1.1806383444306547,40,-57.0,0.6921988722892654,1
413.59619488528955,200.31592656828846,264.3472452250347,1.203890175773004,0.6495801538752622,0.7557222505775368,286,8.0,0.46774666051458197,1
463.65476816950104,210.10217911321226,311.74830415114184,1.2016918762949054,0.7835240000631805,0.5756862075496821,151,-155.0,0.4280097190067271,1
160.60209095649392,15.984197552710157,152.61030617993327,0.32408735922409376,0.5052850613162174,0.02266379948781927,593,195.0,0.17091345076165018,1
164.72356901176576,-70.19086221799074,291.3302329098636,0.3095593957892394,1.1494434674049776,-2.3859024484490825,637,617.0,0.890641629440821,1
81.9271780302483,-60.69106879736047,78.93397556121278,3.941428031846024,2.883845614584353,1.0067035026087052,32,3.0,0.24689865499361505,1
83.30021350861016,-18.852356857227335,100.54313357934795,0.26830155747061807,0.28342800608067575,-0.028734238891565234,499,-62.0,0.2835856577453984,1
549.6330758827229,-31.159188142117728,603.4414454568865,2.9890160477411793,3.079883969892489,-0.16828121750180802,615,-192.0,0.17058615118188486,1
149.92545974610678,51.12561759920045,135.55355942536434,0.3107695248304498,0.31173562771751173,-0.07675137186450914,940,421.0,0.34804408977090484,1
98.19880962033699,-14.973437437805359,97.01834538577869,0.24326122796103058,0.25075710916072275,-0.20567266775916607,583,162.0,0.17376965253272758,1
627.1879691145851,-50.70032295330225,625.3034240743998,2.5665106387885057,2.2693112854569386,0.3895024168802248,707,-276.0,0.1714529908115651,1
94.48574124992962,-27.121415450096976,236.40852427685223,0.27665216982660557,0.4434245030331948,-0.17675118388435346,493,18.0,0.26004181329131426,1
1311.2474023336374,450.0473665738068,708.8053675775602,0.9469900677395532,0.7660169895353428,0.19879276999846918,518,-173.0,0.17729400216503313,1
510.3369376505639,242.19964605751238,427.42553990910875,2.6693721485946105,2.7326496323297804,-0.2242753118389258,24,-4.0,0.485872557167058,1
178.25397973297703,-159.77484249919945,189.43834549996973,1.351579253478151,0.6555672566590403,0.7888908834314124,261,-118.0,0.2889780268422101,1
1114.606894108888,3.1064045127807276,574.9178490198007,1.9949458670013105,2.6388619345762985,0.04763859170772444,45,-18.0,0.8875525799879469,1
211.4871129800092,6.8158783728075605,216.31106367307862,0.9531943290931438,0.7232969792872341,0.38842431343876305,338,23.0,0.08944423429075188,1
69.46986756860848,11.208302430868066,93.86635048627356,3.5778195311147827,2.767382717205669,0.2567152005362927,16,-3.0,0.43719225266540424,1
155.40756458808093,-7.1755425751263715,135.91440229382823,0.17667747673282688,1.0325795488753267,-0.7813242514809822,1468,1283.0,1.086871164106717,1
171.23679738230268,7.450483204671798,185.54922889700384,0.8637497190350413,0.7976596732651313,0.24971755311972033,322,23.0,0.5672850366725967,1
563.877285538792,-84.47122597791974,613.6123823856379,3.1530718573350605,3.132869860547607,0.18381415060435558,678,-466.0,0.20148517563608465,1
70.85775489367009,15.288839833290744,87.93876757920005,2.7534343861887853,2.997069449594929,-0.4856635318000011,14,-4.0,0.3785162668326489,1
154.67217951678137,-5.090041931211459,157.51096818557048,0.42674853514081035,0.4338744265045415,-0.04952443745690982,364,-133.0,0.12578178133610982,1
144.4852314446761,-48.52342840460793,233.6642264378751,0.44713046950098256,0.5697234986721813,-0.25013781867949614,463,-81.0,0.14558716167438926,1
156.46628067071111,27.204891795162524,160.25334717911414,0.31701910103001474,0.41754947604959725,-0.07573706451295908,647,55.0,0.1672525419264382,1
210.2975731502343,9.912239989267306,210.77195646464412,0.8504651146871802,0.902690547588451,-0.06597394639313159,354,18.0,0.08123902948127533,1
158.18894064956675,-19.966522552758136,148.88740495867268,0.283685862635534,0.517061966349707,-0.2508097736577584,742,474.0,0.4157347918675642,1
231.35394369267655,74.307976515663,184.15193274394107,0.4941428048970125,0.5427530980732233,0.07616373245859309,571,-7.0,0.12239836823665659,1
158.8343161201979,-18.985136811869523,175.83108219608414,0.32208853415908045,0.4144148660543986,0.08364754037851241,578,49.0,0.2682195627134328,1
75.12073866269607,-7.83978706976437,94.06608977218225,0.45783074356886744,1.0335601576374256,0.07167657953173356,135,-268.0,0.7887401826169484,1
102.73519763612339,19.248671777156176,200.16810705497326,3.1887218755408675,2.574659972437683,0.24101909632077678,12,3.0,1.240053519116786,1
102.45599937048222,-32.250818352897156,108.74085714779258,0.11226284929620656,0.37045576794962176,-0.08743825395384103,655,-43.0,0.2667760468318496,1
278.06970952127995,107.73169551073391,180.17852541562826,0.5073252146434898,0.42441799195489993,0.012395189782869798,422,-179.0,0.185679703095739,1
461.7866797816019,-148.67637719878866,552.780478526851,2.894992574881025,2.9626063254270907,-0.2550051995630067,824,-35.0,0.14770541886061456,1
639.051666463913,113.18971967260472,528.2296176892644,2.8907212649928584,2.9777098994969102,-0.2803279420667768,1304,458.0,0.3690294965243086,1
568.0893399251969,-55.03709396079671,603.628077283077,3.1518079361865836,2.9843172119648416,0.2093090281684038,805,-119.0,0.11857758526366736,1
171.66578860713935,23.58847712308247,156.41169415266057,0.3612628839739584,0.3775951279213708,-0.09210515360405508,452,-50.0,0.2153896060405326,1
201.58913520378755,39.713465098723134,203.1709913567921,0.4237181715814811,0.30761228541285685,0.08705167733426278,659,223.0,0.28025658270770437,1
362.552012517092,212.50079926900722,263.90747052219797,0.5948209178855968,0.5177624142899748,0.29226610356849797,406,-314.0,0.3036726616673075,1
512.3943145181803,-113.4181125475809,568.0281966748146,3.0483416588070464,3.115389166546671,-0.0779416104065298,1041,37.0,0.1558690150593632,1
108.56261628594186,6.81952793740156,107.77283216299368,0.32786871415330326,0.3798613511636614,0.09976638310768429,286,-377.0,0.30325258412139916,1
147.50985691690317,8.402710348592933,156.33241556558616,0.4851814093579599,0.5134398697456971,-0.05711840823129638,731,275.0,0.3564879644545781,1
134.16544257432716,-11.675274325865928,218.8369684749394,0.486067979899826,0.6331597912997905,-0.1373367648602668,327,-102.0,0.48941473822685766,1
665.352819458097,60.17676679182841,602.3856368346861,2.840778605851073,2.9570838801848014,-0.18682742672971875,957,125.0,0.13395648066200133,1
123.68409142020208,3.182080647666325,155.44600774433817,0.6603569115710607,0.5634618990074876,0.2201678045393931,487,92.0,0.11883794177035703,1
171.67369586293546,-23.70302906358222,161.0553489942006,1.2502829319909492,1.2049988065475163,0.5056673951287417,165,-411.0,0.9302818256924678,1
135.62457678451295,6.094859141907904,150.2020007747383,1.5325375993884787,2.270756987576918,-0.24925336449821178,476,62.0,0.757388239856185,1
732.86928855499,143.32380402676074,654.2652501597611,1.9777970054086642,2.2763350681476973,-0.1469263935480185,994,220.0,0.10395010806498944,1
58.62767788346196,12.899356480804293,76.58195489311463,0.4032528151923227,0.5485127128528877,-0.18264323090476808,412,17.0,0.11356031146484728,1
160.03639711015742,17.7646805904663,137.79459748363936,0.3094959343220596,0.3107274931544182,0.05072194491253834,450,-140.0,0.13262533247631791,1
135.32315309068198,-5.67881834971746,139.29027459500432,0.29494516850698294,0.31696927079285836,-0.11254469052925753,628,77.0,0.08935490991548271,1
50.481703059128264,23.094549291947168,78.4981403756299,2.774397470347699,1.6914137866373484,0.9956386405333153,16,-15.0,1.2816860549875886,1
510.5325942520942,80.8414770627029,319.56959242291174,1.3312396039500343,1.2396262987171256,0.1889970521900921,246,-64.0,0.7388028130235246,1
116.97960508657978,-132.0336323639204,133.02434792729207,0.5536021333300452,0.4596120003558527,-0.04635510465185011,347,-259.0,0.2181750366249648,1
370.30001430153357,338.367667997442,155.84008510349213,3.175382623740968,2.8817741154196974,0.23555360627456556,26,9.0,0.542306646692982,1
191.29320478475498,73.41060397356658,183.71284968990236,0.327832749758546,0.493329485568106,-0.16562283075272444,553,145.0,0.29661629011876434,1
164.83291313073363,19.53024109275634,148.1327436776473,0.4797949375827332,0.3241024350816365,0.045836468178341805,546,25.0,0.3291690420616374,1
75.26008208576148,-11.267216527024942,76.91398446987776,0.40187477230226115,0.36555767267033606,0.20001115255486876,300,-362.0,0.25599012204239463,1
148.44643617830394,-77.5885288757718,191.4434533601827,0.5621403224248466,0.5509017809828702,0.10687932657550597,615,-45.0,0.18431462434214563,1
670.1373731130484,197.9244048565862,616.3128680163387,3.1980856482016535,3.001577424315743,0.24740817334443976,778,-1251.0,0.3572525637862225,1
593.0410795524782,185.59313603739747,503.3506869221277,2.8601669116728456,3.016779035320117,-0.28442428252314267,1356,-97.0,0.18531800307918994,1
211.1480071208726,-77.68779602944329,194.7394574118796,0.37185383637222197,0.5640965443122402,-0.27181945212546793,670,158.0,0.20194873927039333,1
175.11634712048485,37.6977377402188,160.11790310561642,0.38105418588680184,0.36759930634009824,0.06190161251818782,828,139.0,0.3076460044760304,1
592.3621595526064,88.10144539258249,713.3218723770065,0.703003781349084,0.9502063191100205,0.16758808758568755,355,-2.0,0.09669471043905206,1
650.8546347960826,36.585999084855416,534.3834906766067,3.299914343398156,3.0762894401751604,0.2831073667989301,953,-100.0,0.367879044707078,1
245.20405384215613,-13.029832259277356,220.35694436148793,0.48329010407671036,0.5042623912776533,0.04713790734545925,484,-115.0,0.1718902285763629,1
44.08034622228963,-142.9567490288931,144.7997297212327,2.873140679513133,1.8860699949376472,-0.2589081482738247,13,-19.0,0.8887766962373875,1
211.24051792414753,-108.05425940829537,223.7645434901946,1.0201011529351809,0.8972901970454661,0.3681083065160409,489,102.0,0.4752870627855309,1
212.16872871129786,0.14433473123790463,210.1923748151765,0.7944999943986051,0.7530068180793099,-0.07332703223630488,291,0.0,0.03795897772582563,1
208.19002637726362,-3.8216479126566014,207.20423372540358,0.47403485867049944,0.7776240547993774,-0.4290730396815772,303,-10.0,0.08519109756599393,1
110.55470001543004,-58.76474619444083,159.5388117367359,1.7449085406540707,0.6755790539921462,1.3250801619328978,68,-243.0,0.5621573425052807,1
222.67811973102243,33.02226714326301,156.1806922552708,1.3325382050318646,0.7600740821301422,1.0556636117517688,89,-679.0,0.8839125193574765,1
110.98490167502518,43.45223189510824,98.21716042369518,0.13847131163406137,0.3194162016692362,-0.20164283884713594,930,490.0,0.5125091267423384,1
194.54505333669573,-21.93722000037721,167.52086835531384,1.835427085072554,2.924464539587965,-1.8398837838398099,36,13.0,0.41084305816654515,1
329.6184324231604,183.04938966880283,257.17879433222544,0.49868524725697044,0.3808106251379225,0.3157462490822987,484,62.0,0.2203240933759035,1
635.8957596176675,-4.488772719117264,581.420675917903,3.0861066986786665,3.037454278988192,0.05253904149784194,998,-40.0,0.24100235905510714,1
179.2358828490553,-18.646395500888417,175.24340999615742,1.021284635232371,1.268099422636393,-1.8530626395836196,84,35.0,1.0107353612049035,1
336.1409256971009,134.75734164286223,229.13227211044267,0.7582343706636848,0.8450213985022721,0.006704885727200516,338,-12.0,0.07075742464802208,1
55.344970358151215,-54.86367224115344,94.944263208744,3.007196489685618,3.192503679103372,-0.5517567203196885,17,-16.0,0.27023771339978414,1
36.27385633016188,-108.85804593180858,310.1222889367764,1.8615070707589396,2.1122578139710138,-0.15112334035151243,35,2.0,0.619278877946773,1
154.42908767707272,-27.655579973749667,154.18327810346474,0.21210723189781222,0.4676744600064269,-0.8554233706125923,1031,930.0,0.5995229093542707,1
150.5692436816269,-2.9952337610731377,554.0645994320672,1.8518808663746245,1.865490720993255,-0.09802008905216564,35,-124.0,0.49503091968661145,1
143.43479860854356,-5.524265059844481,151.97069357874335,0.358631866165817,0.2902901883378065,0.12214397840439525,569,47.0,0.11071687936771094,1
183.7896137348836,49.85163550886821,146.18403488235296,0.2647378629235864,0.4271936084744311,-0.2195369674400941,539,66.0,0.14171832676853982,1
162.57405214536615,-454.58969252576765,515.6595477757312,0.9042880771904589,2.0799484771639256,-0.9378048336735065,94,-7.0,0.6018208671341758,1
96.27061467550729,-84.502135802629,165.62662178029746,1.3103073067140767,0.8798195230095402,0.6382299222278477,64,-295.0,0.5840300997215693,1
94.90637520786694,-31.914103599514846,100.49537370565034,1.4469952737692928,1.6636076141896257,0.988187575845838,165,-450.0,1.365391196498471,1
61.806458151899065,3.551910805778718,98.86698670069009,0.5288141356166326,2.2088098625130796,-2.065033879480664,305,272.0,1.6127829658973918,1
145.28992312754664,-44.75968734914983,174.17009443106477,0.4949793072064606,1.0003775788261597,-2.2371994315916828,506,460.0,0.5315452764470103,1
180.40117504500523,-7.088556335913438,189.6182704082026,0.8539240896206691,1.61938672442582,0.08868453878545324,414,173.0,0.8930734179687647,1
188.13571480374756,23.399650556468487,171.11856901597343,1.6344538232743446,1.172582303883073,-0.5503426071816906,118,87.0,0.911254860575657,1
147.31411534398106,6.01856028875082,184.36125881827186,0.4902730597819066,0.5980295739156377,-0.03115482682278259,364,26.0,0.3293559193741864,1
193.44260341591388,100.59917768569186,318.52781665825125,3.961249639856967,2.7271130555322425,0.37289529268373345,49,26.0,0.5873965812323058,1
600.9525103177228,40.99803856124538,578.5109614135197,3.1062602980108505,3.090366990619395,0.06969656640141508,878,-113.0,0.1338666509477406,1
565.8402581921872,-119.77485672315322,626.7793596769454,3.0945694602657126,3.1565320873579927,-0.13477138659022136,833,-24.0,0.08074694479875116,1
71.01149006393615,-45.268220256702946,98.3205047885413,0.2766164218137054,0.27375420055635075,0.048710147893533645,461,57.0,0.25030105581196377,1
153.95293737115819,31.02055509437608,242.97007125914803,3.431623565847431,3.3575275839326593,-0.6726793659281873,19,-16.0,0.717127615635399,1
157.83803037560176,20.269052566696956,151.29839241892643,0.3552847951031581,0.47289264682072146,-0.27797365826868675,445,-70.0,0.0816861382914409,1
212.85299959419862,0.34277576171251667,213.74299229871394,0.5979647722051322,0.4466755138439254,0.24145704143441604,299,-1.0,0.06364274102804204,1
215.57816639729862,52.85709868895637,199.48217492934083,0.35702817078468896,0.35236659875311177,0.024419341660479765,358,-157.0,0.2406998731012379,1
200.51811369224757,-7.121062164205767,202.2860152306617,0.23904586679601408,0.45882067299884816,-0.25761380402473594,356,64.0,0.12239391966296956,1
266.14029053190234,-14.423593013503478,222.35072677431054,0.425778563375665,0.48441503139744746,-0.1802533731247269,501,-101.0,0.32326433352352046,1
46.574015168212505,-23.148537675182432,210.94715402628344,2.8035088547976788,2.8082144611265574,-0.014521481066532171,24,0.0,0.42388350455993395,1
108.66295901797504,15.484861533816968,102.72719482683115,0.22666950270546948,0.26894323410296134,-0.11430219491703902,564,165.0,0.3916798493273575,1
267.3176287660288,-209.33677430959,233.99809886688882,0.45462132855404797,0.5809630144636286,-0.027660503026815275,558,295.0,0.26289488258791,1
150.34230646255284,12.865685651287833,280.41658274549934,0.32022766272477493,0.38984871580424824,-0.03864425509879077,527,51.0,0.17934896872631867,1
36.3899488004919,-839.1941156049942,805.5422401237103,2.660129752633257,2.1555177062076005,0.7764205417096306,17,-68.0,0.4218095649414711,1
354.9500842750566,120.11880581666296,219.2866692548965,3.1416354077249604,1.4301346385396339,2.144075980535319,19,-296.0,0.8035824353736083,1
135.26109835737023,-36.28797179511065,166.43809446288373,0.2578970880362411,0.4965424502663744,-0.21535492179799032,730,234.0,0.4486647655777011,1
107.5126319270211,-5.603257273279837,101.4947186622195,2.2473104065160854,1.980905569418924,0.1316221993963711,33,6.0,0.40956550938029596,1
120.64623580970844,-49.49570995928123,153.6273467061985,0.5704594942745809,0.5003326745588861,0.04472602418489591,416,18.0,0.2849627636038298,1
196.33211122415622,21.444346298732512,168.7416766422357,0.3503849539570851,1.0604827322386596,0.02155610456135354,781,15.0,0.604968715748968,1
191.89337087480058,-15.584704390940033,251.5817234516281,1.8269905789879228,2.423956809523378,0.04871729616917797,59,-71.0,0.5732218757108468,1
130.3351449149461,10.051059415284954,115.1394736635696,2.1556390622295667,2.55914765522546,-0.42911109683078186,8,-27.0,0.5077523791171762,1
190.31155303946528,-634.7083682807046,380.80669125877665,0.4826234281300646,0.897171142035783,-1.6406622831782811,576,191.0,0.23938066312461648,1
195.26994750789743,111.59517558934779,187.416261641287,2.165970351000175,2.606790282956042,-0.7652385979101481,39,26.0,0.5083305807378381,1
929.2180177802593,426.64241329159455,357.27551398749677,2.0714158428655502,2.6385246128857025,-0.668538804556813,51,13.0,0.2768042188883494,1
191.29623779938998,-154.22021705505819,289.1248541484871,0.7617203261740197,0.5663478869374726,-0.11495820180763516,191,-163.0,0.5260625335398993,1
243.92160929136628,99.88118072449345,155.7569410103494,2.9689185639620974,3.0207711453442614,-0.3121175485913259,13,-5.0,0.22019952473840956,1
505.70556382538507,-77.65581653502238,338.4602005707312,0.6765892781019704,1.9519342453488082,-0.2641251134822269,108,-17.0,0.7501440138879795,1
210.486004495787,-74.20516763311255,234.27293349862066,0.7957429511360911,0.7286113114257786,-0.13173035854574988,597,93.0,0.2286068474556911,1
659.8067143777868,95.5141204034378,599.9661142836106,3.267877668530022,3.1682727489492817,0.09411824876249897,1133,42.0,0.23823703214052872,1
149.91737307876943,-22.96148699503101,206.41012964867622,0.7998152414637124,0.8334881172746815,0.12228298593603504,386,194.0,0.8041542937222358,1
350.2014463380204,190.2220909357302,214.25590398095883,0.3795574621481676,0.5458920622261384,0.14526257738018736,580,124.0,0.10363116719639567,1
182.68103083635833,-7.081106903675533,171.79404911245496,0.4352320737398713,0.49553767023962514,0.02607999630563468,476,1.0,0.29657795878880766,1
82.64872891438868,13.971122447748229,92.42142472802433,0.7308665676161722,0.6634950164468342,0.1712238736349765,487,91.0,0.44789576872088954,1
156.94691612241115,-132.23431882708138,185.43903864297596,0.6463348996653703,0.4914273939661144,0.3463532498366081,331,-119.0,0.18031944523050503,1
138.5538538935302,-16.61609180616631,146.4245977084188,0.42987389405009374,0.3824151756894974,0.05147033121648914,319,-338.0,0.2459688340869956,1
281.2737021932345,151.66099454175185,169.3334431157033,0.556966500941574,0.6351654332788067,0.3304922654157397,388,-229.0,0.4559813848568438,1
172.03181030486195,-5.424966322815408,173.60063204767613,0.5903515901524157,0.5864426419867877,-0.07780646716706774,490,156.0,0.43508982983470107,1
96.60534450876006,-10.469190689690706,112.09880552581532,0.28238728210377945,0.3257789479700912,0.014111143578614593,568,-97.0,0.11476217700508867,1
67.69345875497346,-315.89641110015293,195.66250511084095,0.6429400714862168,0.5860765964684701,-0.21917740784033146,226,-361.0,0.35843633068379605,1
97.79463758320414,-12.593962931643901,112.808634511634,0.48214750249200883,0.5420496398551149,-0.10010293919785423,522,10.0,0.42082871263374455,1
184.60145450721978,172.29167740749543,133.6919241692288,0.6809916481770659,1.6459318041722586,-2.1613793450000434,305,291.0,1.0186286576569172,1
137.5708342795396,-19.69239967006027,146.66518362308005,0.5171309099035538,0.3004808683383548,0.23712415930380448,363,-293.0,0.21962242072318658,1
340.08416556702764,-30.08098228780551,261.5584900018189,3.64124980045548,3.1390156540528418,0.3065706594038846,22,9.0,0.37536642982652035,1
115.91599739742448,40.22037283298711,97.60481512838993,2.5877966385623616,2.5943550009152165,0.01602126480627275,5704,472.0,0.21823164015482482,1
151.20963736773663,-35.44337782067092,162.65128183670564,0.64147036550884,0.5830980154722432,0.2236339818080994,310,-154.0,0.4503529182070039,1
297.33823979737895,-282.0136159131846,304.1660030110436,0.923647309857228,0.764874160904401,-0.08063711231663606,287,-41.0,0.30219814932298444,1
78.94346715160893,-301.42151808970095,340.4798451711446,3.392747410448785,2.565402325764218,0.07026038128606782,13,-16.0,0.7565746190254464,1
199.03352149241218,-329.7026288308723,320.64809076463337,0.3908392299268702,0.5584082868962904,-0.4324226650304171,346,-8.0,0.21329420225104098,1
633.1798851036535,-11.806547696417624,637.7782339593562,2.8097059051704787,2.6667568921830784,0.12096878383208098,1773,944.0,0.2889201102129109,1
247.35446563464154,108.79194238350911,182.10173747727472,0.460235266563292,0.5977297869987664,-0.13897493119048582,532,27.0,0.1865499695960975,1
174.36365329454878,32.593573392068805,162.52113151326202,0.2399876253753952,0.9113392980541744,-1.8393329384886177,1117,1042.0,1.0572773239190745,1
127.23505664379522,96.91959623020846,124.29578290268662,0.8563949332133771,1.625380730903477,-0.12165712266336692,238,40.0,0.8811961657665535,1
256.9900065713836,62.750089460338785,163.68014173935762,1.7358475533497906,2.107966945499336,-0.28948196586753205,61,13.0,1.4185760587001521,1
167.7535607542064,28.960096463057823,239.91315623928023,0.591217082730293,0.5510236040413126,0.07319382063282265,583,162.0,0.29437001950389974,1
512.0756793532003,437.92586104219185,145.6293399434563,2.6862941206511066,1.7317906869651865,0.6460701917092546,38,23.0,1.1637850954906046,1
162.28731648855174,-10.261239584163803,161.65068467316644,0.3463855777926009,0.5186051913334009,-0.29696979328588574,547,101.0,0.19576637114555195,1
100.29394912287103,-2.1369825248603718,95.95116639982693,0.34109601837955694,0.40404387063046154,-0.3115959727397305,474,99.0,0.10300308429071232,1
75.69562456443737,-79.51716456372944,89.67027465177239,2.571775373756089,2.5959340009160163,-0.09091151458195723,5232,1411.0,0.21962763935935783,1
133.82175823003726,-31.607603000879948,237.35332422116966,3.1018812234760182,3.1564967967605724,0.1433175581168169,17,-122.0,1.284940559163098,1
111.84364259229126,-44.6181870786893,249.66840603432343,0.3848644314115388,0.41909255488378616,0.15476588588683615,510,90.0,0.21624990031612895,1
104.52325559755668,-21.77756084058089,100.41269545959103,0.3841746469918781,0.4658660278205639,-0.07428465054219119,621,15.0,0.32351760626639453,1
48.44910273220295,8.571761033534258,65.80490546591088,2.4225797618424916,2.808419320685865,0.1647561602957448,15,-27.0,0.4998355860484266,1
123.1044819224213,3.4045808091346146,122.88357772666305,2.45075141803484,2.2535565460804117,0.6623009607265504,35,21.0,0.38634583592884686,1
211.14499838474453,23.948109803449057,202.51231655335818,0.7118486690912732,0.741905018158124,-0.032294992029962,316,-52.0,0.07993091223255776,1
135.60451074110082,-511.205298239934,261.47737909925183,2.871653522439334,2.932201350164066,0.8541830654612199,24,-2.0,0.2533957080460954,1
190.27763997941037,57.95617006302703,147.91568673650482,2.5063584797384695,1.8199952991138346,1.545365868388862,195,-216.0,0.7207470958331901,1
638.1956298732825,119.92375279970736,540.7856725968263,3.087742051269226,3.0113342742931106,0.04437727335594577,1292,483.0,0.35828770196449117,1
149.0830690457679,-51.5449074538312,166.56276875951107,0.3983984462602838,0.39946976929791556,-0.1609712568775376,412,79.0,0.410969946455694,1
169.31944620987088,9.000589100235572,171.4204520314467,0.4198283787211729,0.41131880064549026,0.09456796513709215,311,-286.0,0.27860356647175605,1
150.70844199501147,-14.51919315196281,203.56427741993593,0.28839688952548825,0.3387282269704256,0.020454986969811073,592,24.0,0.10500271790477572,1
743.2337200104126,103.90857296700699,695.8376429132744,2.010295683567791,2.1229981747462183,-0.39856449027054985,143,52.0,0.24937246238688576,1
104.53643406590957,-3.8429758078447094,100.13441610635292,0.514196864930271,0.33036091416627866,0.31748659201160734,445,-209.0,0.20095826370360734,1
289.3790496476896,-128.9541267832929,355.4484976439,2.4056390622295667,3.1051671173714115,-1.530541371900188,8,-15.0,0.4781704486986519,1
199.1581324199049,0.1948308979737874,207.52227192184327,0.8039209000875902,0.9152680497657212,-0.4756651653282644,320,-27.0,0.09496897433682695,1
105.80952962504969,12.248195475759772,91.50318642085082,0.1957735274593604,0.2754668114467727,-0.06073533984760984,563,271.0,0.3836905966124605,1
663.7036756111238,26.700186606778402,623.3833066991128,2.6179562927015696,2.548051679304664,-0.02338212464814937,951,117.0,0.08071968762751186,1
89.963553808154,-9.852864267844254,139.25175978347167,0.49355149328718595,0.38609401969612644,0.3085809394705955,621,-23.0,0.4074756984829885,1
314.59407658552453,-14.537030307759153,269.64351556386896,0.6677819027661568,0.7533969420137258,-0.19825328078762738,392,-118.0,0.15286298109331284,1
207.77031003322378,-5.159191572930695,203.01094243402835,0.8914702563662598,0.8227957790228432,-0.09210635775212483,304,-5.0,0.09069351923887786,1
118.06258130985262,-45.302889403151966,194.93426522487735,0.31474018225521205,0.7706595226871562,-0.38396619091619755,421,128.0,0.3837524132350769,1
259.3855193441403,-21.326739827025165,189.391406595668,2.9311090919354874,3.0544841408836305,0.23872848948051306,19,5.0,0.25325807300224384,1
760.6249764997751,286.9549702341826,643.8642352523436,2.1873458803281363,1.4284060577513216,1.4840264045214777,84,10.0,0.17695882340602928,1
319.73630771859087,-461.1198892406122,466.9685118569978,3.1280348667199664,3.4967956118801906,0.090280847609296,47,-81.0,0.9319576588973272,1
105.22856120257646,10.702495254856004,98.73097219707128,0.20690566493940082,0.3312925020225791,-0.13049098522688113,539,-27.0,0.24468488371814062,1
97.26457509832497,-56.43753049036661,121.52165121795801,1.0921588203950352,1.2773388723834114,0.10354025241234,268,-387.0,0.5292749911420772,1
147.96515620839486,-108.68821849564509,219.12301929213058,0.267068046325656,0.4430286086706622,-0.18501887049426563,432,-112.0,0.48894193832199484,1
95.1516928213913,-24.663427542374663,408.0420925619161,0.38242419792467314,0.5558814483477944,-0.1410188593032145,540,22.0,0.12978331748047006,1
204.99324724547168,-87.08402346417589,262.53687643803823,0.37598309379996436,1.8869981688984871,-0.1971986487256701,433,-129.0,1.1206794973044196,1
569.3578259154841,145.12497622645606,563.1647591620397,2.8681784214349553,3.02758152967172,-0.22157831364422798,960,-731.0,0.3447505946513087,1
191.66908737860223,-129.8327521465764,291.05939027942577,0.9001951404781036,1.3428063380197404,-0.9607579672801075,162,104.0,0.46954571541491114,1
280.71225917116544,211.2376614883908,146.06961296863327,2.6923806024549743,2.8934252392353157,-1.0421410623247769,14,-3.0,0.2035193158301132,1
200.2248308032113,51.05003550107125,182.44591623517744,0.4676969024868626,0.5065827120577506,-0.024642195835509584,503,66.0,0.10891527470286648,1
70.83174290153488,-188.5537764426054,186.60582313269452,2.9477027792200907,3.0196390777501763,0.01659368728460331,9,-10.0,0.279036779649609,1
124.9952489503918,5.852164634560637,109.82941691542877,0.38460483431953046,0.3465710033330307,-0.0601808832357687,551,111.0,0.11532379962631605,1
97.11398474502964,70.42493164163993,85.04270440968224,1.5617677112802772,1.8556127532683142,-1.4602874975939237,22,10.0,0.3694007777736415,1
35.93364254659784,-196.39854398372168,129.73534600631695,3.1068905956085193,3.0802241893141633,-0.21797236200883718,15,1.0,0.15525681785095635,1
69.34154190026767,-120.68000945690768,150.74828973902567,3.3866309714090574,1.5053494052466312,2.662302016048302,21,-241.0,0.5501795750318044,1
141.75415986154647,-40.76958180882161,162.11488395045868,0.42954273090629325,0.421413440176595,0.15632404460342347,522,-85.0,0.35906243816105105,1
177.69348969081472,32.797360984687,254.30672702019834,0.6172715286256586,0.5278372776237542,0.1374829984616156,448,-98.0,0.17810089037043444,1
192.4373616679621,25.758790426845934,180.7096542803802,0.15539855033879785,0.27778812746677006,-0.13033841805616558,707,155.0,0.2620644786824723,1
256.9518133327726,-14.579081097190453,153.82638198982787,3.0778195311147827,2.8157089559026733,-0.3068503478446716,16,-17.0,0.6265605125536772,1
603.0472065115385,35.49430447157124,549.8675893372392,2.845526172114553,3.0221619184005584,-0.1452626017383274,816,135.0,0.15108435997572162,1
199.03524367234343,31.065185740938432,196.42011401744384,0.4776470615448989,1.1224292174748938,-0.2127156816873811,445,2.0,0.606237778520493,1
508.2145492551039,409.40831219756734,197.36295093693033,0.6016169037299272,0.5288527336475346,0.051916456423102164,584,-20.0,0.12171617500728306,1
238.75022587919764,31.221499375187392,207.32816075683886,0.5207720865882594,0.4111683057666597,0.19727279096920458,483,-4.0,0.15577809211975488,1
58.26156513774041,-16.115243897214974,123.26883163996646,3.32110433057849,2.7868809847651854,0.2361418298573339,19,7.0,0.3844039982677894,1
149.07592607640305,59.77649682272899,147.05755542690304,0.9943744799207457,1.15439971544638,0.5530419068768602,165,-186.0,0.5178157704724726,1
161.86957618802506,-449.37954205235195,211.01475288308967,3.5858613161785464,2.6824213223701263,1.233078536201194,38,-1.0,0.10985385046606394,1
167.47975663927454,14.143392838260837,156.54344354624345,0.38839171461319655,0.5004015686839158,-0.027640331447753186,450,-73.0,0.09550016550818309,1
279.17191835856266,-6.17590689607465,204.1177014519477,3.333660689688186,2.3742125824571176,-0.22299601777463618,25,-3.0,0.7757262877458352,1
556.9932272644387,-29.207854615536462,670.9931347334993,1.1502765307433134,1.7980215230356822,-0.04516525548138439,123,-111.0,0.37047206605417715,1
187.48973138091867,-44.73614869061856,196.13383321046837,0.7652395508352159,1.5751509906825576,-2.3564139716041175,241,217.0,0.910805669001848,1
199.4097294621507,7.517379912876521,202.26479001248455,0.7464931388566334,0.4822512655480929,0.1946147804795323,333,-30.0,0.09345448179459005,1
217.59413366598167,4.105870143085525,212.9345222740631,0.23542319946795068,0.3594387339677869,-0.26647645419449506,303,-56.0,0.10961129230116902,1
142.44715769898434,-17.267693071160068,144.1616932364246,0.49971275737697163,0.4282098374936264,-0.039292989361981445,551,107.0,0.25938522864856756,1
135.09154842174274,-29.515550346574997,135.59095865203722,0.36130673043919076,0.33817620947361965,-0.07844791452953054,474,-106.0,0.3067464727316313,1
210.39089149205412,4.196695706336783,204.25984815265315,0.8211524018731102,0.7802667691566514,0.0629502047558449,303,-6.0,0.07679620674341979,1
496.34830797132446,-158.54603300491902,588.1222607794505,2.758458692378811,2.8766461094427687,-0.16248621460378,689,-669.0,0.4049567858985582,1
91.45329737084388,32.37937423159632,69.16503055055944,1.5143029514736246,1.809033451820945,-0.5911076355947897,25,7.0,0.4925310750229138,1
81.45735117283567,-72.02110278989187,103.94716475899068,2.52316759764275,2.4969910141977225,0.05465850651809934,6500,1523.0,0.10045593942473742,1
152.6707072680798,2.8192601225545673,141.72763263975463,0.5192883085136744,0.4793491099819036,0.1826027862713911,403,-259.0,0.2718423987229382,1
338.87584145163424,67.00340620788518,276.77419676300565,0.5081243406660824,0.49364146914578005,-0.09226066871316574,596,51.0,0.1639710641767182,1
630.7848932023692,143.54303174768887,570.1611827077725,2.7009059758984044,2.8512980316749883,-0.15435626709178418,778,-20.0,0.13323683666541222,1
857.1571835383133,147.9872675919205,463.31501939898936,0.6295184310319217,0.5287346437124343,-0.34038912933803256,332,-109.0,0.19280944160439834,1
132.32146991638334,-41.640826723619426,147.86446901205784,0.9609926113496076,1.4635893942382916,-0.040480166231401715,411,28.0,0.6777454170935036,1
685.6151149153404,68.62979565016803,627.2291760235473,3.229340846855934,3.1679797825421665,0.25841973952999453,857,3.0,0.08932609749697322,1
248.49542939340364,-157.04933991751307,262.4487917397484,0.9143230535290015,1.2550671614262465,-1.7743982263404237,247,160.0,0.5255769597951649,1
21.56225075077846,-45.845865723921136,228.2072229138903,1.5056080215099275,2.9487513397667504,-2.3183268747741286,85,61.0,0.6330833395714535,1
145.48614433354533,-28.176504307640812,193.45530136656262,0.663358420019087,1.3459940722265173,0.11784654998079247,543,-211.0,0.9616931935240857,1
100.24129007165578,-10.563685420475068,103.61707654142317,0.14073444757459883,0.2669527520038855,-0.07095901359154769,968,534.0,0.32327446383158825,1
145.95929663919398,-48.222762895214316,170.21558637460575,0.3349313538756214,0.5547796940945217,-0.01710385433481898,662,27.0,0.49162199323360156,1
677.8882920678874,-4.144496350514601,645.4835154903762,2.177008221908281,2.1841922633747957,0.02499131679475397,983,314.0,0.1511214521092993,1
46.899280730958814,-10.37117250116303,147.84103682275253,1.838839957715516,2.8507208254628034,-1.167910843095704,23,-20.0,0.5801969409079457,1
145.04152664514933,-23.340706063973386,176.14050116140834,0.6250271837249806,1.3332181243058472,0.29467841494115565,375,-652.0,1.0003461980229178,1
145.89645550414082,-41.911299609553964,119.76348045184193,0.23619283097591803,0.43331701500554,-0.25079106819216196,473,-45.0,0.12927963889578406,1
639.3739766812906,-30.46621220441307,602.8673486938189,2.615667740633074,2.6169857903626346,0.11219831535224323,1196,298.0,0.2315139349905651,1
196.68188968745588,1.7958537826183658,196.80219629610988,0.5469435124165926,0.4619364958874,0.15390312455026844,303,-61.0,0.1082123284838691,1
651.788098157674,36.72802272486274,623.0425297724494,2.7497533705070025,2.6473148051251045,0.028784017555631536,1035,113.0,0.07408346556292658,1
658.3228883747327,250.6505710462535,557.2351667094712,1.7937942032872856,2.03756709529602,-0.5529493009229369,127,-65.0,0.22201821767536606,1
714.6806955957206,-2.29681565209944,681.1406063004255,2.8772325536116954,2.9245929564107342,-0.05825612486518361,1282,-8.0,0.10334828607144946,1
175.8171765345823,71.75579193223625,158.5915585440328,1.3084203841901623,0.707088086675926,0.32422036947518795,506,188.0,0.23954336438847865,1
418.3331764309825,-6.4870577916339585,472.341439429203,3.9361804341297546,2.9287356974186958,0.8403851791288206,23,12.0,0.7092078836877359,1
191.19093729721644,28.134883332041994,179.88125708546772,0.23056463423553608,0.4073760711576413,-0.38700500416313477,419,244.0,0.3393142779571715,1
570.5353134460851,-18.40032459385668,563.0291641145103,3.5283698016169787,3.1505716247614077,0.39380042204053334,787,-253.0,0.4654945778781599,1
563.2973579440426,512.8315934256113,237.51645475119807,2.457623697405631,3.0601389991775916,-0.7513636028531692,43,21.0,0.4633141698820804,1
168.4859195629277,-210.64267934601546,278.1989537899367,1.5473907013875903,1.3285885136045785,0.20175936310268017,433,-26.0,0.247691643311207,1
670.769290747219,1.320038411379528,633.6701497904702,3.0735521619440176,3.0475444786649972,-0.06613040443718221,971,56.0,0.07980945963814744,1
167.8476348404203,-2.9761089817974096,159.02215723091973,0.4188939953957294,0.478940123360292,0.060857110071165454,434,-250.0,0.46325013541906573,1
170.97323664462346,-157.04287023202124,263.169536032544,0.5718839879862276,0.48162372223826144,-0.07640991167336719,524,64.0,0.05323734418083934,1
284.8620443258818,-278.8048958978054,421.4692118368569,3.730843972933437,2.7533421013458175,0.277173645453769,44,2.0,0.3968528298370245,1
114.12060564079833,-72.32535957594176,153.45399498604723,0.7862316200297192,0.6037189678341832,0.08700993601307794,431,-1.0,0.12201010396094497,1
134.70681772337937,25.901161393945316,106.27085936714484,0.19970110325004758,0.3800887031781125,-0.13776434899843515,698,183.0,0.2579766471433868,1
90.59956762346057,-7.983729623081146,96.1086086532943,0.5841396632702062,0.3390507809419959,0.44656300127673987,351,-149.0,0.2493071120859996,1
102.75647807728754,-153.00868795018621,262.3808069167361,1.2840689090117667,2.538736794269168,-1.3960173412837946,105,77.0,0.8738040819857069,1
182.41990906151636,22.585221024156994,167.2031759186124,0.9157767554270669,1.166106881855876,-1.8885707293543543,344,304.0,0.6409816818159778,1
204.01860040519531,-12.693508594607891,207.62102858133613,0.5923566874515968,0.8798295255999843,-0.3491128591518513,330,23.0,0.07484983328974583,1
202.37440254189272,-29.788643942816407,213.36255787828887,0.34689698597529106,0.45582917186607946,-0.28538140809221113,334,54.0,0.09193280333843948,1
306.7616923522455,147.88788489446023,193.96334418963391,0.7662455885402857,0.7152146260054693,0.2082621002064431,370,-217.0,0.19770099490355875,1
180.61751081827757,-9.10881994701603,159.47208311601372,0.42489051779225673,0.5407231402656684,0.20631081358668837,452,78.0,0.49570904136121696,1
131.89759877457968,2.1255375111715296,147.02342027507086,0.3061514416303684,0.356769949684669,-0.0794091242624157,512,-120.0,0.26284041431815586,1
123.52326392534012,-71.06085993622524,150.4565759630562,0.3538158325799795,0.4480180748497906,0.04985619534233071,520,-26.0,0.4447546503662729,1
165.1235519611137,0.5963267908634577,159.90449989873133,0.3331871505940099,0.42746289645148927,-0.07575731597081481,410,-190.0,0.14797114379046242,1
152.87023116071532,42.93976784277359,161.9493245795706,0.6301541047377799,0.7825492035802013,-0.7190109383510048,337,219.0,0.6199568142168128,1
207.52780279212945,-15.248620570423299,209.14917419733288,0.24636761011503608,0.5142654521407675,-0.2951906246149847,293,-63.0,0.1445658242131912,1
356.1185633056099,216.29785724124653,253.83757387150294,0.3135003499674066,0.669156956354825,0.06260410468609157,409,-5.0,0.6406999999155216,1
150.34347521008863,-19.423486263231126,157.40801285296706,0.4112466000835733,0.510078760089202,0.006390543638778556,407,-94.0,0.1576258772881425,1
590.3978346235134,-3.0428363720621974,613.7107425620605,2.633112007968209,2.6426239548541304,-0.10551460090422315,1045,5.0,0.19858742118222328,1
161.51485611122988,-46.49919735513129,221.3469738700197,0.5098205292158411,1.7590442324196924,-1.8128503977053547,709,484.0,0.9301716847480481,1
566.0990588006661,-434.8293090159326,677.8838139555916,2.5495817701478347,2.5320761980911977,-0.27611762947744634,40,-40.0,0.4737046105610594,1
214.62674548313558,16.88803008369723,210.20889270962934,0.2356909043077174,0.3703242424781036,-0.09805165324440676,362,-59.0,0.15082490545036328,1
163.85601017622682,-9.473957539305701,163.6880854645674,0.39716410106762917,0.36509673290905453,0.099389720059465,546,-103.0,0.13987244941888216,1
203.0849849474626,-104.73633682563178,204.29787095750822,1.0393851759294759,1.790783336538937,-2.111862407180383,225,164.0,0.8948940717274072,1
138.83918093577813,-64.0670565432811,180.5941843295578,0.4742761351853215,1.1194550127940164,-0.10470114847550793,838,296.0,0.6427960994472972,1
180.4192579963493,27.334780446032397,176.44459964000242,0.8539472084838193,0.5134519887279367,0.5054605141261463,148,-369.0,0.616724928746829,1
343.09481034968877,-149.0949065801995,446.87985095423664,2.771628715242854,2.7324665059491307,0.018519356387361352,30,-8.0,0.3297559214209872,1
207.6299624818918,9.47863610394819,197.88307213516342,0.7865791618133651,0.7652780380348861,0.02925520519137903,315,-37.0,0.09920337162614051,1
234.65895314951896,11.83595942960585,240.54583017456338,0.997710676514882,0.715997148914067,0.6703990058894682,156,53.0,0.2554816632573755,1
208.41339494340744,11.071888903046329,204.44812117127282,0.7237986338133112,0.8486226076039036,0.01650433936040152,350,9.0,0.04437505986613913,1
112.06092447258676,30.933799466915247,100.23816655541634,0.39665610904720033,0.2660164920218728,0.2794879020419388,504,-34.0,0.15344830012553237,1
71.98188862658046,4.5213588560318385,60.32897024532929,3.6897037321995465,2.934843224728474,0.6046486294430693,21,8.0,0.5377340971648764,1
608.0516313446503,15.153579540564124,572.0278591585236,3.1493439383337476,3.108226185584182,0.08955172185145921,1077,263.0,0.18467718776711925,1
192.73493280086458,30.00591619471993,201.52218057101146,0.9068239594169017,1.7189379925722137,0.4874667899320488,281,-266.0,1.2300729777124964,1
179.19879301563785,24.76970533856513,160.28666246403782,0.4205731393156773,0.48091350341891326,0.20846590741786508,238,-793.0,0.7385477766011262,1
155.02368941242108,17.94932284899454,189.70813172226758,0.20522040010703452,0.3759348468598974,-0.19279051491743865,517,-24.0,0.2897036709980565,1
851.5939129793171,21.633764297674702,857.823950170569,2.291570440515467,1.9056865320921006,0.6568547094158432,279,211.0,0.5792748500828397,1
568.8471121989827,-67.47200962066586,588.4305170363699,2.847858835206172,2.913544076158174,-0.1814212734036098,919,175.0,0.1524640333608954,1
419.82952141461976,-310.7307396167646,662.1380389127173,3.4466457957140837,3.647294457002886,-0.22490497394587994,196,19.0,0.1653312834248465,1
118.1664189177006,25.098022618180636,149.7505603564908,0.5493227930463742,0.8548166517135382,0.2276295331733219,310,-249.0,0.6589817186427962,1
59.781696288016654,-149.80484908167065,82.86678076219015,3.3882146791674765,2.4430957116657197,0.43526523827243757,34,-16.0,0.921393907579159,1
299.167629104554,67.83556692294187,273.02213702391964,1.0260997180408904,0.9128901814760519,-0.6380187366492178,98,-7.0,0.7009463451730167,1
169.29791714318577,26.075410032013224,148.81082094065937,0.6687690397903475,0.5717761976111504,-0.03669005277874493,265,-5.0,0.3543476056917191,1
66.42285416598382,-2.5231465911896294,126.11165428709947,3.6314018453921713,2.586434755318266,1.0845552560497662,30,9.0,0.4773794452400347,1
117.61973472393355,-73.16873997469467,157.02541707881255,0.5054007920907442,0.3483516128024802,0.3161252029354496,347,-251.0,0.20348635406716123,1
145.18408221492908,-16.345367680232044,178.63210953171148,0.37967124074416314,0.5217295317821903,0.09822972261072005,473,-259.0,0.3959352863752912,1
189.81601684795297,71.16100318413012,178.66183569866138,0.48722296430019046,0.5595285661401508,-0.23637267015353186,357,269.0,0.45571899399883936,1
597.4239578462882,76.62972955919406,588.872926952846,3.008187946342773,2.8819540082833783,-0.13361882011295956,1087,153.0,0.08491393613691658,1
359.9588602609398,175.1258368657788,180.4767645353284,2.766780803143187,2.1560881079202354,0.6917065799703521,61,42.0,0.7087059006560325,1
294.15418652957317,86.51987241353524,252.45333029867442,0.40631886539381845,1.0425749324411657,-0.044977763708685725,534,54.0,0.5407107315228475,1
155.90091108956304,-104.58504915373103,197.0322282040549,1.897092398854597,2.0985164687759132,-0.5394995808393699,142,80.0,0.8352961099680926,1
174.0763459634881,-128.56398231121864,289.41175137326286,0.7927361747318331,1.1289241139004305,0.22915702961702478,250,137.0,0.7430111500810384,1
219.8973392795425,9.600449391860025,210.30351235627518,1.0045987851645828,2.3917896043033187,-0.13178835012157042,375,-66.0,0.9011582325352772,1
60.93732253621583,16.097430509639572,127.59204464512163,3.588354347173233,2.6835616894148746,1.8044950034952565,23,6.0,0.43513490502854063,1
140.93776597206133,8.829524834301509,147.80599434778742,0.3797596672394374,0.33796214218545784,0.07507852723101288,415,-144.0,0.15208421711882905,1
150.94301823998472,14.309063979307126,152.20921409631336,0.3411550338599198,0.4304280581025651,-0.06697659793305755,515,43.0,0.20546281394661065,1
130.57130139085245,-43.46905337748646,234.93034941425282,0.30922065507381746,0.4150880400822734,-0.07419410647195912,440,15.0,0.09799124517545359,1
212.57797539509494,14.664433192995347,202.6509964567202,0.6314276410418144,0.7027369664503011,-0.2351762940732668,319,-6.0,0.10285425519176919,1
160.00985253018058,22.40001284952416,110.29232482888214,0.9376817936462926,1.9186948795787953,-0.016170205956962724,412,285.0,0.9800373113185229,1
232.33218653031952,1.069334635194224,136.7682658752098,3.3248629576173565,3.0795864094039294,0.001631528819735717,14,-1.0,0.2606585100515104,1
133.73178861374438,-67.85734659004316,198.62717265851393,0.4515473781683887,0.35526572784916205,0.027829206586907573,653,-6.0,0.2525482483687259,1
136.96642123785534,37.23020087339724,144.29641414612473,1.7071146746890908,0.977743228260687,0.189201419134007,103,21.0,0.7202271824919847,1
124.43209890754787,34.893369549451265,307.09020375818295,0.6440635478143489,0.48447292539789333,0.4044248632904218,339,-193.0,0.23969930381520185,1
221.27572707124833,55.965714663251816,184.10011910633324,0.7817464709037192,0.6323240992598139,0.01636935204795975,237,-303.0,0.3644534449422825,1
370.61112914796206,76.6864183107848,462.60952307090395,0.6291050271941834,0.8091151943541861,0.19014508263405133,329,-162.0,0.49569644598882356,1
105.80354996205469,-9.954819065847559,187.2700097857475,2.4459515144537742,2.329473198420233,0.5096733899946413,33,17.0,0.6908058404631559,1
516.4954794060773,-144.239884594798,332.93850395050777,3.1699250014423126,1.1597654650650138,1.7208446438499976,9,-274.0,0.7414010205030175,1
123.78760157624833,0.197926193222699,143.22114229759828,0.4045556162324915,0.49623114984493616,-0.00421419546303653,250,-359.0,0.3241934797736817,1
283.40332555675064,48.04094774566357,305.4479356920671,1.8266850435538966,2.4209090050941713,-1.3128872184328262,151,136.0,1.1019975218640554,1
78.31945799097437,-15.174774973594822,415.4860787410309,3.75,2.644036251032714,0.9349275898840563,16,3.0,0.8862135563182958,1
71.9700060084865,-40.90240383899311,84.32243550010801,2.586136582083886,2.605718074282326,-0.05116262725491261,4965,320.0,0.1081057277577727,1
594.5587200074183,-18.713661643577666,613.4093137599403,3.0489286765126162,3.0353909383911057,0.08790892498743075,980,-2.0,0.046375957332550434,1
563.2374488889197,9.826808316080019,621.573113769188,3.089079846083933,2.8917712388082326,-0.01162942320283511,2284,-564.0,0.4522979170073716,1
603.7750238781766,50.12224119747418,577.6126139900439,3.023186805253236,2.961137345440573,0.04384094221407375,1098,178.0,0.16913371979206263,1
245.98214334327199,110.90622346029875,275.22156950891036,3.2806390622295662,2.922810171508909,0.2700393972707782,16,-6.0,0.23564654570766916,1
97.17608314669856,38.51229533854556,81.42872568318708,1.4832261969709113,1.7668566475506728,-0.08772439748375738,19,9.0,0.4015417591689468,1
691.8803086591903,117.89400999232032,609.2191682998971,3.0090420953643546,3.0118500819015055,-0.00386870381101323,1039,227.0,0.14997746043556465,1
211.995447886431,18.666472674657683,210.46225270181918,0.6332537981921821,0.41947798806668396,0.21447601282068246,294,-91.0,0.1653073817348362,1
996.8702537685464,141.09950317752543,771.4428997024463,2.773765749587197,3.603863789199077,-0.3636788477704167,394,71.0,0.4859781109137186,1
140.160041157915,12.868059812316304,134.4485474350763,0.6218290549968551,0.5282163426437584,-0.15517002730105112,456,54.0,0.12237831529090892,1
219.11492552068995,-23.258035304316877,227.1285808370707,1.0323024945677541,0.9887728981523276,-0.21439249406090677,32,-47.0,0.4035974617538301,1
149.33543347989144,3.0651536911063033,148.6783672475642,0.33352554489527597,0.41460657027541215,-0.009695801441588492,574,27.0,0.16963294722647726,1
150.1389510887329,6.312784610969061,147.13852057666844,0.25132070805342066,0.41014028624234367,-0.03333981759920818,574,-24.0,0.2655240283139298,1
121.63745754291612,46.37737545715464,82.57050751535314,3.7251042179439575,1.0320194498257698,3.3232294456416964,23,-277.0,0.6167002449408915,1
239.05696996019927,-43.70893891355561,259.9258396263941,0.6712841272611305,0.6178828584633239,-0.28920910380970466,179,50.0,0.1545046342037238,1
145.35383150011918,-19.328071028162242,166.67082439866968,0.35820945949429883,0.3507956642312311,0.11003532905158211,554,83.0,0.22738754654166157,1
200.68173229753714,41.306749142563774,135.8975157778495,0.8392029717430384,2.671744691429908,-2.8801728506723316,508,479.0,1.757541522937819,1
201.23543524581834,-20.986030217625824,207.37876893880411,0.6477155251398865,0.7566295553204216,-0.23662757100606868,316,54.0,0.08678268939592573,1
175.80629294014597,-28.62969359509742,168.38429761842931,0.4317061571715961,0.38138221653046245,0.01340417691067014,579,43.0,0.3722702379051118,1
168.14954673418165,15.86787692504683,161.0308762729896,0.6460477542103423,0.4955244046695199,0.03056773139513569,445,64.0,0.19517695815573566,1
115.52258450836605,-4.125414712690002,130.15214640704187,0.33561812527341117,0.4353206880943127,-0.13669483559730977,447,-62.0,0.18890722664578585,1
195.1475804938227,-15.818288243810713,214.99782784346434,0.2488227153591691,0.4258773495643702,-0.19629842050840401,349,43.0,0.1197483803564899,1
122.45440797180568,-42.8258164086959,147.56628771472862,0.463977455572993,0.4067919463432787,0.1325546124399658,314,-263.0,0.2368911946900946,1
679.1303532294844,45.09582404213495,639.7218089961402,2.542529812232806,2.673846560464673,-0.032955797433605216,1003,-45.0,0.07466229728824655,1
587.6996755065175,-84.63843391827629,608.850286620436,2.807013013331028,2.68057398505877,0.20066141059553377,748,-274.0,0.14455380197128623,1
87.5025778187688,-11.269944591230143,103.19067658366365,2.424600588653769,2.4806376439849216,-0.06449511326654811,6202,-1126.0,0.09290026017169581,1
138.13456432861875,-56.28193411325148,194.64569318652994,0.21514701938958605,0.3075746679115972,0.04605497425759647,478,-69.0,0.06667954438909435,1
150.07215903020565,-51.760526599738995,189.4027874055873,0.41985782519269477,0.44753765793302813,0.0160059553916006,462,28.0,0.21147014109095247,1
182.31882022228015,4.467988123159785,236.02033279290836,1.9247195910329218,2.109943719647507,-0.1246936837908863,2591,78.0,0.20185882700998345,1
120.22297105956648,-111.23049191882873,250.2352525941284,0.9300935069562518,0.9109116804968471,0.17471527435788903,158,-22.0,0.2577516696010353,1
238.61971004123154,83.09666684318461,204.52266888332764,1.0503936822217217,0.6967706683817205,0.633172008616155,317,-162.0,0.3187909520531965,1
169.74767163121697,-31.361693667037258,167.48773241614904,0.924767258209172,0.9822155578003043,0.0036438927145762134,264,-111.0,0.46820935427877847,1
200.43062519475325,2.328082097106744,204.97791231505835,0.48951448484636223,0.4053693644842914,0.10016208324491627,321,-61.0,0.09561074252371558,1
187.28870060556122,-301.64131383873996,327.7679659712101,0.39662112120018866,0.7100172645115758,-0.20363897438840695,654,211.0,0.4143945849260683,1
164.52722517025023,12.451452584557245,161.40537092459866,0.4089444665648247,0.42596685941623386,-0.015126764946223337,600,119.0,0.09156334816115566,1
271.87243524374907,-61.37014660992611,241.22562495270637,0.6003850093792481,0.49497247682918993,0.031038968339551998,545,8.0,0.2169874339947918,1
50.70911555134836,-3.037582917058991,87.73832736453618,2.87829757027802,2.943803476688537,0.6172260438026207,25,-6.0,0.2884021431143172,1
107.75573715069136,-3.7631136398034926,158.42873409453253,2.713106011337682,2.483726922857111,-0.18318551770824598,30,16.0,0.7240310681461194,1
204.6508516679942,-126.51546217419403,271.4486305490076,3.0357630117806997,1.646474000384898,0.8303952513462582,42,4.0,0.7474578777628621,1
193.8774461731774,-81.24691261105013,211.1846232779015,0.45944369877379415,0.3384511278179791,0.1254018354358979,643,234.0,0.1573856191155696,1
187.87559605107157,40.784567787128566,173.90154273656438,0.6030004653892748,0.8088374465650794,-0.011005368133225946,463,196.0,0.4554838402324568,1
118.40008728155202,-14.335298400642856,114.74789928561624,0.26262431308058704,0.4717321399142894,-0.4585783292957976,732,488.0,0.3588987739633665,1
425.39761269768417,-39.12822899468068,324.3354459874648,3.389898095464287,2.694826638770256,0.8341144655677231,30,-20.0,0.4843175522616623,1
127.07143782996562,-48.26365538794224,190.38554574331198,0.29632810751335137,0.45649584126052883,-0.39837516746366086,620,417.0,0.517718393014138,1
139.7243138641372,-15.453194732071182,172.94994388338486,0.41847017073494736,0.5265837383842575,-0.09838535514495689,408,-61.0,0.17686718145218777,1
124.45462619367765,-57.83520667960079,199.13905750722236,2.872693372072816,1.5671666102269641,-0.6285086179311268,37,-2.0,0.8024078109170374,1
167.13661736783683,19.62676045093366,165.08375252054265,0.6577179111908126,0.569111755858183,0.17253650183285268,382,-349.0,0.30910485678241173,1
162.42482931593804,18.78636995552762,164.27010989819445,0.4089863702571693,0.3880495094398825,0.022425802352072366,543,101.0,0.11838727310945545,1
555.8871759081909,-108.77318017150287,589.0906209234547,3.109852003837961,3.0714726135561343,0.0021993426938484717,668,-487.0,0.22101846131972389,1
197.5220270532034,52.337944838274325,179.77784104870406,0.5750808168223995,0.48372542430895865,0.1954095760782364,572,99.0,0.33174810560658535,1
217.57631602880747,-4.55140387714502,214.35808866752274,0.4641575106010184,0.6028037758232919,-0.07399736460603334,277,-38.0,0.06911296526081132,1
194.36885675733694,-11.249609307624496,200.34739455052417,0.8326707594410009,0.8069491674282085,0.08369047202087743,338,51.0,0.08595459833071586,1
154.1830746985565,40.00331200875526,118.04830115970773,0.39554124028139803,0.33332300219292166,0.0043846787772261475,489,60.0,0.21582110606896082,1
7.483314773547883,-75.7685066169076,187.76661190658416,1.5,1.7712645623376815,-0.4255649733135829,4,-27.0,1.1395380953956906,1
189.82865498989028,-46.57262098515366,150.30828331857236,0.2646765369650769,1.4410599975781715,0.1568360556756074,356,-546.0,1.3387497806553617,1
129.437377679264,-51.62864849647738,146.27683156281438,0.86689965707129,0.6264579654003526,0.2841814191932721,340,-167.0,0.25195048666735076,1
230.31384058940642,5.677821443581934,224.69596741217234,1.1262626729050649,0.868757351657042,0.7799370343099774,353,85.0,0.13306900790844844,1
173.68177580599777,-25.25216184823276,129.97209596871227,0.2779053983419439,0.24729349033130235,-0.1789959291181068,946,496.0,0.2761573753191212,1
516.832109058277,318.6761950422362,348.35250554970247,2.1311465111753143,1.0313181426198141,1.2856901532003384,116,-11.0,0.5069589110982972,1
160.2192709138022,-119.67244255975467,181.60057173406182,0.400668978963611,0.49188696137935894,-0.2947472449849443,478,-10.0,0.03838826312720556,1
333.2425818536752,66.49257082887448,218.9140820839438,0.5693460410396961,0.43201311197242165,0.08294331158577406,537,41.0,0.2301877841904495,1
70.57461240916872,23.7952841160481,148.91713263442472,2.6851764450354243,2.424183631525073,0.6403438987276782,47,11.0,0.13844329580392772,1
191.05070254574213,5.314645282043642,182.24383129927415,0.7622003689765156,0.5943742598785129,0.4487117194657209,246,16.0,0.5014372443612044,1
68.6212505938055,-31.674296046612568,120.08847437812604,3.606936732175322,2.946127285828942,0.42557040328386275,22,3.0,0.40853094329274575,1
137.10992378953486,-15.918604770963896,160.9069560787494,0.26914705304369596,0.37199170304213347,0.10106997102073248,682,-385.0,0.49854038741783196,1
179.52147492970724,-54.16130537123951,176.21250737975362,1.099121152983539,0.8884166256539452,0.43842904438105434,256,-93.0,0.3735077323084344,1
212.97898905633417,17.33578995883562,200.98914467224438,0.6327454209043566,1.1090276251900235,0.11802040300766747,276,-578.0,0.8456043306067494,1
208.13223704464187,23.53374462054245,178.52824639772203,0.37079556025453364,0.5367336436167847,-0.16189701252008126,451,-34.0,0.17866528675703935,1
80.89068989035451,36.363410932073535,678.4868323418848,3.06069198715719,2.1801458696292944,0.30725760096840515,32,18.0,0.7928575150034066,1
171.80702753703227,39.80208485249182,337.18919653808655,0.4124120720159267,0.5099589409182624,0.17496199786009625,572,-143.0,0.448436329359054,1
158.87325669298505,18.04991055650507,296.7627708994659,0.43560708596762887,0.6374800074045611,0.003680648855665214,422,-265.0,0.3130476725967114,1
625.7198639483466,-178.37433159861416,735.2742095186798,2.666622614288126,2.2792185872189563,1.1745515838868543,2625,1354.0,0.640943568398104,1
588.1967483778933,86.34562784817649,551.3935598281897,3.0042555604238617,3.0377567582149174,0.29311633880904564,1033,-71.0,0.14046610728235187,1
176.8759200811173,22.17928524435041,184.90643352977386,1.7507230931925017,1.0973322861235615,0.8477271062297843,61,-317.0,0.5196266071383004,1
174.008079239257,-245.51728453381847,335.1982500149846,0.4467665219761981,0.5403919219038333,0.012166384108684314,297,-158.0,0.5842793373387284,1
105.1767689424396,41.88239289046704,94.27261743444735,0.4694576656928206,0.4091678817481708,0.1821051776657014,399,84.0,0.30922826419163624,1
177.6644515715283,-1.8513539355641626,172.639319523091,0.27674509788924284,0.32273482784395263,-0.046951912854880595,537,30.0,0.10993960645626218,1
96.68569991420117,-2.7907415255013888,91.96700435229208,0.2957928699666121,0.4286139212928174,-0.11221969585906189,699,170.0,0.2621246231449081,1
158.53429330937215,-18.152432878292956,153.95208292875873,0.3326475419369625,0.503277486616088,-0.6373796518530364,350,-76.0,0.181061868265575,1
109.61972046484796,17.236104893038828,105.01309245821794,0.3586281344642151,0.4280691713530402,-0.344440797155741,478,145.0,0.22765539628270143,1
83.21170290289702,5.2956353670741265,77.63307516767286,0.0,1.084230729544192,0.0,12,3.0,0.4967032850374849,1
38.25881875219599,-81.0248907801673,89.71026227431864,0.4476384622547285,0.3506210985218766,0.09964083304333143,435,-126.0,0.3164478712909013,1
159.11184386015103,-23.076975000152288,184.2752184495806,0.8331878806813896,0.9474784048198266,-0.08295567002422688,313,135.0,0.2793302629946991,1
511.580690911619,-213.86759650315634,790.4676364693566,0.65196873745386,1.3524375357873382,-0.3767610333317838,65,-28.0,0.245034675171285,1
143.5129154327024,0.8655294917414267,170.733914061234,0.37626276653772567,0.37938646648805036,-0.17644863965514374,556,81.0,0.1319688483048145,1
164.0197099115943,-22.58259874945398,244.60965103527215,0.5565063868956763,0.9931338967928127,-2.1897550502002723,490,464.0,0.5561701255086696,1
84.38925312774477,-8.176592760694064,118.81418172857113,0.5936276424634527,0.31764119124648305,0.4248006021361186,470,-24.0,0.13206006023202127,1
200.93155119067012,16.16745015784798,193.91859551449048,0.717686795692885,0.8528342743803862,-0.28392859544898874,240,-18.0,0.1577037384516642,1
142.27171651969113,31.873758677602027,131.55782476177689,0.25877398940952123,0.3194931549759811,-0.07772843787917971,590,-38.0,0.1479627116819438,1
166.17133434106097,27.642414183702215,150.94296651538005,0.34018497110176565,0.4630050902540018,-0.0924902546866988,577,54.0,0.13940454414117753,1
124.1315147897416,19.608259192184917,105.16875790821163,0.2127770985555797,0.4552105804259286,-0.1713975484362984,775,154.0,0.38081192846293094,1
252.78933422911655,188.1507140682169,146.9351785303295,2.7841837197791888,3.0041704738621284,0.09158702601344659,20,-19.0,0.417339912325898,1
96.88735258489154,-84.42918692543554,264.5060340679841,2.754441845713346,3.3093151807379444,-0.8919974989576693,22,2.0,0.239236774497169,1
397.17819467227287,193.03162420007854,253.46196853668204,0.9597832339810844,0.9239235037216442,0.0008709888736652127,331,7.0,0.09021324213546347,1
103.15928796167684,-21.15875727114684,104.76077816106934,0.33395549018058757,0.30674755922934077,0.10236038289886956,616,-212.0,0.19115923483541314,1
202.1088169652936,-3.2695325374381525,202.41358866578824,0.6771824019662194,0.8336222427429234,-0.07781811446057707,339,36.0,0.055010104653285874,1
212.02439398005995,0.8691725829696964,209.64531539996,0.86782702663491,0.7818031881724221,0.2337152062923662,291,-3.0,0.04028566196404434,1
612.957571023758,1.3922142465891056,591.4669427188468,2.9621613238460265,3.0095362480397467,-0.00594245167360441,1111,190.0,0.09497835458356213,1
65.48641133843857,-47.290285021696775,184.0853718673525,0.5813052883874968,0.3567504932885755,0.45988412052443467,417,-80.0,0.24329793854474782,1
669.0137140113915,117.97461104578986,607.8373435519895,2.5068965608859832,2.5252683560478912,0.24169163461935472,829,-78.0,0.11423786167233314,1
536.5249176955825,-145.035365698379,555.6392237654865,3.0931187415155272,3.09648408130803,0.03797310845561874,859,-313.0,0.22735187333965007,1
231.2628518951253,163.9030801988435,185.1798127119385,3.323231428797621,3.130339171284433,0.4092543556148689,15,4.0,0.4920142205490116,1
269.0993485038751,104.79316308512202,250.18839347192133,0.5862849727596868,0.4397218173390319,0.2742156613880113,577,-21.0,0.15430051226682143,1
93.72305065637921,-12.63943597960639,96.53674710376819,0.2950402539656627,0.28366542288640634,0.011883218615764801,647,159.0,0.3762171077338184,1
255.96404056613952,-449.3339689270109,394.11296633192256,0.46890319078488407,0.5093317721883437,0.038411689710664165,753,-68.0,0.21147667917492347,1
176.68336877126356,1.9302010157042844,172.54923405237705,0.7031380732244494,0.5935018672584398,0.21388028777801366,274,-53.0,0.2759873057841375,1
664.3733950398538,66.94943719356559,596.0025539288578,2.8844232531104788,2.9454340035772297,-0.12376469323229422,1266,179.0,0.15624645628580547,1
50.67054501612751,-393.4668489188552,199.18135881560698,3.0271691184406184,2.963305111032793,0.5239107836649728,11,2.0,0.31367379573811754,1
181.75663233962524,30.64355927623464,163.79834041355184,0.528237713986812,1.1962216894115323,-0.1247682313228684,457,227.0,0.7104391678767307,1
110.3979578420891,-6.121974063357882,131.32216822267566,0.33650242728870094,0.3485593703603386,-0.055424537108732075,628,116.0,0.20800145200450815,1
152.77398275610457,-64.05671831249151,185.87985383342897,0.9319856930275816,1.3357900991072325,0.39005407822750093,363,-192.0,0.5930032793717872,1
638.9114940736426,52.011487639727875,626.8910022049087,2.966549408218229,2.9650500155686634,0.2386129814389908,897,-106.0,0.11041586668025824,1
261.33486394109593,-169.18083649922164,282.33049296952856,2.198173578728569,1.8820807011768033,0.48421020645158297,45,-27.0,0.5875133109240724,1
186.1339948757022,31.283542021347074,158.5199227975545,0.40646251840361025,0.43977265190579906,0.02396581201212472,552,167.0,0.2322293638674492,1
148.07731148405688,-5.3000283878251935,160.7108902909605,0.45336803757801347,0.3993527778999567,0.0016483343458092437,502,73.0,0.27589499993012623,1
512.0512058435249,383.3611810894516,216.08508070559088,0.4091853598426884,0.4183750844058026,-0.06021294854145531,562,80.0,0.150013654227382,1
43.95778881190265,-71.11926146311961,72.82482593632656,1.5682991511401012,2.873433545121205,-1.9158845686390868,34,14.0,0.3230391405179226,1
163.94817656707,-49.731784995859385,181.653128511607,0.353571056092887,0.4706481257437223,-0.31469478053995387,416,186.0,0.39324553008563407,1
517.6104939400153,-138.51577184250243,623.4363236996526,2.8977039211671234,2.8600087071636677,0.01766029436575689,944,28.0,0.5158641728073204,1
111.51885079049485,5.715300828440164,187.72901041987217,2.896291529045928,2.404085218469894,0.4503400145921539,14,-19.0,0.7008768351978257,1
63.84261571555728,18.661203608364346,93.35533484806172,0.8040752049226679,2.459834018848985,-1.3015120567755925,144,129.0,1.3347913753510205,1
422.1396362043923,-30.146139234976545,268.74092973830165,0.5563670028556629,0.6077867319266949,-0.42930693374076634,623,216.0,0.24615512168288378,1
129.84328483367543,-30.0039075861813,153.9676950295168,0.3725060508801733,0.4430292510226209,0.07387718226472173,492,-37.0,0.08259017599339899,1
103.81926603477795,-33.21306363599719,137.64100775835158,3.646439344671015,2.331911818057103,0.06861981355623126,20,4.0,1.2395213795264115,1
151.70201271216987,-25.663417736068737,174.3986320894923,0.23327546078580846,0.37954851964764835,-0.062476410728380005,626,39.0,0.25122455592547976,1
174.04035476833891,-209.25742996706524,242.79205666866727,0.3834147615457766,0.47483514494862017,-0.0022490195649213507,425,-93.0,0.12314462096140551,1
794.6337663733406,75.47742842988487,765.3832288611812,2.2962926386022224,2.2053077375703576,-0.35195319037671213,92,3.0,1.0780954647038703,1
116.4423578785405,-300.4312968875791,577.746467264588,0.32649312076683373,1.2230188447382124,-0.5067531725453576,477,19.0,0.7322659817808451,1
190.80215528378474,39.71137831168568,186.67679119698067,1.8812865497591753,2.127232877932051,1.3704800691660566,160,-787.0,1.5208283405399738,1
611.5438493883463,99.14953487016601,582.1315146092977,3.0373093863555485,3.0709516687992915,-0.01103227245149796,920,-121.0,0.06851439399508717,1
203.91337445747837,-14.453748690731715,208.5651738216421,0.4206254355850515,0.7120153739534241,-0.160066616020197,293,-1.0,0.11975931932669043,1
117.90585089243511,12.729081949995518,99.37706449857254,0.15143213909186187,0.2988405232425519,-0.31802552660095873,771,372.0,0.3548633648633944,1
175.68985393723054,-10.04534197077146,211.59419426306863,0.365283212686353,0.3745700073354101,0.07047041580498459,493,-171.0,0.18374916200604277,1
218.92944079110686,20.803549078044938,309.81052304565026,0.5246270438820468,0.7122710824152811,-0.22785089532727354,346,-22.0,0.09226686693008165,1
116.68878899280801,52.543038759916385,95.81900338675547,0.8749607449681545,1.191820272076423,0.2620187648719262,163,-421.0,0.8428201020929961,1
206.25549295277867,-177.12272908163604,241.3806747614961,0.325889555183423,0.45299616569141177,-0.44573241647584505,334,20.0,0.03165487656646914,1
307.9501001754528,130.46930794488068,197.5906561554811,0.5847973134114278,0.47575881979290796,-0.09922233634980737,317,33.0,0.33877305894653414,1
189.36827818816596,49.87555138668225,160.90834271089716,0.41786677516989224,0.37201959662835093,0.06630408356990342,360,-201.0,0.6999749603510012,1
144.04458613434215,-2.7517447469136584,144.00745016752757,0.15193446195848204,0.29370718087640074,-0.3398212239440332,519,173.0,0.16758869348179994,1
239.55726603900882,-9.438862718000195,200.66947602227933,0.8677829157046429,0.7587323385691815,0.16596480415492532,454,8.0,0.29094468923456634,1
157.04596717701355,-37.388945989838135,169.29324313528605,0.4179790724384194,0.5387651736714835,-0.17030839791040303,578,-36.0,0.1637987489958239,1
687.6685649512335,215.8093507193235,352.03695558710564,1.9041184937415017,2.6512406562368165,-0.5403789148641251,119,71.0,0.8377796162075053,1
93.94286513499526,-12.053536443526994,111.89084189218813,0.3462046976673589,0.37079830409696035,0.031604154006235397,436,-167.0,0.3663693017656221,1
208.9177642571886,2.9987662031087154,202.70169419968664,0.8569523029053493,0.47697945569688543,0.27501450881011136,300,-9.0,0.08171007792697761,1
181.6222088052613,25.236703390421553,164.4787587856635,3.5299219209397887,3.380332077905115,-0.12383478734721098,38,17.0,0.3912104834051858,1
636.2308382981039,43.212293361719276,577.1411104964352,2.936870190038538,2.9573487307457116,-0.025174509540700996,771,-252.0,0.4667084601910829,1
94.82210058292276,2.1949747569774303,102.99524303915109,0.1499280593562756,0.3054969247910109,-0.22387641662328542,624,120.0,0.211510771531135,1
57.566091882302246,-9.43430894439058,73.47982699977455,1.8083754124466327,1.9710214794575578,-0.1738613053568503,29,-3.0,0.0759140195687669,1
206.30726984302478,9.9383518029436,200.15505443140896,0.27863131262103286,0.2983943804788529,0.010095268582759165,550,20.0,0.09758197912599298,1
156.3701109128912,0.9625463248102619,135.268566044589,0.9571990563198449,1.1513967580203641,0.7805215795870181,249,-1219.0,1.2326706986644218,1
166.22845407212893,-24.507990746125046,212.0507823325735,0.5481598681579424,1.2630313585471014,0.07176168396218874,675,341.0,0.7947887813755108,1
162.26580059167858,26.354767226376737,213.72636806434758,0.2707180653421132,0.45075412795509984,-0.38944883778966666,639,262.0,0.20331785921343126,1
177.5698087160439,-37.89663651657645,237.68004094311036,1.1894415963203275,0.9519026368454332,0.12799074337141136,272,-114.0,0.4272932731495672,1
207.63431411603793,10.359888645629695,231.12300044400263,0.4512966291025042,1.0775662579030911,-0.09257062574779112,480,-26.0,0.5428925144331485,1
229.38982457642797,-62.37288168592218,208.73771284295475,0.7049455317780398,0.7106201443431276,-0.3997007742344658,675,251.0,0.250070330376657,1
178.42712766329282,9.027997772506666,164.71759261237025,0.6203540676975494,0.5958388292252257,0.06527583723682329,434,60.0,0.2506989278021329,1
431.12244342470717,0.0,431.12244342470717,3.1828049758637595,3.1828049758637595,0.0,56,0.0,0.0,1
164.15696363852902,-15.199111028626021,212.49109714498462,0.931718176337065,1.5129663149754982,0.42272425992851614,356,-89.0,0.8230419481934305,1
208.70182078745742,151.5472934077301,221.13070120121043,2.685475297227334,2.3449967508066623,0.22201699857903057,20,5.0,1.4153484951305053,1
168.45392388276665,8.95512687433586,164.2837286676265,0.43292455418319836,0.5165332752127226,-0.2462785332102299,383,-9.0,0.20990000949610377,1
204.1345224456615,3.0601116779744757,205.2809626902922,1.1743004770596694,0.8777119618613659,0.647239246286088,322,-34.0,0.05421410030065553,1
220.7989912484586,17.616952658090128,202.3098765764434,0.9278887334338473,0.8398848131066858,0.0755056877659378,276,-31.0,0.18975317408263037,1
674.9888441268359,1.1720869700594676,650.499625900164,2.9055076449422605,3.0216451600863663,-0.014810432063728118,1277,145.0,0.12226954194413293,1
186.7956847919206,70.68021294097585,160.82186214896313,0.7375067112180754,0.5776482597158178,0.48598146801358877,392,-303.0,0.3046903128965871,1
117.22608840517023,16.512673624706693,103.0772459675268,0.3103129305623622,0.4426814763281957,-0.16908996161253387,530,67.0,0.20119322048409036,1
179.6505596811488,6.9002308534849135,194.9875986418696,1.06886858813345,0.7719393657937366,0.28730031219092733,160,-206.0,0.2945217968707183,1
235.92537901441398,106.4076803525451,185.26483854295807,0.5485284815424428,0.5801009467027856,0.0791532705523097,546,-54.0,0.21598359075776902,1
143.8103467637421,-79.076423412087,199.27581111912565,0.30929723743473203,1.0888509396851753,-0.17872631972909603,492,-50.0,0.5843995124170962,1
155.2127891281668,99.4035396531511,93.0062972403276,2.662686888338046,2.6141086287964894,0.058758563423674026,3821,-1196.0,0.22163289942152,1
92.08997561877979,-21.311351398974963,140.17352308188123,3.902174814211728,3.121274385869069,0.491941873538543,26,-2.0,0.07151929678725094,1
211.36219005663287,53.41175449350007,182.39540948522577,0.5017956003397381,0.4412800537195342,0.08333708308389343,327,-64.0,0.17345623934703552,1
167.2273886245098,-232.39634707868075,217.95288684367773,1.4045509541269943,1.1310836823798915,0.6015862011916991,90,-176.0,0.5926083770731572,1
143.2674996164435,-59.34281471488151,170.86483498816406,0.5334850419318199,0.6876134889956319,-0.07916379919014704,498,125.0,0.29855187131501204,1
182.29851622989915,31.013361700078917,167.50385800704825,0.41678477990770463,0.5311992136279338,-0.17241320018989909,512,114.0,0.2888838959271731,1
108.12968290769604,14.466827487315442,99.86786756852231,0.16376290137661006,0.2021774958160456,-0.027818541358614057,610,215.0,0.3514928551184599,1
110.23411123633011,7.799976577226488,377.8948186480151,0.38129670817331623,0.4856849267807344,0.2070485845816358,554,-86.0,0.11563819549773527,1
203.8386844728137,1.6464668639193292,202.89773943438067,0.41574032174114495,0.47521698670595464,0.003996974621590876,318,8.0,0.032232956804209706,1
213.34411697834304,-244.18224153820256,391.21286454240646,0.19927029804420873,0.9998111818444245,-0.7528543593038862,1041,688.0,0.6111018859998296,1
151.4407551953684,2.1053217154769754,151.02112071202765,0.40239465309656586,0.37898268613496694,0.06886910820128989,578,4.0,0.078456695411405,1
175.31714791734063,28.03519019181971,160.370173216237,0.5678183302801992,0.5872465928616177,-0.027659343278191417,518,66.0,0.22137160332590974,1
134.09580686769868,-203.61825024616627,339.4072935602022,0.8194409886184909,0.6173566248655795,0.0037362469621818883,302,7.0,0.2866486673043107,1
122.29610349070768,-43.87523085035329,147.2632863881144,0.35159565425873873,0.4645401625850815,0.011410683156973078,448,-129.0,0.12429219533628313,1
169.25160411278625,28.649744791875094,165.46970538397395,0.2110717888759668,0.4845995635222787,-0.8221324970999928,887,713.0,0.5149313315347964,1
692.3923304701808,101.39617928982773,576.9391746354099,2.8711234344314627,2.928182452140626,-0.05529661875318537,1113,187.0,0.1737078985764733,1
818.2874472997356,141.23717196278756,712.184902693933,1.9939735375600887,2.1039576156571997,0.1560564347261557,46,-17.0,0.42587492875068705,1
1395.5435670434786,591.9490074065397,700.7045892242734,2.8446617062079453,2.0088458216691114,0.9531974547674129,74,-154.0,0.7205585374324358,1
509.7744858845834,375.24109671920746,246.37399207936636,1.4187884343990014,1.0107009895169274,-0.2729216946253539,111,-11.0,0.7053343111055228,1
292.7614173189808,-12.49784914477732,335.31207165794245,0.5328297264356431,0.9239898259421825,-0.4389581310601317,943,499.0,0.3361240767062558,1
212.9915350165712,10.86348345421365,213.180729893751,0.8701099660438749,0.7430720335125408,0.280577427242665,288,-36.0,0.11319429411995587,1
198.3225420259243,7.257838682875786,201.49589697086495,0.4477489984064274,0.6787678257192289,-0.30455599188912147,337,-29.0,0.07421135004541134,1
629.6430298878323,-65.30696290485832,639.5357621825153,2.9121150611384268,2.905311758675958,-0.09877847249036131,1060,-126.0,0.055541547881602565,1
171.47133925814137,-58.22850507065988,162.77583133067498,0.48355551460195106,0.4888486444747012,-0.21217544221109447,532,95.0,0.21242829534705795,1
138.3094024498515,-47.369306633974446,154.72732518356491,0.3813690292866194,0.44512619993714103,-0.2246617863513185,671,262.0,0.3250841943358517,1
110.33206190887991,-548.1632289502996,329.47077769254196,0.5986485221266032,0.5822060133692669,-0.23643272365884993,427,138.0,0.2669433806402363,1
361.9346048159326,-71.98564387295062,271.366997824181,3.128085278891395,3.220356427826556,-0.14482031642866167,14,-1.0,0.20213567600929924,1
235.28415257436063,77.39521610069761,173.12375000835127,0.5890127246083401,0.3815502237073107,0.21580738722805926,403,-416.0,0.3672826974098001,1
149.58081613837365,9.752899517903927,238.82387582347602,0.5569669559788493,0.5312878779715211,0.10223093876071604,553,71.0,0.23113568366616122,1
196.83714697630094,2.4946911898753115,206.30087826506877,0.40447892064250635,0.38239175708452844,0.11563003630373553,343,-10.0,0.09768773723833336,1
114.24635347113215,45.514831504562466,65.476432485707,2.1346029588592796,2.1634797808223007,-0.4468176826728807,132,53.0,1.4260429591446175,1
63.79418645027202,21.14575284610681,255.3372513194303,2.4540407967346805,2.6999907730523667,0.2774055174311969,26,5.0,0.4415824600569067,1
173.53511567966925,-101.83591354945841,264.74124724671145,0.5331956240108113,0.7421079549721128,-0.22290655674491644,341,-62.0,0.13237098134227962,1
207.19804091305306,-11.60900079762851,209.49017107638633,0.4601177459734384,0.5369945928652711,-0.21739186558239326,483,-39.0,0.3079981186149112,1
145.17065649846984,-609.513180879388,404.0510216659375,0.1543639085036545,0.8159462679716697,-1.955577023057267,610,459.0,0.49468630910808725,1
785.5312528609173,42.297532850504695,664.8698315068286,2.5768397753352046,2.2952480641444657,0.5665440917674136,73,-70.0,0.3009160631132073,1
115.49950634331275,24.215004302910742,114.4788840715174,0.30139431482985535,0.588715552270193,-0.048687145513245045,747,201.0,0.5795103900416024,1
666.3509257838577,95.34121416282517,679.6322274615528,2.133795355035778,1.8622508989177209,-0.5343615708720231,1362,-308.0,0.30547731989846044,1
109.46645105358223,0.8034920356071922,103.95457779922806,0.2846007404692955,0.24222772385444596,0.05793123776382603,379,-185.0,0.3782432315493271,1
149.5709799728662,-3.4954274547318676,159.5063426643569,0.5460258702833839,0.4152866561337797,0.29130151528715803,357,-330.0,0.3158419363405091,1
176.12918081976315,23.355198063658577,189.23069336638693,1.6879364889551993,0.9295022324151982,0.7559507959276177,157,-206.0,0.42795311604019215,1
211.82225145375426,-0.5234419140316504,206.1413038043792,0.8320166466500498,0.8122072708963819,-0.1074691196071258,320,-4.0,0.05049619354131045,1
165.4293612309172,-183.80138070213644,278.6058056885677,2.9585636653592013,3.2643705121564643,-0.2330479763921769,139,121.0,1.2430472966683674,1
163.9979053624963,11.957204519462493,163.5481959270439,0.28662748316571096,0.4227687923668323,-0.21502836254094948,502,-59.0,0.238467812265581,1
113.0682877615093,3.8847049301728873,104.24738719763609,0.28583030034843204,0.33255943755424855,-0.04458644139953344,446,65.0,0.13181377247304846,1
957.3822402369069,570.4800241767714,369.6910673169801,1.362197603488994,2.259760031497257,-0.7630663482414941,43,5.0,0.4101860373665201,1
113.32624382860344,16.28381409197796,119.94563047218655,0.31528255738106786,2.199532102109461,-0.017516729696445965,508,217.0,1.2254394732302007,1
188.41590745957052,30.534157356478147,168.67470831047876,1.4982897090126983,1.3049040692128737,0.982150621051477,243,-319.0,0.9370993847585798,1
610.4630569803905,-1.8725531850061543,575.5848010794149,3.1499977744440315,2.9117631169309783,0.4481610611553126,859,-297.0,0.1507004657479332,1
864.3276997181104,154.65593703793058,975.0994206428861,2.173874420598119,1.6635526606393014,1.0203476100707165,80,-23.0,0.4199704206667524,1
556.0004029757772,-32.101335892538145,600.3999850896253,2.9645189351753545,3.097156990579461,-0.03189785059502892,973,-125.0,0.16300604674776858,1
82.32283333856343,18.734019934925804,112.55898230815944,3.056564762130954,2.211574000740608,-0.039230492869979816,15,-7.0,1.459174869459081,1
67.74632569908725,-108.83384180438851,168.92463042709133,2.6960305735861745,3.1109640493671185,-0.22041480717591355,37,1.0,0.30670608603129296,1
647.5916761435531,-16.590902878053157,613.4066925038635,3.660838843081142,3.7637838331707614,0.13684273350110265,240,83.0,0.2772439217030339,1
311.9583537314074,-645.4238865054995,373.2306202084213,0.6238878659821312,2.0363045510087803,-0.7383097375068628,88,45.0,0.674491971553849,1
102.17274243396871,12.211610630265355,100.96017198080426,0.3591432008479604,0.3129143260920335,0.08883865150683234,471,12.0,0.2260663083037907,1
242.63576474823577,38.58754693825276,234.45608595162403,2.5030270077754175,2.333342470329964,0.4042253256793247,59,-296.0,1.0162218310061037,1
606.7929152150973,46.68863737371805,609.4249949652474,2.7109164657776414,2.7378513423021924,-0.08692441969356102,609,-171.0,0.15846501709028407,1
520.908656200394,-76.41256720347383,580.2346579856118,2.854971442392738,3.0758735021416763,-0.2782497838593896,674,69.0,0.5519522051548266,1
106.96744382005267,-0.8180751789439569,104.51062828517351,0.3865828967661558,0.41749180920458395,0.19973881083169687,380,-394.0,0.4954967818203817,1
148.6069925138114,-137.50744529677627,273.9214429607833,0.43333138563851115,0.5431941661155244,-0.03279791636474544,500,-124.0,0.18039996818394807,1
145.30715698479003,-5.360911477467425,162.86279162689831,0.44961278969760665,0.4144568281172035,0.1566812047671889,610,-12.0,0.25842772050832774,1
151.79178486746423,-8.67070526636013,162.5934220726453,0.5461775811888878,0.3764389683669244,0.28663129180115887,370,-232.0,0.212074446252657,1
48.695474413902794,-1093.055695707953,780.9456155310091,1.9018259607826427,2.1823354509892168,-0.35288296508865424,36,-71.0,0.45017139944350404,1
204.99249084612072,-102.95760932933209,199.67232955239217,0.3621631659794375,0.4873995255412657,-0.22263414743199034,301,-16.0,0.29748312196994586,1
168.28044004178696,33.687299842061975,200.0048972006553,1.4157144662262122,1.4441531262372396,0.11738306133958698,468,323.0,0.7434119511579989,1
608.8525703391823,40.95880592451249,620.9704814936713,2.954430834655387,3.0085658626074427,-0.08256864312071777,816,-223.0,0.15209720290671006,1
204.85022041654997,-39.280235509357965,206.6915327564067,0.8261586823343756,1.1346039606948755,-1.9688903388464016,403,329.0,0.5731679075168842,1
83.16220646968918,-17.404410945901077,100.00127290176893,0.251337001511697,0.24706531692254602,0.0635706771879562,382,-283.0,0.21537857207778402,1
226.18115848553967,46.7920640903433,187.29568648687055,0.8217873729105476,0.9949865395827973,0.3250506695376399,304,-182.0,0.5475549763044428,1
114.32357025182165,7.3491523747420615,347.3233915154017,0.2791942140260078,0.36647964619127305,-0.20242353703809401,862,406.0,0.28498641191539525,1
221.11797077479113,33.829270169229915,328.8703789081534,0.33031188946056417,0.627403811013661,-0.0663092317396245,419,-235.0,0.3889894330638445,1
189.9952520566609,58.71588924196328,209.8328028334742,0.2538394409289923,0.4174359941475321,-0.08280112869243822,678,237.0,0.15268178917781536,1
619.8326414944192,101.2892462695985,593.7452053879614,3.0627239639899706,3.2340259795370954,-0.14350087283036483,956,-45.0,0.14705732264197055,1
371.87445825360317,-263.97245503059503,364.328177286967,0.34068328199049336,0.600155649598741,-0.6549465438656541,557,383.0,0.3980930285446793,1
207.41373508717123,5.039332545278512,213.21678886771775,0.5759650431294566,0.5231082355598912,0.22906805715416556,317,-17.0,0.07077218490219556,1
608.88556211753,-106.4267952203221,705.4263970576798,1.7369240349387227,1.8697193629725148,0.9013658358562086,1051,-163.0,0.6718184669228037,1
154.14378342542554,-57.474563020366446,155.69364026863101,0.40448338154313157,0.37384612363108793,-0.1554915040488939,597,236.0,0.21821538196397847,1
821.3516396374172,464.96487426198513,278.75583244671026,2.4823489257757614,2.361823467821863,0.31600108817060324,383,279.0,1.4151982251666249,1
210.7148264448158,-8.24729747308956,241.33369053263223,0.8386222307307034,0.9606725804899854,0.09330289099381495,294,22.0,0.1386789293768875,1
157.89829251464798,19.272312526437247,150.86827903210826,0.3278500581730533,0.40277908021605224,0.009014127411685502,485,68.0,0.17625879023075144,1
42.69875095753192,-149.99696198313848,149.68275070255396,2.854773168630611,1.1817516714704541,2.03045411049167,30,-233.0,0.6476331202452135,1
158.8738074577853,-22.787342499253754,165.10280240387527,0.5579834883338426,0.7293495247298394,0.023753448709653013,587,72.0,0.2397965374902209,1
95.41411178047588,-21.193703975579268,98.5393699384089,0.11300057363015566,0.21776718048713212,-0.13061483537850993,875,135.0,0.2714638978060697,1
95.54296620075063,4.4000387270021974,129.82901958898168,0.30099460987788834,1.8933081541295143,-0.4699260546767326,904,645.0,1.5356713177544639,1
149.59670108926548,-99.15138344158208,181.982224454385,0.6690765095638986,0.5589713439716735,0.33678632813340803,509,71.0,0.46495053117409546,1
93.34372584361788,-1.106794149626623,97.85135185141777,0.14105304541719,0.29653638232983626,-0.06644137529244276,611,-134.0,0.40740258748137687,1
417.76913983264,-153.15953354237604,567.8670732766765,2.991128910557446,3.0805570800914475,-0.39549472217849324,806,131.0,0.2359835475161439,1
138.30192359543054,-260.7773259488627,189.75099104649544,0.8508036985625408,1.985340209324173,-0.04387905358521638,164,-33.0,0.9051409379379103,1
61.130208111456646,5.785237753305431,65.48976260807476,3.452819531114783,3.2013285914137604,0.4456230414291653,16,-1.0,0.31009987163615443,1
192.89850984806606,29.427245505822242,172.60996293463407,0.6025859905450687,0.5356693657048845,0.03133775868642963,367,-106.0,0.12779853959255366,1
173.43238917550858,-28.091434031221297,202.87031966001592,0.5234497638897936,0.47081388050804945,0.037998342474488966,537,-188.0,0.2243340279558474,1
206.1492998264573,-4.2216835763326515,208.11186732824882,0.8668595148888295,0.9917756340635429,-0.06734264835825299,310,15.0,0.0814245192726844,1
307.4766415714806,148.75862828953598,190.45896888506778,0.6083772218665955,0.49077619079308776,0.02715788148024212,479,57.0,0.11829345010137744,1
198.14123788420233,-15.945535726621756,271.2732541130165,1.1419467158438936,0.9942200120788145,-0.13607367455079555,348,64.0,0.12601219102012665,1
213.42868180879287,-107.25005474761991,241.80929102378286,0.2574130720159491,0.6021182227237714,-0.5813815023720882,732,405.0,0.34903517987324234,1
101.5709520097648,-16.334898882670316,97.76731080755592,0.2792089336110732,0.28295668307192356,0.1277767945192113,645,-126.0,0.3428067019921962,1
248.08466296810852,25.953898802293594,171.87645550061652,3.46328051781081,2.3947749392864623,1.0041326007835654,21,9.0,1.283201027619226,1
454.36366176790233,358.9183706320899,170.43599194137747,1.276117448656926,0.4424700110508379,1.030282612697716,309,-141.0,0.4741845365518321,1
149.1274784287016,-27.34506940253337,159.74861076707353,0.7728109962120155,0.45865825916864217,0.45196250091013107,249,-274.0,0.3092197512068304,1
951.5299113408408,780.4950098975147,342.4569079793329,1.774942917128358,2.8024325562606864,-2.072598068985918,132,59.0,0.8539266628568677,1
127.14338083787742,-36.84465865740306,158.7604322976777,0.3551416933629535,0.4587753403657041,-0.05116366439219244,324,-54.0,0.3443378957359802,1
874.3074036594624,-666.228129617609,1011.8641150666388,1.0725846798245737,1.678979229229494,-0.7166055207357969,80,33.0,0.4116033228761793,1
202.02949748987942,-11.885028354271867,211.96647846589275,0.5298439398436741,0.4604495483429746,-0.08325501077119435,323,26.0,0.10595985371826976,1
165.44418523879935,39.52805151310753,143.43583788246391,0.33571267404649463,0.3991368015637186,-0.17488040667734017,483,147.0,0.20221420000117601,1
235.1767632815976,94.23899730953627,169.07200827446965,0.5925790348172987,0.41319445356990714,0.2128193675778613,536,121.0,0.147655829308106,1
637.4214630571886,89.70621349883879,606.4223757870071,2.562917223802217,2.65253131069568,-0.1433372850583816,993,417.0,0.18850177966272513,1
338.0288222321765,188.5479487203385,183.463389133676,0.5626883700467386,0.5618469946992058,0.21256626570304837,379,-157.0,0.26649935893582793,1
209.48933168714694,-15.222420177413312,279.7051566501999,0.3463661975337117,0.4704361327629386,-0.21901846485873921,301,-67.0,0.08582672203195525,1
143.96699669502348,-35.11898187706859,149.84773104118548,0.6558870881376647,0.9850335653702331,-1.5011923591708842,387,356.0,0.6535053587338144,1
156.67853949216047,-36.53094264255458,175.13730972165007,0.2679592048920016,0.3680740421490434,-0.03049759950399611,603,15.0,0.20991389710619462,1
175.89780085342426,19.21926136126379,178.30959047030348,0.2820166164554216,0.3625781785757157,0.014057411563419997,677,74.0,0.21149582735591865,1
55.330567145183736,-8.082429690572134,93.11359501419365,2.5611414135669097,2.5966471317972566,-0.038693931195966424,4923,-505.0,0.14518982966437752,1
424.8202342226165,352.01074155701536,490.7421916731193,3.095795255000934,2.6753740403116675,-0.48916724572022297,11,-1.0,0.7056695722248028,1
163.05605396517444,16.241545420339833,182.26213085403168,0.6175696383986709,0.477797430332547,0.4301902462390613,175,-347.0,0.3680859375504965,1
155.20861217173112,-21.677791606113203,156.30815597473526,0.3086408154225333,0.6206117830134414,-1.0051693458992235,683,596.0,0.5253094582055658,1
148.30927588759045,-28.889130011002464,259.6356408286733,0.7578762909483527,0.6529002078342827,0.2045937097461642,418,52.0,0.20279809324078685,1
143.20608273003475,-21.575885160854227,168.08669090272377,0.3863484200507409,0.5162704509355015,-0.18595517857675292,430,109.0,0.1750674193240584,1
357.85362613658845,170.2819793443169,299.3798719348616,0.6149288783487097,0.5838224630707737,0.21148657668923326,512,-223.0,0.37095024964417916,1
189.35991038150163,-30.313085851383335,206.17218834825434,0.3040772218440677,0.4244623314636665,-0.1281849815079994,389,-19.0,0.268656103559246,1
115.99038330594378,-25.096980539770314,110.02681564931052,0.3128944568287183,0.3997247244373726,-0.23715396926495824,589,120.0,0.2641603989810072,1
194.67205153442947,-176.66249726714008,187.35582008747696,0.36279135136815654,0.36601462660692363,-0.019182514152808194,419,98.0,0.32743740246514813,1
185.07403237876863,10.435859037335547,210.3166331459654,0.43659280617738494,0.43645853335351575,0.09056946166509844,512,34.0,0.11930630416882446,1
48.3667240982889,-30.48239341949524,244.27951553475992,1.8010143058068349,2.6813511218845965,-1.4127433724859761,40,10.0,0.3366950028733671,1
745.257647257901,70.26880313106506,678.553446416262,2.9887697778704316,3.0123413310810543,0.08326213292817108,1332,55.0,0.09102415980234212,1
373.43189671999005,0.8071806001909749,256.33302353770154,2.9476132088337663,3.200985700648759,-0.43591317394366547,34,1.0,0.16877647498991885,1
709.1699159463928,197.53850679644177,310.84800280791126,0.9699075603699543,0.43281656937730506,0.5291415466749556,441,-89.0,0.12306414293643662,1
1247.120803437513,794.5439330533975,680.5286858424199,2.4171772332364023,3.274649951024654,-0.6972690125640173,183,37.0,0.15345606469760456,1
84.25043367789497,-9.10440863764417,137.0728562965402,0.533459604872153,1.4158255716854358,0.1406642727053638,534,-13.0,1.0052217963581105,1
58.744903768930136,-26.19971844445785,110.9522703866232,2.642084684580501,2.783243488263577,-0.12556143638072337,42,20.0,0.46723678484451636,1
179.38909439519637,8.578469668306838,182.28132784941346,0.4967367033729077,1.014853738099607,0.115235475553223,486,177.0,0.5400974991760247,1
817.3594642425376,5.874603372395768,727.570775801285,2.0686192033422044,2.029069547882815,-0.07731903300949527,105,-90.0,0.8843123272213589,1
175.40773308177972,-57.957480184247174,189.87110985765543,0.4735348490805694,0.6644312070271625,-0.7146829402766403,375,314.0,0.5122259340661105,1
91.14292747374843,18.168555749344875,173.95777645918636,0.7709206645546209,2.2567018672168397,-2.5503756691302404,259,231.0,1.5176241283330762,1
320.059660555936,13.650337700913838,355.8130261024501,0.6393635776027013,0.6056472729448125,-0.07651345906652895,465,-13.0,0.24918841396562844,1
614.3301626941361,23.932328070622702,603.0507650012128,2.4216065825728617,2.6232583842857577,-0.21150542539534722,1128,83.0,0.21236616311337153,1
161.7513814849965,39.45527799428882,147.5168546101003,0.38555578380243744,0.40442541125608694,0.0339601295436987,396,-52.0,0.1585784074505797,1
137.499261527667,-10.447772186646858,145.38058156653906,0.21412281241932993,0.3560831115749646,-0.3485932917645028,592,133.0,0.11245080432161088,1
127.22869020524479,-31.758395224148927,139.87713228943218,0.3712793577926479,0.43878202553338574,0.052458595068542224,575,-25.0,0.4041085485071807,1
238.1466989671769,-400.47458901519076,472.5272194676685,0.28956346013980455,0.6000711875900745,-0.613933235774007,521,65.0,0.32635815442685856,1
205.7259895470441,8.525669343045422,205.76685932270394,0.9245086187069858,0.7884736566128916,0.36495383245387536,324,-17.0,0.05328472228811875,1
569.134367836005,-96.48844648860188,577.7829389961533,2.9852327893328177,3.0612783072750056,-0.16569245935604338,949,26.0,0.2816377276431295,1
151.2358852694509,-122.9567474674399,181.81076360972085,0.49348654415567783,0.41831342786927184,-0.1079843703389769,949,602.0,0.38318223420800024,1
212.34317480030313,3.2826619941504305,202.0816081581856,1.4438031388890973,1.4708549051649813,0.494162514138791,171,-384.0,0.6350635455897933,1
94.27032685755196,-15.136649068226532,103.0975848785708,0.34590101513492805,0.23914133156273687,-0.03840420782713977,427,-282.0,0.2676067728253465,1
69.68262043026009,-356.5497992827021,320.39987156387247,3.2813734094119917,2.902767069489014,0.7213444732997689,19,-4.0,0.1898796724300419,1
150.19606555942985,14.931899171204208,160.91405443154392,0.37911582549779504,0.31892846037215655,0.14958972862814868,441,47.0,0.2394452772517322,1
71.47537540958304,21.413474668428847,73.87847663898502,3.392747410448785,2.8813939314217882,0.639892105245552,26,7.0,0.2409253006781141,1
221.85093179918815,-133.245373378886,372.74550380397415,0.9758021365046441,1.0594412384930163,0.41569611245755744,242,-395.0,0.3959195597727246,1
43.71658549858131,-9.413474463044693,58.788022863902405,2.557560663511932,2.5899384824629563,-0.04471300872782091,4606,-418.0,0.10486856188203834,1
700.3450030238367,73.238531763531,614.7336768935602,3.190355629464998,3.0883455777682354,0.1310486284098049,1076,164.0,0.14447654014917127,1
190.8735405759469,-108.04938682950922,282.5701211370393,0.5736830786329683,0.6089149258991798,-0.07095741997421923,563,7.0,0.04714532601677026,1
669.9736594518532,228.05871467531404,596.172931803754,2.797304338400616,2.988846480432752,-0.2951295040283992,1141,-1407.0,0.448840435438534,1
160.4478238498258,33.44108805643778,171.90459220769057,0.7290490791532297,0.45949130747368566,0.39847106460580606,361,-382.0,0.5277810208775043,1
278.3738998399666,3.1696830551505855,265.99144142863435,0.7154197401198865,1.0568836826571641,0.07607122328783822,109,-80.0,0.38356831649356665,1
234.83127845839365,22.63589489526575,203.22783677907947,0.9975594271896413,1.277893654554664,0.3432666939671113,315,-29.0,0.8073056530281796,1
73.13512145081626,-50.72444772596256,447.7624159280205,0.17131001687360714,1.6078280160215364,-0.21433967639795287,713,140.0,1.0206268087580863,1
81.65635766670157,-13.165742916221191,97.39114330803811,0.23092620778745931,0.2763367445746344,0.08099814843118372,525,-99.0,0.1865131258039214,1
138.6602342487372,27.881408355860813,134.24261494175468,1.0172534820224592,0.6964383220534356,0.5121374143366172,155,-206.0,0.37188148677147004,1
145.90795660126952,-37.425620590607025,166.93555443674353,0.3539206561707458,0.469802425550452,-0.14959989025839465,679,172.0,0.4288376836287488,1
209.93971604963173,-74.92232827625008,426.492708928701,3.2437964362751615,3.082733563144193,-0.4870475366582756,40,-4.0,0.4730536928668243,1
177.76158078688286,37.6766958245814,163.69470815172377,0.6512237219477995,1.6684542880971385,-0.02355382946703588,606,82.0,1.085118393200355,1
171.93250284390544,-19.118199701836687,180.9917329216329,0.2891370223108806,0.5208068090155976,-0.47306334666563493,680,434.0,0.5837520231868614,1
107.36074012216673,-145.78293279067233,169.566777388703,0.7460430660895143,1.425071492562902,-2.9374992963437165,343,325.0,0.6759926188962883,1
144.358305416211,-13.503592081876633,196.55122686310781,0.3885541101791001,0.532783580042018,-0.296992296933516,597,30.0,0.14488904665662466,1
653.2603658409531,16.325292036586916,589.4065085993172,2.97401675134374,2.991625914053948,-0.008998429961887489,1079,458.0,0.19230086572217664,1
131.2793628146976,-66.55606252400793,211.41917082265414,0.3366405696214305,0.43611384177701573,-0.058879799321487014,441,-163.0,0.173685877302067,1
201.60580152318735,-7.53770257417267,190.35764635497682,0.8086994415797916,0.8328065651046114,-0.12418991187490713,191,-89.0,0.3372685425740186,1
1065.31867058296,974.4154165157926,272.09128310920084,2.238291557230035,2.025849980343929,0.2058038680610812,79,54.0,0.863034231618129,1
204.92763095384208,-7.650344441252855,206.05822619801899,0.7240410579314258,0.7330594042062654,0.09261341688961144,314,-5.0,0.04219675363001576,1
209.15909569607194,-1.644522078355692,210.44639045942876,0.8193920039909027,0.8691767974673335,-0.005565013812455444,302,8.0,0.06164488406353939,1
594.5286114414096,86.02494677701736,610.0917864531152,2.793131643128585,2.929035155286063,0.029044423353181692,1240,428.0,0.25424847754791624,1
175.39892916548763,8.315305371908323,173.4756675833324,1.4756564336829376,0.8384348614770744,0.9237949485863477,234,-281.0,0.33622820994339375,1
223.3625947127785,-159.1576802043346,283.7599493429824,1.0573499615847664,1.0972869042852484,-0.5288662455882136,555,386.0,0.41025351195768456,1
93.75653193662201,-18.02834531416154,101.16521312301003,0.3062877820865684,0.3162219715693634,-0.00509537561871215,593,192.0,0.33767866337879626,1
147.71185118130302,-30.875841906843732,182.40271416707486,0.4803834038729084,0.5637276120767513,-0.2164161872338936,488,78.0,0.17168609549826117,1
168.08295610076985,12.801448221587748,175.9171232326899,0.42168447223657674,0.39065726378334326,0.09627750754613645,459,-173.0,0.17016132070415602,1
62.44177787013087,-0.5169828828855074,149.6514494478825,2.66172715595816,1.3727180329394837,-0.08990201142966292,42,30.0,0.79471693751056,1
84.27253037022206,-50.38175410127408,158.25827210389826,4.015319531114783,3.099887988955332,0.9181869811551899,32,-3.0,0.3519157258634513,1
228.06906988071012,52.49715710867568,180.0404778377082,1.153550128536639,1.313809347132462,0.20687739008005468,206,-125.0,0.3272310496730643,1
660.0729208536015,54.57301218241014,636.5567466853815,2.912676541200268,3.0386041860472233,0.07581288679622622,1090,234.0,0.1326255021372401,1
60.91931592602323,-48.547135127559,95.06709248429407,0.4034646140145129,0.26206012873609585,0.11886387354521738,490,111.0,0.3913606105259549,1
2.199887763691481,-195.54796765069136,149.37582810574548,1.7527152789797051,1.7226784937524464,0.10398415209156275,9,-36.0,1.1928532308812956,1
154.00863273678243,-8.548832426562427,167.7805930169111,0.6055562342823667,0.5303197452478897,0.1539511476490818,453,222.0,0.24854107849412813,1
150.35132981200275,-51.01867085325253,170.38876132827792,0.4408781204099636,0.5218002955248491,-0.20997903469972895,505,128.0,0.281633537829506,1
47.09540618734079,-87.96845271999197,143.69064412154404,1.9548276377522933,2.581638554923132,-0.24489835206583987,45,-26.0,0.6217507962123249,1
151.7668740044024,25.95773058910649,150.26087874272417,1.2828814379215683,1.5142508901685308,0.23186334741434567,141,-211.0,0.7605616748379671,1
82.92687276944015,-34.13434182306196,102.64428328422498,0.4234979260944899,0.4457792774160664,-0.3311503842914494,415,44.0,0.11941097600494313,1
109.18358283133641,-0.1598299552522633,103.02721840934475,0.3304167417479655,0.3527099568377933,-0.07146676731814305,381,-47.0,0.15422866345626626,1
207.8851273751388,17.357003226465878,201.57075518167602,0.598522565366323,0.7696077051397404,-0.11697453062036145,304,-65.0,0.08956376345170262,1
555.658480945456,35.552973954068534,537.3710016114906,2.997861503582291,2.948672503916037,0.0036434658097324046,1054,204.0,0.40226895581315325,1
155.45412614848456,-13.370496239659019,166.3408867417553,0.7706121234513196,0.5376839122137659,0.3703377242631431,276,-40.0,0.4100118762671057,1
170.94160285559164,28.61506083116973,159.99128081062372,0.6359762044193205,0.5787971519555817,0.06937168507000258,490,60.0,0.3684300071897318,1
110.80372265959495,1.8142773319145817,114.0763991184261,0.3726332464972794,0.3688125295448473,-0.006825957461870369,464,91.0,0.20810192181930334,1
88.35111000464711,41.4518292736883,121.085105990519,3.071034795964158,2.9730982012501856,1.2321948382486423,26,3.0,0.4483981214484648,1
206.1795580097442,60.89504967792365,174.85812319789335,0.6527014626920095,0.5323035885272154,0.08736316275409173,378,-97.0,0.22022390552241042,1
186.17234652566086,-9.877666356108534,222.2207704282103,1.0346157658085815,1.2313967372851866,0.4453640573319603,172,-338.0,0.9946016626024157,1
94.01070918582674,-34.03396785409298,111.87445503287022,0.4827097284001863,0.4305052755802746,-0.010890050683991459,582,133.0,0.27566173602602684,1
559.759181059549,-87.68896513313302,565.354415656336,3.119368730642326,3.1144542672965,-0.12190257179820829,821,-66.0,0.27769306267361077,1
87.03600005815093,-6.560136007343431,76.12506949673728,1.7600335904608964,1.9063435007074154,-0.13196189657812418,28,15.0,0.45731963898024647,1
146.55801233748122,-23.1918698417376,168.67882456943533,0.40725533559784804,0.37887054529168424,0.04195126431367263,446,-86.0,0.2278925670440066,1
341.5319896206706,-1266.9740009003315,792.1200184077733,2.2199740138971658,2.358761517778722,-0.16865738889950865,39,-3.0,0.5513471593229801,1
123.82490372308948,34.24042801614675,97.42539532359686,0.5519016231597983,0.34553199465424883,0.18357394220875406,599,208.0,0.3650806136783343,1
222.14018998011278,19.35599142769823,208.0687074167128,0.9572706186645185,0.7586493232824195,0.34336725500526133,349,15.0,0.04207622496766454,1
130.3283162623824,29.701469780385622,102.50333799730129,0.4849032724050967,0.302594920268405,0.30725565433697427,519,188.0,0.16237507804159348,1
172.4442372096893,28.93132177698689,157.96741706749586,0.41566353374602605,0.3948384167817428,0.03940076720830038,384,-172.0,0.210556242123129,1
165.0195763441255,41.01816135491181,146.41704156154142,0.43391643290548704,0.574748298247224,-0.4078056952162829,574,235.0,0.271829104282011,1
114.08703336434284,24.789783703240772,128.81950674421768,0.4775815252579205,0.4706626396215716,-0.0848671037315375,287,15.0,0.3317209694993546,1
63.2435767489474,-28.209720621896487,81.32384795179229,2.0,1.9332767531237098,0.4856970485263754,8,-17.0,0.47121425711664483,1
218.5345052141831,-87.75579339610132,347.47830848014416,0.3304709045485421,0.9634494255832198,-1.1402258871770359,736,643.0,0.8129520187415921,1
168.2924722313495,2.5789759110479054,164.18383574905394,0.30591941434386527,0.32432944596824814,-0.08189641579995538,494,-32.0,0.30908742246467835,1
215.35292195567587,2.0088049773328294,332.05506122494745,0.3916290020915393,0.7158774949919688,0.19235870404733055,522,-519.0,0.5045421473369125,1
104.68919230025887,9.0637081564264,127.37785147580863,0.6409102664612305,0.3880907153368043,0.2267162092517736,201,-216.0,0.40213975037447297,1
212.7716911129353,133.82822396132636,250.71242564365508,1.1240643185152905,2.4154561684302727,-2.268683091933495,97,84.0,0.7956619233544777,1
102.40637119886084,8.152586503864896,98.01967401755192,0.25716805545511884,0.2224901302515266,-0.09642696356135017,323,-267.0,0.2984368353609519,1
156.23920624853446,23.448941526314826,129.86329577127725,0.6136653827656506,0.38161614047928655,0.3035994194186852,286,17.0,0.18882809626374242,1
102.20630596636364,-28.25582772308759,113.73663963625181,0.39843417813133025,0.4044754763866272,-0.13248261132132005,520,26.0,0.27897444542836175,1
139.62851787511966,-37.11073041211753,180.70218370885624,0.4838018593830486,0.7615769548587299,0.13549494035237392,509,-78.0,0.5092313191089333,1
198.10412241517434,28.35568392132103,181.51017634924798,0.3564408721115607,0.34956466018747967,-0.0647314621665176,663,147.0,0.23753414023420508,1
578.2747968021341,-206.607485199577,741.0507474864951,2.0469382672863614,1.9630605411393998,0.25862565811551996,215,109.0,0.30764306526972646,1
201.12096260708384,-105.64072974516168,204.23840591774336,0.406305896526605,0.6694883623253878,-0.3599396920136807,450,80.0,0.16719043408823314,1
182.24000521601667,28.229254862381282,135.43752959696107,3.617809684374455,3.1332441369218578,0.4897244054830603,21,7.0,0.2574017502167961,1
207.59138951314915,-0.8858942268881833,211.38804447513226,0.8548367004778527,0.7512887438588781,0.15146379826654355,320,26.0,0.07525678546336602,1
81.35547707418655,-23.873084128389905,93.86647318662361,0.43788137249659864,0.33671833412362395,0.23097570755719782,552,13.0,0.21326280537922795,1
745.5851931693905,-96.16181572475966,809.4895352114233,2.039728412080997,1.9754346255761337,-0.3010653276855204,128,-132.0,0.9214180082067607,1
303.5249038168245,-160.12986435267652,344.7280889168645,0.30692715269257237,0.7811422444494214,-0.8947647236023331,826,675.0,0.6734690421224044,1
219.4679214203477,102.96209475770758,126.14780700820468,0.3667743723580858,0.34441178169878767,-0.3223261225774337,491,72.0,0.3239627022072749,1
195.4024573928742,6.370409776122841,156.27366115330844,0.7751558066668358,0.6241385097450018,0.3266949992869041,267,-46.0,0.2704352908547458,1
194.4349131668517,18.01094457647565,174.42982255593773,0.5882874703488224,0.5444228722256943,-0.10151511176565076,614,45.0,0.17416315037104704,1
65.12510427943178,-17.80176849000837,98.0176521535765,0.2652621084032719,0.4226687529149988,-0.15823581769121797,421,6.0,0.08532904942501894,1
121.99079523138259,-10.746444384336101,117.78463178289341,0.6253160945040013,0.37281341787771055,0.23228310649115064,670,69.0,0.13222048420062033,1
196.6859668919793,-8.511944103025087,202.7189227507565,0.6607589585406228,0.488640561077732,0.034081803212928086,334,16.0,0.06042578097065703,1
173.27568353110962,9.900488227047134,174.06342288319345,0.21566981008477704,0.4666762943034747,-0.3706091563976709,602,226.0,0.17472191563584777,1
217.7647073427197,-169.05337598823928,342.2522093222903,3.8282375018429553,3.2611441002119173,0.5033745442255988,27,13.0,0.36737486368369654,1
70.64389962079683,-267.400466996446,178.47564061806784,3.2483650467509046,2.8146745963915154,1.2034523135119595,17,-5.0,0.28274871807119395,1
547.7692808037741,-101.88262686350436,605.1162550896536,2.7840090589494113,2.8521536658148703,-0.12473393407834132,864,-86.0,0.10196392643678728,1
49.346605759667,-37.73220752567464,72.62184802278423,2.2567796494470396,2.9045927852989197,0.009564603205187261,20,-14.0,0.366808669312009,1
119.96522422659224,-171.59612777128643,205.11272867660196,0.3266536233196563,0.37178832791776906,-0.25568453595156426,516,-55.0,0.05700866240691457,1
93.59613606549436,-0.6761633441740003,76.19437222873829,1.8919954870390205,2.0350628500452332,0.08423191062182656,13,-4.0,0.4488302550264871,1
176.03035189230866,16.96142995156484,163.3833365276999,0.4995193995238818,0.481334934272585,0.08992937500547199,346,-26.0,0.18198931720850361,1
187.19688858129547,-12.587918659821241,198.4391986175039,0.7441436611212352,0.7556802445618549,0.042066070418507406,368,37.0,0.08831240986440461,1
246.03350666118632,197.32157720847508,288.6929241543864,3.3190795706241745,2.871682636041582,0.08017831402154352,25,12.0,0.7843214644321452,1
196.2803287391146,58.31469694787626,172.39916711545888,0.881461267532955,1.2604709198568416,-1.6388094359968226,254,209.0,0.5094646968532375,1
426.4106727138941,272.04074653792316,265.8598995357901,0.5620192944491545,0.6840703308746134,-0.06288500168456335,426,27.0,0.1595789936486306,1
658.9234475772388,6.042326407954079,620.4026171384855,3.034523417094769,3.048250292641169,0.07225338167717288,911,5.0,0.041499849524060495,1
164.46151647117935,107.51984309686881,85.66260167954707,1.8997218324096137,2.6024298982413803,-0.1159892803205258,25,-11.0,0.5625624816355683,1
190.80163105331954,16.256406135760983,201.82798372448036,0.7442617298240917,0.8862631361203718,-0.25893816361011335,411,289.0,0.6156227659022107,1
103.35559653277575,-8.727960763514815,103.83657119049917,0.13035399993335833,0.23198269353419976,-0.09282916318323814,742,41.0,0.20795731361170705,1
208.8952070632785,43.76503507656045,172.91981579937746,0.7961193363499912,0.5620380317275213,0.35629719110407215,388,-149.0,0.18995586987573193,1
37.80495792551554,-57.12149853476669,82.66789815357522,3.202819531114783,2.0794816577129516,1.8770347499114521,16,-7.0,0.31775852949770955,1
110.80497549213085,20.36098031784269,111.818844273449,0.2116934611661465,0.42664109157938296,-0.15839384122107503,434,-53.0,0.2492430714650661,1
598.4986040457575,-65.87479099409632,585.7718932045535,3.086487076251039,2.980982820221887,0.20206382314056004,1110,-156.0,0.15000870413363465,1
508.7890526887729,-154.46922018438693,578.203841972915,3.09740350762106,3.096295137928869,0.08093212684224982,2045,911.0,0.3343764846177089,1
200.63371822524968,111.69123938113219,94.65162478596724,3.2049868557726664,2.8785024952613165,-0.01611039428529093,24,5.0,0.5022134298519221,1
281.232693716686,61.33535443714351,217.0896814763948,1.4679397308233444,1.9899877419783045,0.4633409456587616,258,-117.0,0.6489627771803073,1
111.79403253947777,19.209260749164372,98.93698353035369,0.5445248117864687,0.44384225901343094,0.09076704285358939,639,211.0,0.19958342539135096,1
589.0414957198049,-28.447799955381356,618.8914758864721,1.3088686444849984,1.8155491485887751,-1.5479103299527808,109,77.0,0.7406496277548237,1
104.7843968616188,3.9900478332358205,92.63130902974066,0.3474687105398343,0.2641301924485016,0.027606866629133364,533,-1.0,0.16099332501355376,1
224.54077586528007,48.723599330697766,173.1699738137143,0.39655078509662645,0.7096911327892299,-0.9118695990935358,561,55.0,0.23649298285481712,1
213.57003556043557,10.554801684274764,173.82031128673552,0.44610242433351593,0.31692381393379043,0.01847846683931237,560,66.0,0.06660649704850086,1
306.7833793312637,0.4392129694919049,318.8177422104788,0.7117738639533385,0.774793903891102,-0.047604268975821484,170,50.0,0.20646336354760647,1
217.15051300778822,64.2852547721057,267.4118269482927,0.4170476783432788,0.5762252275964459,-0.16211275295187666,448,-7.0,0.3182718437472692,1
57.02285390391241,-79.09822651808278,150.47443066122298,3.4677201004744993,1.2098153401073335,2.958980153302437,28,-271.0,0.5754788526237993,1
292.1930627894597,101.61630754849796,215.28104932115284,0.570655861922104,0.4741973607847919,0.19173984272556804,393,25.0,0.1264265257471094,1
156.84054658014935,-39.10336386788339,173.61481429854285,0.724687682183827,0.8791927269300738,-0.849567855559156,515,395.0,0.48532019271108984,1
216.42578739377464,10.88342963427695,210.75797763718498,1.0837333071947077,0.883647337476444,-0.026985402538961534,306,-54.0,0.10055013645521813,1
92.94021020163851,-261.3713899471571,150.54288316234062,0.19408168569954498,0.2756120508477317,-0.28613837963429145,681,81.0,0.06085162690774762,1
183.0494739592708,-8.489124911561333,166.8304227356585,0.7991973420717398,1.9546156058356523,-1.4724867800458155,290,243.0,1.0668141861926856,1
537.8967511785505,159.30879050047497,543.2499951927256,2.896832248301224,2.988733651486898,-0.01481251924436533,611,94.0,0.27366084212191577,1
115.74167521342133,12.117267833933184,113.76608273948246,0.6380158015972704,0.603080830828369,0.07541975830982961,479,-15.0,0.20070579962547608,1
176.7466197971983,38.086385548461095,141.77884816088059,0.5898317416966504,0.6923988735633957,-0.4274217403258088,485,330.0,0.3722490454785131,1
194.5895260131773,-10.232320454753307,208.39958554655132,0.2646313740089616,0.3966258395864849,-0.2712477191458879,395,70.0,0.13332057667258032,1
566.3119047009035,69.3849642587191,529.8579533165,2.51217751643898,2.6897149436745598,-0.3826300720392579,768,-90.0,0.4620627598308899,1
193.88555420733795,60.18904195138242,192.9024235701254,1.1160781044397772,1.4797145130450335,-0.8149396690594863,89,-53.0,0.7162860560144417,1
625.0729488291945,-20.724002489067516,775.5068799826366,0.953663169442677,1.7446783145377203,-1.0633586266377635,108,54.0,0.25633442940721335,1
161.33483834159873,34.036376328132405,155.58327676833392,0.2531061502148184,0.3448655665086072,-0.12451453118456912,473,-76.0,0.10588447369305666,1
582.0389074795125,29.394747718852955,576.9134228162718,3.0487448740182126,2.881961661986705,0.2178694456661252,608,25.0,0.2536045528039913,1
228.17158908045639,29.07201491251749,235.33865493381956,0.9204279837792497,0.8188611417531568,0.31467377765665994,322,-25.0,0.0326800620795201,1
168.1596488406223,115.83206401543114,114.40528734731117,2.8693389591220306,2.676197520463643,0.13075109889109582,4989,2956.0,0.33239812815131425,1
141.15112622401165,-88.23869835241632,207.49543541258203,1.3705671196759226,0.9199467921449471,0.6656215878978828,109,-566.0,0.4883778312149458,1
179.15118043217961,38.84661867217778,147.41405038307303,0.37648430388022236,0.6735524519491632,-1.2357127834209904,688,542.0,0.5004010982627614,1
163.19601801082217,4.643867776352863,153.9735788711127,0.5345233015643204,0.4891207845148182,0.24783657506868734,482,-154.0,0.22650669326319012,1
71.09824189106226,-403.2916788229006,259.7282394963223,3.1037016960573482,3.5173356699209775,-0.47492507096252545,20,-12.0,0.2984807228902455,1
89.57914042900836,-95.76097714857784,152.76061195312352,3.5434651896016467,3.36418623811171,0.2775838196415483,25,-3.0,0.46564039300887694,1
145.7433956198826,-2.9117179072940758,153.30052725108132,0.3091989574504849,0.3472559722341864,0.1393175513443181,538,-182.0,0.1982777990628827,1
204.0106828431422,-15.722367356967965,180.63471250154333,0.6534642308799823,1.1908599033637937,0.14512926651332936,382,-211.0,0.6053201204451464,1
598.4945302073266,29.647418008343948,589.9301928417647,2.9386808711494257,2.9159962397511294,0.09082203594325389,950,31.0,0.15309537181887128,1
109.22384761987142,-401.4764809729545,362.4933070471681,2.5232314287976214,2.543687057071616,-0.2952266652392961,15,-44.0,0.6033457131814842,1
231.4534629783952,-72.28608090176331,293.4181028222214,0.7553782325983628,0.9973213569054854,-0.07911254740940254,180,-14.0,0.3216382884998676,1
600.4842632063084,-64.86855625178862,599.4697434684338,2.9971218980017795,2.9717438609006104,0.15634329215070641,558,-399.0,0.21010185482839258,1
186.0134262338978,-412.6598236703313,340.2616465566971,0.7031334059345663,1.0123647093464145,-0.7771717239322725,648,432.0,0.4119198511047745,1
414.6074280303247,-218.4930427956411,459.1412589442349,1.3235167191499253,1.1561681276123326,-0.11513721633009744,629,144.0,0.1581824266942931,1
141.89301920490718,5.185391876822365,144.44091880332462,0.15643461037215445,0.4472325371042656,-0.3248547783834272,537,-7.0,0.11414698517835187,1
209.74441076424057,-19.78591896593889,210.00503396789122,0.7127516099197334,0.539896051790644,0.0795400241731753,286,29.0,0.14267817328598084,1
656.4675834831,30.7477195347534,676.5636313760654,2.144883113417852,2.230548349076771,-0.5217395008702739,1224,-1401.0,0.4808633265275909,1
329.2434924920989,130.2099709996867,343.67793050846086,1.5280949721131694,0.7627456237027601,1.1372557421862992,58,-288.0,0.5144438466717804,1
138.8964557191889,3.4508950540895285,133.30198928232699,0.21227473696861815,0.7760635450567123,-1.2492834078428963,1041,939.0,0.8404742562402505,1
196.79219874348334,30.41078889177777,180.38385217552747,0.6520370585786205,0.4290255385083649,0.32111128083442636,327,-268.0,0.2779197818773289,1
157.0258042804446,0.2530878625385071,157.70015764397982,0.5528931846103793,0.3830160038633671,0.26515338314700776,318,-208.0,0.20111183312070338,1
125.64963431733145,-34.1924436769784,258.259209535153,0.6913768812542573,0.630854660483311,0.27884830705650937,399,45.0,0.16288226951277393,1
752.8833628289918,667.9526687875681,358.6236987699482,3.169382490786664,1.8663284511740066,1.4612500716883814,27,-10.0,1.2732773043366004,1
21.81346155210505,-0.5495676209558411,78.65396030724193,0.27634513203094924,0.6849433104322687,-0.03470264936047118,447,20.0,0.5290125777296325,1
218.07190235749977,6.772440731201613,207.64653695088268,0.7482151537886043,0.6206658635533363,-0.237628710954223,363,51.0,0.1728187550506926,1
285.26488935724285,-36.705543792270475,265.03878977071656,1.6228921423310436,1.261589638175004,0.6751731686636967,100,-30.0,0.8285864155610505,1
319.2947773324429,83.40824364687288,249.74494917403075,0.65199284641914,0.8556677278018604,-0.3119272753778979,387,232.0,0.4162113412717693,1
244.55218027257584,11.293623545320656,233.77094713515288,0.5190175744838544,0.33786575819774284,0.2889631371967495,237,-7.0,0.07020679682958866,1
699.2619124781763,-111.13065771871368,653.4449207506756,3.2615946201028487,3.618337979952018,-0.1461178475897178,266,-15.0,0.20227502903696726,1
408.59036808139376,238.48462931003732,240.15700411355047,3.189898095464288,1.3328156638165187,2.3827404910801335,15,-215.0,0.7531430736645779,1
762.664666275753,-110.80254617385572,722.0771724351897,1.7140658924140144,1.700819969701896,0.22661411913394192,86,-54.0,1.2081507536487535,1
552.7798876925798,405.3913567696513,283.82365169100603,0.9841133682967526,0.8743550102370019,-0.34043035026094526,727,517.0,0.5040741535469474,1
150.99800225095967,0.38856467925242555,145.75660407189687,0.6621643902509229,0.49976574979665733,0.05774401937524598,436,-19.0,0.06629547633927484,1
131.56949825841977,-60.2185856950986,183.23138647403806,3.1751231351134606,1.2118641939226777,1.8294575002693343,17,-80.0,0.8391128450795875,1
171.03490144332613,-48.94495173070692,157.78225983013783,3.847540986114276,2.4986561239627023,0.16399862368104534,73,55.0,1.0238084557317795,1
137.60983968065642,76.91184207299025,113.87230328851619,0.9538519996032553,1.8481005435079871,-2.771628557394613,127,109.0,0.9508586021799604,1
204.22063789737555,42.47065504731256,183.3564405297969,0.45417925938709314,0.3695436413136437,0.2029639827773808,373,-21.0,0.3295230898486521,1
564.8599929030978,-39.67907944836179,589.7636962600686,2.964386093222679,3.0526857416746935,-0.16492126726453504,949,41.0,0.15730858825448726,1
87.09793924317707,64.58039053111696,126.63616870889553,2.434549139995202,1.9543577339010234,-0.17168978865818785,28,13.0,0.38819989255681486,1
119.27247974200075,8.468757082405801,119.2286789761868,0.28453773817115646,0.37991461430999623,-0.08809550832612295,672,208.0,0.22838555652267903,1
222.8250977150354,-21.727082557540427,234.64539090811968,0.8368189146243631,0.41887047997936566,0.31780134014050865,287,50.0,0.07667539696315183,1
214.12469211802963,20.042811351598772,351.7528835428064,1.96906573525465,2.3450215371035252,-0.1356935077057837,2214,173.0,0.5150272632731289,1
297.15090442399804,-84.56908743551105,315.0945343577699,1.282425954337534,1.368906160329432,-0.6460163683804434,40,-22.0,0.4187988728643353,1
106.38012982723512,3.8338605442781244,99.59343679122284,0.5506337427138719,0.32027334987075695,0.22615743875830585,253,-215.0,0.34064164209536585,1
399.189321187105,-104.5421132347418,646.0707128662161,3.2592041683482518,2.492946377610624,0.9069376070468884,29,2.0,0.776394971412581,1
160.85193195088817,-21.26685177292643,116.94869377750929,0.5383404745806217,1.9576860459312275,-1.433847005069698,785,633.0,1.4948080661909802,1
196.36891804008118,27.626275042877495,190.18685659694623,0.2685360440382737,0.30607193816064926,-0.1286386827033157,530,106.0,0.14872224802776685,1
102.78641215373509,-59.00872171203497,153.33977859187036,0.8702914382513117,0.4742907859851552,0.579071494894507,160,-282.0,0.3829507432717863,1
220.55335711190915,34.229608200334184,230.28436815795413,0.500672066542967,0.595943607942679,0.006003608347641631,270,-158.0,0.19250776059517521,1
90.20923826556925,-21.15557496823503,96.0517223748122,0.33378833778193484,0.25747134422161716,0.10590190593975446,457,18.0,0.18082766550794746,1
118.81197484722504,-392.3299636957456,295.6699916100862,0.29219274442046966,0.9589574467601916,-1.519104691933348,599,326.0,0.4606519931872066,1
52.623919841559996,43.3067758801503,51.67728106379881,1.665014246083831,2.0706229279520394,0.4768923444760056,81,29.0,0.6408739460251035,1
202.19221760889437,5.506250716915076,201.29925859568743,0.41174334711955407,0.44500844632556813,-0.24901561142106876,310,-24.0,0.05163050439058366,1
77.20445157987977,-35.32041252278118,76.45003193005368,2.952819531114783,2.881551136244137,-0.5854910645002236,16,-6.0,0.3912882531898514,1
133.03653276669897,-50.989888165362714,143.37867596620188,0.3360676987233491,0.3484711259890829,0.16102466287671302,545,18.0,0.12202852357213777,1
88.25825993267419,29.63058204921223,53.124195586958876,0.3808147309086096,0.5060246634398786,-0.022438084283713078,506,94.0,0.18214863390665184,1
508.5036646643922,-170.3117285550568,624.8312729395461,2.764087219775403,2.964862019061723,-0.12126334261485949,812,-215.0,0.20583759547246616,1
97.98828662593368,-129.006972135125,167.36318426878012,1.4216153316724465,2.7354643473283593,-0.8933644888440351,33,13.0,0.34990020254439735,1
337.84417372635687,109.62292830529955,239.80742889301155,0.5958765797819084,0.6125007484410225,-0.19970283624165663,264,-61.0,0.09826821055134603,1
161.46242492915658,11.209654564127561,157.39851937538933,0.40029516743049287,0.397100872700669,0.1793040769361083,404,-284.0,0.2673817248988963,1
180.74809905351017,-38.18245924872346,184.08723331766663,0.48023220901468633,0.6107055765376656,0.0205152919728544,413,-93.0,0.3169670562416819,1
131.91470534496617,10.344616503199859,267.45822543918246,0.35837270029446516,0.5654555861729061,-0.0073259823183091655,438,-150.0,0.28628605739620444,1
239.17977275146853,51.459112240192695,186.02834719363287,0.32354214800262543,0.3802672233570154,-0.0015338312820570854,570,-13.0,0.18600634829510948,1
143.20337475001205,-65.72098128156671,180.52343190787286,0.9128556593669636,0.7182694171959789,0.1352552045463783,170,-10.0,0.46700940231141413,1
96.27108833382736,-81.57647609380125,187.45363794905978,2.521640636343319,3.218559942812019,-0.8285683927565786,7,-11.0,0.48773840084872544,1
636.2541614473571,66.14014331954797,607.5205761633506,3.1123502012272044,3.0070800400675117,0.01874171982204853,708,41.0,0.18380515864271735,1
657.7216233334294,292.42123968051953,541.8593300868681,3.245773633272899,3.1041046456709,0.20844692409763743,880,-96.0,0.3468238563766065,1
192.81860020129642,4.811712318184391,209.64057617118388,0.43823111657025965,0.5551212940136154,-0.12853754593170924,489,9.0,0.1505403783340235,1
147.0552113907117,3.842898745112251,151.79491699580376,0.36610568234605356,0.37727740535021803,-0.04750149684118077,503,-29.0,0.14006670773045163,1
593.3733363147569,-26.45930517966235,584.9806242890448,3.2170392261832097,3.21382389834001,0.1543152621932391,1200,244.0,0.13529083603304576,1
126.53643323134742,0.6907520321349239,114.96900683408523,0.40135026595536577,0.3917787842798574,0.023267822384163195,338,-249.0,0.2695749644056911,1
275.37102922912766,-19.28560679684938,262.81496314685944,0.7561021807557278,0.7399003584407567,-0.1263667447722322,403,-36.0,0.0925172690355245,1
610.0073231501829,46.13003761139089,622.7553282208047,3.0576429277786956,3.109646562149841,-0.09542892955636484,974,296.0,0.2068060897703687,1
209.0605128061527,-15.747946971946533,202.56020447740784,0.9496406247503063,1.6682222052644644,-0.3202929679986223,555,228.0,0.7805696687214271,1
610.6192670219324,8.98132620004128,612.5722331050549,2.8293168852815014,2.827101422757992,0.07903094700614277,1080,138.0,0.172704394941228,1
55.32404540523044,-9.861229005482905,143.541375373964,3.0,2.9592743904272396,0.2605294292027476,8,-17.0,0.4660448019345525,1
182.82740538563135,3.9690045678610204,145.16838744362826,1.0726097618284747,1.4013957655914897,-0.24900797120726814,231,3.0,0.5338424734323135,1
233.1973055876361,36.54075102228546,148.14019785469213,2.919368832093841,2.4657120754848676,0.43367521966306866,30,9.0,0.47031909665021054,1
204.595294904321,9.549325814863778,201.18112478895677,0.8317796656029052,0.7748357333617875,0.09125265956877349,319,-30.0,0.04850445087607971,1
143.66103603637836,-117.47810795170349,187.97279226911544,0.3414683706141602,0.3922284424091761,-0.048566558954061145,457,-136.0,0.4274057982295192,1
209.19129671719668,10.51710535105019,207.29008541957205,0.7059623652585181,0.7796580836196035,-0.01279625173001342,300,-35.0,0.045481202150413125,1
1064.6906309915564,-122.02822571134993,944.567571814698,1.86690766729837,1.7051103370466119,-0.32605981228626013,79,-3.0,0.23426272517486305,1
97.17336684061377,-53.89766659351994,427.71633095822773,1.4394969869215133,1.771159073079324,-0.12436210973596085,22,-13.0,0.7608686369414378,1
145.99033062245795,5.965571700312125,186.75525160161996,0.3228373393510935,0.3756830102368839,0.09458312985130016,585,161.0,0.18751277355028276,1
684.5144914836441,16.288447610079743,624.4139115561422,3.102499053563787,3.0175007159698706,0.130233091556903,881,-195.0,0.163395504115306,1
582.6984910972692,-20.42017732351303,602.4385587116569,2.7723153592295025,3.058017946336259,-0.4532719944275483,1527,1134.0,0.4743050146187772,1
220.32256493090287,15.93430904757875,225.81232904044737,0.5235837038067275,0.560574166763129,0.18616327136719163,286,-69.0,0.14689211205314623,1
183.88998717250522,56.8185493425396,163.1896887615063,0.41327440118344766,0.467209312583882,0.11694629367009629,428,-192.0,0.521402895042546,1
254.36759489631012,-191.99008821940836,261.40752398425565,0.41640801610048284,0.49288652130145766,-0.23261735929204375,300,-108.0,0.20099141995308556,1
569.3977421712666,404.70097837829417,294.60139219229023,1.7377667845874025,0.800088282759696,1.296958441033234,258,-180.0,0.5687337672473282,1
681.5602833939615,144.47137264241258,538.924058348762,3.0551456330599085,3.081656364981751,0.004089943543357233,1172,564.0,0.4026646311770956,1
202.8617934348938,-4.897790231534941,206.92649471052908,0.9485830403836235,0.824796722029412,0.2193439126406984,308,1.0,0.05498261885955659,1
606.1682964786345,104.42843256983423,572.8785854507198,3.1282262245668617,3.1144246416787897,-0.14608833936286691,853,192.0,0.14175757778840173,1
148.95488438708438,-16.83271496245618,193.1969473998944,0.3190956236683965,0.3295176532569493,-0.03328506790921876,424,97.0,0.3957933647596405,1
254.058735288178,-42.41345518284578,282.1390824034835,0.3301236736988111,0.4175401688635662,0.03963121677692799,543,-176.0,0.33687874348254326,1
215.60590609007502,-91.59904804955326,324.9281517995572,0.7433791569501382,1.0712619036913704,-0.056595459245220914,335,128.0,0.5056383348297742,1
97.8417869876015,-8.156602637223642,97.53999080220477,0.29966217556720565,0.2326723700657988,-0.01763823786666019,630,-3.0,0.1891210740057069,1
277.0021011416363,-57.81894624245433,233.7159334237419,0.5178057302724427,0.4559351998130282,0.17195065460182823,483,-10.0,0.11911782615845183,1
159.8274718736818,-18.426507859295242,188.73074573210516,0.49379339218908164,0.6145846604625747,-0.8577858612890694,520,259.0,0.26501300374392966,1
315.03561387269934,101.39952491787318,217.21922168861383,0.8728883472795642,1.2936287281333807,-0.33179962439033617,470,187.0,0.5440934452472062,1
171.3847141204795,-153.77329093104555,197.88588236576703,0.5024945415092757,0.6860002813035424,-0.1994951629267907,504,67.0,0.4907254559479034,1
200.99039503771513,0.7934358248385251,203.54346733992364,0.5387919266049027,0.35134884882378814,0.3851705377431659,302,-15.0,0.047512065672276685,1
113.2131311338886,-51.806445210236916,138.88142402698668,0.6323965865794215,0.5906955215496318,0.1984801536739345,391,-183.0,0.22971443258463103,1
536.7600833066739,-155.1202253525164,587.8256688362178,2.9805781647032856,3.0070925938188298,-0.028463930661069003,884,-155.0,0.13645927769013932,1
71.27780379169842,9.928748691370338,85.32135086782301,2.5249803600233136,2.5618450606566805,-0.014386009796324206,5661,-275.0,0.054697083838673825,1
197.9948592406234,39.26067673272922,170.29715068003256,1.5834494203687088,1.2016692265466111,1.144723516327153,98,-273.0,0.7139207825586024,1
616.9559569877285,-9.031781010711143,604.4264073133769,3.080024202293381,3.1539478075501863,0.07736914039713927,739,-228.0,0.11150988971929462,1
383.3782220344147,168.79522944315278,240.56801969271925,0.771621971659268,0.470166924078638,0.24004789074301236,314,-2.0,0.03023627003253766,1
126.46949653243912,-167.52412534150227,169.980788237878,0.2933391417618869,0.4522297077435968,-0.5316541747894903,1027,699.0,0.5589553942940131,1
457.5263585165456,-197.71357531040218,392.91422750657546,0.9521246573480949,1.1551175495365116,-0.7920461157074362,353,23.0,0.3924122829024512,1
370.16514785483315,319.49460283870565,210.23896206020677,3.3346791410515952,3.0003062498057633,0.3075100226109768,13,2.0,0.16563464941797587,1
321.0993039166833,107.67062210789044,269.04581775109637,1.0580666964116254,0.6994342360832864,0.8006536243956763,408,-324.0,0.35434634747471017,1
440.22348686169016,206.16773886869268,263.66185821983606,0.8183134012579395,0.6004263014414842,0.41015596606039784,362,-233.0,0.41717182633585687,1
147.12466723472886,-6.419157347752247,136.55368751240707,0.462232874056685,0.4507273847706207,-0.19436233688209203,522,77.0,0.39170641494212816,1
690.8938046526972,-181.4207006565057,780.4353089950122,1.9374512905959829,2.1629061949229165,-0.4444308334364948,95,5.0,0.38178946312467227,1
282.73635711230366,108.39586827877767,208.64321722061314,2.0618489899054087,0.9542093966195843,1.5815853503707158,26,-314.0,0.6336013296804026,1
103.13014589617568,-1.406288169733898,102.2812109865605,0.462423808872933,0.38993715320896244,-0.05177305605733795,487,42.0,0.19999087792999645,1
110.77349449135633,-9.19663882460975,248.60919666896933,0.4241131827804132,0.3263746531421415,0.049809360210080145,422,0.0,0.15399332468914767,1
194.54774907430124,-15.5097007200483,203.15686576937574,0.7621006124517329,0.8091261195928802,-0.21488520582381065,341,35.0,0.0505437331364696,1
50.17686909949468,-179.49123077128758,162.87939236060004,2.708688587239601,1.394243656647933,1.1626636334302625,58,5.0,0.6849842678293138,1
110.26988163309665,10.18900115304838,89.23910689177309,0.07300398827624126,0.3713381943972292,-0.20716381259124278,753,350.0,0.47694057506896437,1
100.08088048004826,27.833444366717032,87.25967055111703,0.28016780086748405,0.4161240436755991,-0.20679023510526062,403,135.0,0.4124076728821669,1
682.3448894048271,53.5536165298372,725.182103939934,1.6365272512578648,2.1105507151693006,-0.43673655118362475,170,106.0,0.45984309524411254,1
170.75832205985083,-10.301165454969066,178.77194782712897,0.3573881145566946,0.6221987014621008,0.01542972937878162,649,-65.0,0.4747569875267988,1
286.1144378105877,-67.99074777906469,286.29724535717844,0.4661293020032566,0.6156764792150404,-0.16345725034972497,624,91.0,0.19460602208721187,1
248.74134524830708,116.64150769954907,143.35757976975816,4.16390976555739,1.293732101959234,3.6745929387725935,32,-207.0,1.149027158145512,1
220.23932629238433,4.661159895085717,199.77197528839437,0.3471011997465091,0.35991362146348316,-0.009926971038179855,399,41.0,0.19442998360358668,1
190.52812414867293,-5.41352485827889,200.87181315245294,0.7154970959866844,0.8003450906477072,-0.2094152672898787,369,23.0,0.11046419883991433,1
151.28515452982023,-3.955983970148395,168.83961914895363,0.5891979800976037,0.5540974027581591,0.1766545544437304,398,-190.0,0.2888838959271731,1
165.78759934954056,-14.021996866382693,193.59705732603973,0.35238069157761526,0.37862925453344853,0.04873739135726873,327,-607.0,0.33117346744557125,1
99.48460936245365,-295.74727580820866,185.0346036957154,2.4746017527145816,3.2308197887692103,-0.777027414673241,16,4.0,0.2814428204241023,1
137.37622928914018,5.332390190956659,176.36604300674185,2.374556048381884,2.215326791774797,-0.21458163169839706,17,-9.0,1.4003501536200054,1
142.86755716008057,-58.14075851497191,166.68135004629542,3.683542362433231,1.3831640911867478,1.9658671568962942,18,-66.0,0.8311240340233275,1
206.9924269172604,-76.34034416140844,260.48238606341795,0.9998332613668804,1.1420920688539196,-0.3862309327613801,135,49.0,0.1954950715227064,1
82.55938402915235,-30.73045343780541,103.39521701562126,0.3341529414475345,0.2635936618249774,0.21801168522404388,491,-534.0,0.3787950274677802,1
265.5680475418765,114.33216227242562,199.80768613908577,0.40103062155740005,0.4508115171541955,-0.09245592259827778,329,-620.0,0.4692782490702902,1
104.51432867295846,40.55796333950109,77.69811866146703,2.359879028736861,2.5942777733154134,-0.4258155859891377,14,-22.0,0.3179153151334012,1
160.88195781895627,-75.04342119545771,195.99577489472628,0.1978528423531763,0.48215867364343146,-0.35067563918926653,263,-283.0,0.33630299323513607,1
77.13577312924713,33.41918763066582,59.82117628805453,2.538087318422021,2.5803286297305834,-0.019473345089910943,5354,748.0,0.09920258722964197,1
309.69184002410327,-112.447796180289,302.32846577081307,0.7778255744911201,0.6774433006436602,0.22145857163545724,325,-298.0,0.3208203515731257,1
655.2849778099043,14.161373774338585,602.832706508113,3.0247508942887684,3.017440672971265,-0.04621918415618875,780,72.0,0.2089902983292947,1
465.00014065414433,-128.9461673223006,522.6909725627311,3.331552133084555,2.9732147019452784,0.46449864542673147,498,-444.0,0.43808290090092195,1
460.4681762706568,62.52389083524071,272.1574587956607,3.1971597234241496,2.488922094451112,0.8783113471397352,18,-31.0,0.354173326547103,1
232.22588007153723,16.969008459800165,197.76452675378437,3.1216535224393334,1.525048084094852,2.8176775857008787,24,-454.0,1.0492670496225724,1
254.25711877738956,145.03327115751813,365.19361866595705,2.314897489401598,2.435297730645102,-0.2083339393960233,35,20.0,0.6262047721548308,1
516.2039129040398,-142.757408155711,598.3636416459956,3.0757526888294406,3.1723147327834162,-0.15174204870699226,772,-199.0,0.13217982777217216,1
129.68643514800252,-20.02185436333849,152.9077792376967,0.2447795118224025,0.32343935867840995,0.0771030613541713,544,-220.0,0.2720321422512265,1
416.2071929940664,314.6545577930881,237.6924822504556,2.9659573209491743,2.397388955749215,-0.23745091997851997,20,-14.0,1.412260623346205,1
548.9562978565395,8.724106725078173,575.6989961678403,2.9896544978645005,3.0018800235263923,-0.04665232145760845,1030,173.0,0.11211701476103936,1
77.36208589720054,-40.33490260715574,106.62155629927247,0.5810355653318802,0.3527889021467111,0.37534380675548445,382,-383.0,0.2997695426021247,1
177.63320630680937,3.5116956804707797,167.2666641142171,0.21667795575131185,0.3602667794650838,0.02112606383315968,474,-56.0,0.26513916183713926,1
705.2980094931504,303.016014205468,367.31831726497114,0.4304915010742199,0.5406143529321671,-0.06545531697164153,821,341.0,0.19919892898453612,1
219.95607443953594,40.392092630523905,274.0452929973196,0.8889242522049338,0.7795695058425709,0.26794406370819857,311,-227.0,0.2716708944820642,1
519.4250787089793,-33.8735394783655,559.477414697204,3.0104090516740536,3.0442721589039294,-0.12047020953380372,836,-96.0,0.2095100058372573,1
88.35521896748865,-49.02101032165153,186.06478716363944,1.8571530222550428,2.389655038800423,-0.5174030261268412,27,10.0,0.8535515503742733,1
56.38111784832746,-0.8407004025106275,89.43184414637828,2.696199049814856,3.019959856839656,-0.4130444274169047,17,-6.0,0.3589502209450231,1
152.90403955689834,-44.29281678016264,165.1797958469115,0.35728679236189453,0.44490236409040895,-0.09156959965472589,415,-113.0,0.10062522266644275,1
547.5174388854531,8.03548694894016,530.7207005339824,2.981903649711175,3.0040271438389112,0.07593266304756519,859,42.0,0.3057271394318465,1
348.726241488453,-199.8654102011132,396.95233581174654,0.6079387230497434,0.5679309210865988,-0.07505128129410388,533,50.0,0.21647877357936646,1
135.356466984979,19.19897732987711,119.526221906361,0.5373235139107903,0.265417810203097,0.3719621256782441,578,-165.0,0.22527696616276036,1
150.13464012877657,-19.828261360207506,166.41572893533152,0.42217757927359767,0.42795638201591385,-0.0014296946471929473,490,-19.0,0.2822120062878104,1
186.65301518840755,14.941582052904977,163.28549904440627,0.41783638370074055,0.5579456184103145,-0.5778394021160489,464,333.0,0.4345629853474381,1
242.45429887175854,-98.38111564629762,221.82448427474569,0.4459487973402656,0.624745394849354,-0.31011088701720047,609,200.0,0.21568010123731074,1
158.01882391354795,2.620773993676977,159.0286847100952,0.378389222743732,0.39226132770097966,-0.03832534434755119,509,-103.0,0.16179931266836242,1
174.3889870864003,22.414317148386743,161.1022405234093,0.4630513032291918,0.3837458491086652,0.024074264269650703,484,144.0,0.17161756900331213,1
449.00111656801727,244.38984838916147,400.07416622394203,1.014049578883808,1.0624151422331665,0.28127539697849124,364,49.0,0.11253516016264813,1
480.4003942424193,293.15979667460806,423.16675135129407,0.9895864224603942,1.794136472749987,-1.124767234340216,607,327.0,0.6964845727634429,1
153.39390289012908,-108.01819649184927,244.79709317960322,0.8394367478731246,0.5428694501476578,0.47608927961763375,93,-21.0,0.48965067409955015,1
103.09769667730926,-15.693040226900237,95.78324491487245,0.13299291383856218,0.3946264002852092,-0.45590803991109685,725,482.0,0.4267868063774744,1
535.7723603415193,-124.30056051208226,605.5854122606613,2.970591074187726,2.9921806490738385,0.05791453298745797,942,-148.0,0.11890404847911142,1
172.88170972958406,17.372082450085657,177.45650684868616,0.37783716326682854,0.45814470907185034,-0.29192588205521847,465,71.0,0.27582748864450035,1
81.12712500567152,-24.004932514166555,92.85552598000567,0.11716820700526154,0.24451909741385786,-0.24018936422180237,538,-169.0,0.30701936363385784,1
627.3548936485504,28.1279158601061,620.155231961088,3.2671994799081494,3.0923891313542407,0.29362698423914324,1038,210.0,0.11728054565012837,1
888.0492584777083,670.7428388708252,347.1524423082876,0.5657525023334464,0.38079522691440437,0.12214612476524056,563,-61.0,0.11450068445153894,1
125.31272813833304,-11.194433084789111,152.79174413139071,0.7418840502671088,0.6113304721766918,0.44831818160256637,542,-101.0,0.3396283640127952,1
147.091028263943,-9.749518316206348,166.5490381390282,0.6140058335225007,0.8188385425491607,-0.11068184866132624,267,-248.0,0.516275140562488,1
155.5096272794984,-100.93718369295024,170.0277580209268,0.669763045322047,0.46884281724141974,0.13053902196408185,394,-120.0,0.28232571574489235,1
182.07258897022635,56.670232090018104,193.5727573494308,3.0899130432298563,1.9817890943785474,1.4537146352657635,45,-90.0,0.9955744389034289,1
88.80709948208671,-24.494387912548348,103.84362177825622,0.2916340220942517,0.38202779073858095,-0.24331606311838405,513,236.0,0.32008480688875174,1
136.512267233482,-33.838110556388926,146.37264506113883,0.6428908761832896,0.5164778378951367,0.4131902367481992,559,-153.0,0.3972450200399056,1
75.7302206951136,15.942165280608492,77.96781779526108,3.3787834934861753,3.0230346039101015,0.5334325568637386,14,3.0,0.5480789880246384,1
228.07589690825475,21.436211719031718,270.19431069029935,0.7502866697903486,0.6406590008602386,0.2751678371918229,388,-201.0,0.29538256645002775,1
99.73751043441138,48.833388874003965,130.5717684470817,1.2516291673878228,2.016675247646673,-1.5836085779242948,18,4.0,0.35172959898183614,1
539.4819519365129,-29.74754230210749,538.7868790942175,2.90597098666361,3.002848358550795,-0.09456546980370728,817,-118.0,0.2668985882919222,1
84.93069404142372,-221.06125022255154,270.7466875137987,1.7081324190982825,1.77549371424982,1.3139252276320104,37,-482.0,1.288023620980956,1
210.37098340278996,12.229745518587634,206.1551695723741,0.9342021632470825,0.9817922308809989,-0.20774455259681113,295,-53.0,0.0814245192726844,1
336.1372222000315,101.75154310609133,250.88068296299744,1.3621418889994437,0.9088388174969075,-0.0020541084354790407,114,-114.0,0.3434950832112753,1
145.53344426088972,-69.20271213552459,178.5403775074295,2.4759231558737915,1.7559634711067438,0.04528351648727824,64,12.0,0.9706469713511143,1
426.0278420739919,216.62793995868375,251.93336048451684,1.3440660090659837,0.8244567688074114,0.9222738103586883,372,74.0,0.10255808257967303,1
190.8051133545146,-20.848174145686613,185.46596033173768,0.6550040796806736,2.1300420787421075,-0.0436163301429322,186,-506.0,1.1949156708234232,1
143.86739956586757,-41.6394081264574,157.92121533959107,1.0797405475526811,1.292688826883419,0.4295218687515142,115,-275.0,0.7370657802319979,1
428.8791401110556,199.0791619820882,227.2254843184438,0.6094662973703437,0.6579186768704816,0.01667413233595072,385,112.0,0.27889658610490903,1
311.83117483664137,-148.63700143401542,316.357995858726,3.353269689515108,2.568349386562705,0.15610996609095862,25,7.0,0.40444813321713485,1
26.689053103389707,-64.76623870632463,81.63104113022273,3.022055208874201,2.0165032506877383,1.5077522574005764,12,-13.0,0.47760672926744024,1
127.75014164554406,84.6120805754658,89.41176441449231,0.7374873187866782,0.3490283008624811,0.25433277852524194,357,69.0,0.5468054821748515,1
104.89444396630357,-77.17814500392278,158.71726247097894,2.797812465511551,1.8746194495432207,-0.2921005777183052,80,35.0,0.9011285161691307,1
411.33156102234284,109.42793018054977,241.19599696157857,0.5270155068884131,0.5249423520644563,-0.29479748034047915,741,315.0,0.2125344237462767,1
139.96929927390872,-41.61407490077863,145.230058022067,0.5975181310289028,0.4431234712212076,0.30901603853262705,420,-133.0,0.2060199722360661,1
402.2819952876824,-105.93255396742154,252.8061632894848,0.49594681804586144,0.5331226503198933,-0.10567008568406572,480,-104.0,0.11672173730659421,1
573.9477378500246,471.741431883661,203.38437642806434,1.1843325614860278,0.5339309148537863,0.7858983833546975,371,-149.0,0.3103129052745704,1
55.826572376062714,-16.14343363242378,78.98763196557064,2.6204085356601854,2.6061809687740114,0.0342719535762992,5670,705.0,0.07483774188165543,1
487.414123374001,-91.72157707678497,572.1800590283854,3.0800429361645274,2.92790934067789,0.29331294396829,1757,620.0,0.3035392708906631,1
157.82447550640086,-20.540272258839224,182.2217449905422,0.8005500430419871,1.1836884693071419,0.2157918092355815,330,-82.0,0.5964728610673232,1
191.723138454879,16.869151869450008,181.8052535870576,0.4788376567529933,0.40135184443717753,-0.07161024192617604,339,43.0,0.3430088390914998,1
78.23478408254996,-16.011189921648224,128.0653205302992,3.8268748818646388,1.2791900011578363,3.156686290120796,19,-106.0,0.7791090689877216,1
143.5221621690902,-28.551319384632677,155.88665768850606,0.554511153187844,0.3881250957625423,0.1967031373175091,499,-98.0,0.19404295846815167,1
64.26534932579875,-13.874840546995912,98.53269038312769,3.3176400059662177,2.9488725912722074,0.6575102533329606,22,5.0,0.682787628974147,1
129.9508326941382,-25.07285671828288,143.23747923917827,0.24198449802605823,0.3698484824983303,0.036764097919023714,412,-105.0,0.2035338599499529,1
185.10532697858835,26.070176844517732,183.7669918113609,0.44879475171632477,0.8435976213265267,0.18589679659715658,556,-192.0,0.5695123407257207,1
113.85658981743482,6.116126995183421,97.6248602346216,0.2624046376650486,0.243271728143369,-0.17330698056261873,561,76.0,0.310206294529757,1
621.040592690507,558.9652130497491,174.1788053411993,2.9025092380072617,2.198559570717195,0.37922410298462017,23,-8.0,0.4368724024447187,1
141.0789338311509,24.390144838342877,108.72806541441985,0.8294368561068644,0.8446285105727986,-0.04552388886129011,136,-27.0,0.7340962037437437,1
43.13806107007827,-57.2131414765603,87.18329923659452,0.4831545402614362,0.25025391890687854,0.21710020473267966,288,-321.0,0.49220714882218436,1
41.421733425823696,-15.843871268170922,620.7801964037413,2.7219280948873625,2.613024908100205,-0.6152472462357146,10,-7.0,0.9697956968436555,1
158.71801328194465,4.04583376516328,158.579102867583,0.5812193403863534,0.4597743539353713,0.15447080524554302,422,58.0,0.12773173509216992,1
171.54907015248088,-17.97165528562246,171.65523019416372,0.47325200983423144,0.5051623312578423,-0.36978564861579966,496,135.0,0.4536954962029418,1
121.99261496263438,19.68902831504805,98.6378684122134,0.5208799239631501,0.2901435038046908,0.40832078702969854,683,30.0,0.288035189045108,1
166.79059869456583,-16.136998517213215,209.44596952979413,1.1439719802601975,1.3517310947950913,-0.22455331792247013,676,243.0,0.20804642910364926,1
138.7422765344406,-78.40823647334761,204.27225470861762,1.1049970199416286,0.5997161723565518,0.6879493415983498,175,-273.0,0.43941080146549477,1
88.39627156416881,-63.32856515998628,550.2178322645112,1.3221793455166666,1.936915769417197,-1.3010827707887618,11,-88.0,0.8211165410983854,1
74.85880041785333,-60.23759155457108,97.99172078321678,0.9709505944546688,1.7895208997917424,-1.2380367058041313,10,-12.0,0.647511234170974,1
154.18311963820716,-138.57829768077366,251.1677743137042,0.9126403352711624,0.7939845942401218,0.3798106088355193,619,-324.0,0.33858487933024717,1
218.36712314821008,-4.0568144124760295,211.06942100134432,0.5806920516052485,0.8058439782536219,0.10543963453187405,294,44.0,0.1185365712605433,1
578.360664069407,-9.916276335389512,596.8513091274096,3.0760088847431915,2.9600656366053024,0.09663163075620362,751,-148.0,0.09012133628384839,1
206.3242414477774,-5.049687336406464,210.67046699678454,0.9065519801561054,0.8513785248686727,0.28609188500754534,309,3.0,0.052334394718355055,1
164.18202493171518,-10.93432218876967,158.74198388409695,0.3850840772408965,0.3752779472467858,0.00402989135409465,419,-409.0,0.362771067178805,1
499.0562263913757,-413.9615682508391,735.5597760668846,1.0906642748745634,1.6366486404018112,-1.2013949280105356,100,40.0,0.31459346429388835,1
590.602540259123,480.73775047717356,203.55576791030944,0.7079195531933368,0.3110964083703419,0.486977143040863,319,-246.0,0.23709658932739047,1
637.4489145731824,459.75542488236766,331.6948275259123,1.397989659851352,0.7241428120935044,0.7807181312256933,458,10.0,0.09752957383242546,1
201.3916632940579,-6.0220717931133265,209.02543883554682,0.17949586107527124,0.4479285046081493,-0.39646918205418535,327,10.0,0.0671422963470147,1
166.54560040702358,1.9643418634275918,198.13696122172115,0.36204596929572835,0.38822522061291903,-0.015313493023852487,411,-102.0,0.18016191906727488,1
155.39804991987097,-9.72550204124272,161.65185417986814,0.4167145670912832,0.41695185955049324,0.0835274164972733,612,202.0,0.16233208743862831,1
123.37993259305446,-27.82970477468217,159.30102337677292,0.3793584806283831,0.585552582007134,-0.26211188488045684,300,-10.0,0.3935928422934927,1
274.6559218959714,198.92570120085782,116.9127275928025,2.3804304878001115,3.082479457600825,-0.9983530056860639,17,3.0,0.5517337254913375,1
610.6367195685194,-217.63076475729065,752.2476400444176,2.667609169768773,2.7361445418032404,0.2962125292249209,3206,2307.0,0.7990169771165477,1
72.6997248963158,-4.176409241659684,646.4357596160638,2.0832031704275815,2.056624724167757,-1.4009805493516074,30,10.0,0.6165459994905543,1
194.84298318284286,39.23412216990553,172.66104141542647,0.6804652848773294,0.49816947627532954,0.10104733528539078,527,97.0,0.14312211878965025,1
43.73192566010033,-70.51442781103182,70.21739822657028,2.598731602255662,2.3221820577969785,0.4641286433963825,238,106.0,0.9499371983050552,1
208.99530215960914,14.626445402272196,200.1349650235761,0.6420488510907373,0.7399617739912474,-0.1906219083502636,312,-26.0,0.08280024178674458,1
317.52311670561124,-254.28989683026447,389.56096616813755,3.4560417647233117,3.170023768109451,1.4902754255876332,51,-5.0,0.14363261948371012,1
19.686315562038605,-182.8582257927925,86.41117578405023,1.3787834934861756,1.7797823331409266,-0.504192004588472,7,-41.0,0.768033840018291,1
121.06158834508759,-569.8322163076097,583.430500027897,3.565788436950235,2.32058551539619,1.6283371463542522,33,-62.0,0.6007871281128947,1
622.596902300088,29.555822747609795,539.4589255605126,2.844555547848103,2.980360599168184,-0.015611363824742597,867,-489.0,0.2837499616323211,1
361.7406684691256,223.7396567903095,295.13935195028915,2.6923806024549743,2.26955521908286,1.7975594446692345,14,-81.0,0.735779449137401,1
54.73778591258117,14.022732731287704,111.04189474778552,3.1682328933388115,2.7106591930725785,0.9946756310636262,22,7.0,0.5478106124491581,1
75.7549559470987,-17.96809470928052,97.23825107052168,0.3282108805868327,0.2519159918092239,0.033170626621169985,423,-224.0,0.27930859726353224,1
312.30586100841,-26.569980443224267,304.6093461164538,0.7177417022104124,0.5763999645498725,0.20961736154433008,608,12.0,0.0822885851179918,1
198.48426325210923,20.72268246522637,163.8151051321569,0.593859230389455,1.2123566792118312,-0.057364491558344555,471,-135.0,0.7720595546543064,1
152.79195579996224,-33.14714244266145,146.51120253708575,0.7186053049905886,0.47488567523976377,0.20832398451434564,347,-181.0,0.3615653410335999,1
202.12805156235754,-13.84031051402033,214.58061779839386,0.5895325388012099,0.7222038623268807,-0.29736120304476166,324,23.0,0.11297426047413979,1
657.9163739563619,-21.213979273122504,647.5858859927362,2.678440319652145,2.653435693001947,0.13591050741933897,1052,49.0,0.05322685115417191,1
143.77440104226386,-216.18445921867593,186.5417791646289,3.329039763433129,2.6596404357150347,0.5622589602899422,180,119.0,0.9994293357600579,1
203.13655607054784,94.75059242395542,171.4512768723208,1.2554933607270267,0.9908725344410367,0.7184778460317292,396,198.0,0.4815491183189168,1
143.79277316933394,-6.3461779193989685,145.33868405054278,0.29723674984930654,0.3258665752140873,0.045916041795885876,524,-50.0,0.1926659481323459,1
120.15557492198347,17.115361201423042,101.98951356041252,0.391843935202281,0.41407980915960907,-0.17556496890206497,532,211.0,0.23401179268234262,1
161.13298240013765,0.8182615002012881,154.37600648901227,0.5147793790831321,0.4068949351306851,0.2291911939877258,421,-57.0,0.23749002701379374,1
201.66116983135717,-12.989056989254465,209.99348181172113,0.882578123333468,0.8457094081694143,-0.046837086134151495,325,42.0,0.06384191897595758,1
256.65337470403995,-8.914672837836576,221.62667656065932,0.45208691681992164,0.46589520115785293,0.05105629526252159,544,215.0,0.4720318045048279,1
138.3310097262458,4.165567151918651,160.15806213110255,0.567724848778955,0.6505458982771546,0.08165686887912904,395,68.0,0.46914750136329475,1
101.4225189183842,32.90189144833772,102.37084088903279,2.7272170014624826,3.0766310755479784,-0.5244121659253409,16,4.0,0.2651650263024056,1
117.8826008111884,-40.990655881796656,229.88213597382983,0.4934555805112704,0.5390363361875294,0.05784849454364155,408,-14.0,0.3126398318531176,1
52.01273600512493,-46.19572282904213,84.28877083913503,0.3272305248677921,0.6059591008167858,-0.18147832530700397,1015,696.0,0.9027542610234011,1
182.08466765082238,40.49174630034531,159.8344698959949,1.0675306025104045,0.4946786220018007,0.6828596874455313,101,-375.0,0.44540089119707393,1
1141.7511701218557,-129.7180820763133,780.5623863068527,2.254708925871297,2.2109367680942373,-0.24065765988058274,107,28.0,0.45017139944350404,1
279.59288413194645,35.246294913663064,228.23560822268655,0.703048443007999,1.18830144949643,0.021572052233684524,161,-90.0,0.6092744803980743,1
141.3860657898445,-29.55553706574713,157.90427829042966,0.6487636604839359,0.56725055340405,0.012787456064615399,453,-37.0,0.2986081816914356,1
59.07392313924756,-41.75653962980957,90.74456414428349,2.1054105870684143,1.943813317657647,0.46518665812656246,18,3.0,0.7032637524954862,1
55.24163063398872,4.382904735673101,96.29464960095285,3.1900616179453087,3.075633795373058,0.5191110234906402,28,8.0,0.3095051043345325,1
684.341072108784,41.31535279276045,598.1399506885778,3.2287376424123364,3.086796339298006,0.0747772536007516,400,-268.0,0.4133187015185649,1
158.5802870528087,5.680049506666677,161.68528813149322,0.5356907384848387,0.4367649399212742,0.2264153927059489,598,-2.0,0.05141951014499062,1
166.64826311945444,-2.3953103110930556,171.56388666118883,0.5130229612383899,0.41011748676190773,0.08410463263740964,559,207.0,0.18365233091801675,1
102.18325196238108,-132.7870996050081,162.2438302795601,2.9685103469640954,1.5722242669301127,0.22725648642855756,63,19.0,0.8152867330705008,1
316.4107440466226,164.6438700422202,174.76634608731956,3.002223720077416,1.9181673579110292,1.7193422821558475,37,-104.0,1.0256060643989626,1
108.15466899552774,19.577918740653942,103.9352867563741,0.2501987459051544,0.4033134285542793,-0.15318185709065002,577,227.0,0.45669727437592045,1
87.01568618046632,-19.178557829670368,94.61020023582981,0.48943494292434114,0.24428997557865367,0.3340446705533832,332,-420.0,0.4033626561014578,1
187.75607566422383,7.010964808754608,191.16052805327453,0.6520913245902753,0.862437405634463,-0.48000275057721553,487,282.0,0.4374999773486616,1
132.89808500285847,0.9243221040239291,160.8250346053304,0.3066531432110054,0.5075902018521032,-0.3222942307806597,508,163.0,0.16762850359555853,1
139.04962755610302,-504.1965420305713,590.0771834115026,3.6702070294527753,2.5534549212040996,1.569135085626388,51,-57.0,0.37526047087860376,1
96.85248134132767,-2.226288643668454,99.6989246773215,0.28063394899493627,0.242604340400384,0.13246582883866426,723,-68.0,0.2384282603821302,1
529.1644287488165,-54.897083013626116,598.1027527297526,2.834980239354417,2.878060891744357,-0.03940986193131879,735,-269.0,0.18547046761987002,1
799.1287135456577,-59.47395050372438,828.6781920013643,1.8170755687415823,1.7931975150720134,-0.16250324431293528,112,-50.0,0.24658788393802475,1
234.26721588681403,-15.854754200342882,218.50922406047343,0.33591736644949777,0.3656358369609677,-0.13965569682507856,344,120.0,0.18241148499956394,1
118.8935658477783,76.19481489024639,141.48449082441473,2.7132696895151085,1.5089174235445166,-0.14150347911550254,25,-5.0,0.868282630194663,1
187.24257324908712,-37.94736221947886,274.2247090800356,0.4441488851710931,1.820962768305894,-1.285530174936075,562,493.0,1.1638178505093002,1
107.07453519845076,1.7743439166657424,112.78303476357966,0.26827613852516485,0.3144693075689996,-0.10727027855300952,665,-22.0,0.09454085437089552,1
356.7481923251647,185.3810456431425,162.3080354497302,3.231270254607576,2.075284076765166,0.41496273538293105,22,5.0,1.3807027571516224,1
178.20338982916567,-18.07693890994892,175.2084523535862,2.3704629166046325,1.5482198679103552,1.4890016490716775,49,-205.0,0.7058821360522598,1
637.0359047555676,29.612366449054093,673.7986629187225,3.031454742413283,2.8779401668459443,0.3379802924733899,1062,-122.0,0.09210132580414195,1
202.44329753006184,48.490360158903655,228.48111269299497,2.9859424884210433,3.427057005234964,-0.4456810774263875,53,34.0,0.6218040778335819,1
372.21622594258645,47.13237740158212,293.2857249426993,1.0359874383996874,0.9539960699655048,0.06177648597321428,356,-104.0,0.25557841331355985,1
20.5189388358519,-31.49379716927303,71.80045345981333,0.4184269547053904,0.6124136589504372,0.09119642983759829,391,-624.0,0.9082507568539705,1
203.85903575153253,26.39959735120857,165.51770628645403,0.5144966775898604,0.7502671233493388,-0.4589131844181332,430,203.0,0.4967322139313307,1
202.38747295468752,-59.53773248119714,265.2561786677275,0.6912047231656379,0.7008973640320141,-0.5631267788718862,64,-41.0,0.5328381448961133,1
177.32613230289775,-8.588890074442787,172.62183143815946,0.9840132856876228,0.7529515627031685,-0.03839627268757362,251,-147.0,0.41295392223370436,1
542.6126070860355,-123.30471252070663,411.75930792999964,2.517383744757262,2.023971068507751,0.10624616081333782,51,-23.0,0.5267953790107855,1
950.3688295321407,615.6972692833384,356.44739674070786,0.33719028826775194,0.3864958586943789,-0.04616667293930227,515,24.0,0.18198206607345702,1
140.08488496230146,16.575971151865858,157.23962086105627,0.6747775514148354,1.670881227711396,-2.44586070565986,524,491.0,1.0650332569914227,1
188.00688788311203,31.654234114126297,209.37940755740516,0.5667686625019689,0.6270454303996863,0.12971135008404316,480,142.0,0.15617938323028724,1
140.35896660410705,-7.557610363329189,127.98495781988512,0.34634929976771156,0.32594098994691983,0.06263473189348423,180,-384.0,0.40092352367142825,1
584.4561487905461,-53.1810501650192,584.3440483199075,3.049729195494372,3.1539616318926207,-0.06307405045139491,903,102.0,0.09168436378055125,1
289.36645299858617,4.1015636413433185,263.6631425445421,1.0630514085932572,1.0893453795241925,-0.5598407337377864,115,15.0,0.7608652312612461,1
174.75316775555928,31.485668139115774,167.8303930833625,0.4892577854464358,0.6700356771936022,-0.044227256485384114,327,-171.0,0.29882361638424937,1
141.64487161549417,-15.775474278571465,163.74675177262802,0.4349765421719612,0.4158050765071623,-0.14200024471815192,474,60.0,0.09737350641410696,1
79.7817558704799,-26.598373956755225,96.07558926104501,0.38830937851071673,0.3356664347673831,-0.16232436420315516,372,119.0,0.35444113125561927,1
210.9658687376334,-18.950014125428538,217.49993472814768,0.4451211358675731,0.41372864379971874,0.14529723977332992,306,45.0,0.1132533395816631,1
98.79984214690633,-74.88193365909144,121.81035385388068,0.3875208966949589,0.2820477520126824,0.10961549835301504,519,-427.0,0.3056588291322285,1
665.9173196067421,-1.3438891122699488,317.30266326786494,2.411137583943924,1.7708201530338634,0.33644043428243986,74,41.0,0.7945738586069663,1
157.27875310153178,12.949746237969435,146.56556526008333,0.272794472266229,1.738427002966607,-3.3171036231980584,749,734.0,1.1455434589861884,1
205.37834950273177,-3.088705382018105,202.33801388946796,0.7550005164267964,0.8441312910662717,-0.5833127863504989,303,-45.0,0.06282759579880721,1
108.80565632943406,-5.755716601964195,101.28299181182516,0.33746545224848273,0.37497458564561337,-0.3436711648514877,515,-37.0,0.35201067444274237,1
399.48318826745805,-11.45664009319296,343.1542855523958,1.550489805601987,1.9388924410604922,-1.5817678026289397,72,49.0,0.4456715812348411,1
172.62822219213749,-42.956915930959866,174.9722361579765,0.34507674599341054,0.37483167906219306,-0.20766214935623806,581,219.0,0.3511314375844712,1
204.19947166356764,9.361085505178607,185.98160998266053,0.5420908696088487,0.6329302768182451,-0.20008947963270018,382,60.0,0.2176030502421827,1
232.98039568994795,-7.000494227543783,224.95317278765305,0.4072911765927036,0.47466267256458067,-0.17586277473597106,341,-48.0,0.26184833733437873,1
73.12228530891969,-11.903223219943087,102.62067613264367,0.3176759272376188,0.29451950810674243,0.21816535702305362,464,-186.0,0.17833472733392688,1
207.63917585645333,9.69081235005018,205.10774158883927,0.49665967082075,0.45814968050118887,-0.009706572993044338,292,-60.0,0.12438155402311625,1
132.04383909818353,-314.46689619795006,171.06109742953407,2.589137680080281,2.1593869388081677,-0.11890881755825733,26,-51.0,1.4003501536200054,1
147.37589640626769,16.479268735769296,142.99135084441969,0.37287448052420336,0.32633893891454197,0.11317522995249618,462,40.0,0.1326289268631181,1
210.3358345796867,61.89760407199773,137.59880246001273,0.36650773077071624,0.36191702225544115,0.11297740856245658,600,-265.0,0.31574507490147363,1
246.63586012581385,170.77545529952675,111.24476921468201,3.2414460711655217,2.8053154413494097,0.25621793513127056,20,6.0,0.26200819108260703,1
151.5297998744475,18.283411019655006,163.5517355273877,0.6714340424759679,0.9187053989412892,-0.845274051260771,477,378.0,0.4664165153305847,1
567.5529020399673,158.2141291598345,539.5234273312566,2.9907887738528802,3.069793441771653,-0.190012418472584,681,-10.0,0.15302660837193865,1
146.8145085448346,-2.7821925444308704,187.61412343058737,0.18737939215960953,0.4517280955128509,-0.4816971174042891,522,13.0,0.2042536012815239,1
125.84389918107647,-186.4059356974977,278.1867255641361,0.42137918927768164,0.5551309001274112,-0.38987409527371836,560,121.0,0.1260016417255508,1
517.9231063294991,-45.02761896002403,377.49800182497233,0.5322945889865673,0.7260469213103561,-0.45196189950863663,634,259.0,0.22976664956748477,1
158.95066720560763,10.343674691796224,274.83759116671064,0.4827089055611969,0.5147550880010202,0.04937751992268574,637,137.0,0.1619056451895946,1
569.4759692952855,-144.389908489841,615.5318686909576,3.068623106533917,3.0787832992439497,-0.19425158637436635,874,107.0,0.11351506995775691,1
178.36474776524008,-19.360885015540276,186.29752785509515,0.5847582338064056,1.4976710440196708,0.35556960411520744,412,-213.0,0.840611134747009,1
541.2512789257643,356.42904833535283,214.8631365678334,2.2193011282785493,2.388422826191004,0.6224620009952653,70,2.0,0.7054777507371002,1
181.46389068187398,25.093779768982785,144.69968962956122,0.3593147650390862,1.155211196784585,-0.5978842912807587,725,476.0,1.1128599755870618,1
103.01880207150009,-88.87456880330049,227.3548653959612,1.7062713106942689,2.0113071175244683,-0.12071926829365398,90,31.0,0.45961165829732137,1
421.8460435142225,198.483448801444,311.9620868251477,1.4282456076370467,1.1785422871260358,0.3708956460522803,402,-153.0,0.40228516884304216,1
83.25182139045549,-460.7123808541352,367.3035362763004,1.925564973313583,1.8419877712971726,0.2965889567401734,31,-6.0,0.8164369469111667,1
207.48026648949727,-11.449174301609588,278.6260549179699,0.5338992459215418,0.6851953945474185,0.00927220203949497,330,-16.0,0.1069424181281454,1
596.2328356956905,53.05760062025615,584.3686428495357,2.3341067011944348,2.4436606880207536,0.21719274091449003,784,-159.0,0.6822209322980398,1
39.777458023002005,-84.6989661403513,66.12603029510674,1.4778170275174334,1.5931307771956242,-0.3057319799850482,69,-137.0,0.6761623408525422,1
588.182672809747,527.2150317660108,537.2594567432536,2.0093249818646592,1.986002961682742,-1.574978197482054,51,25.0,0.4986855154978732,1
72.24743611333123,20.057380522106875,84.96133921731999,0.4869580359727447,0.40415493386622303,-0.08302241674329291,268,-5.0,0.39542607254223106,1
334.8210473840906,129.78585926836604,207.24641802607948,0.34585507567061446,0.45613739316806745,0.02157515806818766,493,-26.0,0.12252274491146178,1
212.9010869628531,-11.32366958881309,216.83486265688845,0.9885245457485725,0.70138863611929,-0.06270633661169245,290,0.0,0.07165247896747266,1
136.25019578716774,-11.533340093327155,167.34933745958332,0.43186111543396694,0.46661052617095733,0.11149142201203438,611,-105.0,0.43151439725157686,1
143.76622409705394,-64.92200881217971,168.2668863303715,0.4134203962935822,0.4545912611491899,-0.10170101809450494,516,87.0,0.1923863469975859,1
307.53682666801575,107.12952219778947,221.13817261976678,0.8296384618846537,0.5860044142497107,0.10273042496348161,379,-55.0,0.19913629040400752,1
323.0439948676147,92.61169247007601,211.5176312405882,1.414719442346408,0.9314346912574738,0.6707622820749418,270,-151.0,0.290785907630276,1
404.7842124846982,-133.52787769559313,551.6423778376235,2.8813431403365404,2.9652688732242423,-0.05005304004045996,780,-32.0,0.13204821289564941,1
70.90369054804788,-18.778470442864915,64.74272439553607,3.5249449750847113,0.7049889950169422,3.5249449750847113,18,8.0,0.5648964265328836,1
550.8051317066604,-50.380875699487774,587.8295057575825,2.8266728893083504,2.7442096277898065,0.16010818035607866,884,-151.0,0.08355192870392762,1
57.22181825083809,-10.52450744824916,123.18705404268186,3.1092434772317605,3.1024590407892534,0.41321290364558605,23,-14.0,0.32605215200938414,1
188.977321939426,38.32973449908886,159.2548991657756,0.5312757255588308,0.4112328921132167,0.14243801995536226,512,110.0,0.10926893842421952,1
652.6881325217227,144.08247731501172,575.8564802699109,3.0953309054793836,3.1280486842967967,0.03866551387336159,875,51.0,0.20807519834224592,1
215.2273495197315,23.152273198648118,207.64230690324217,0.7567781693938798,0.4358537694389863,0.4667246552960778,282,-118.0,0.16792889010414838,1
754.9691984623112,86.21154710322696,590.6422770540706,3.034424896257842,2.9824292047614263,-0.05163833507237614,1459,172.0,0.2805182793522733,1
591.2839933573684,-61.43739277661348,605.4128417994009,2.8141183591423595,2.845115743468754,0.056007256946620565,934,-26.0,0.024138089507355763,1
330.89018788650225,8.848004233943755,306.7307741369376,0.5380990861409243,1.1470974768192232,-0.9063287341580823,101,-13.0,0.2125697707002515,1
183.92428353901153,12.187149327755407,538.0104042727546,0.3142047308936947,0.8292328051771669,-0.34423698493291366,565,306.0,0.5640076061877557,1
223.22107677328236,7.733763856579003,209.43197591293583,0.813561466626741,0.7923844789846961,0.10394740970033733,317,37.0,0.05943915160637904,1
216.97733156566963,20.140184589368687,207.19429981170552,0.3233609500994864,0.3757624009502825,-0.08111797054301995,276,-67.0,0.11379728932440067,1
79.93137290826425,-4.853776392483653,121.6973622400518,2.0832062193464953,2.97605099005681,-1.0710159653370268,40,19.0,0.4581611073039705,1
689.1360720240448,91.0932526237741,604.5146495063806,2.8159901641664518,3.0119931118642933,-0.029721021084490484,1084,265.0,0.21782672190513588,1
181.66114995703904,8.88673274247597,186.99768442916778,0.5342300396241896,0.7619845259148889,-0.5484467589778262,515,2.0,0.21166352758484222,1
714.5078494255723,140.52817615055721,580.8325965614204,2.9966762228011197,3.0596759839806458,0.13892862102017212,1190,11.0,0.25318119945388945,1
1372.2375685119493,1301.6629561027805,413.97367420637,1.5745993375048393,2.2622939838121763,-1.110577107530585,112,65.0,0.505835520551113,1
179.95009580705664,-136.46064823956596,164.82274527457443,1.2359949130762222,1.856161349764406,-1.7662288070011936,136,99.0,0.8610385731859835,1
152.04070084303382,-20.80066759700597,154.83210134628786,0.5016558457066604,0.3841885114121936,-0.054475320485247614,561,230.0,0.5789789980489761,1
161.57058766541996,-15.112781105843595,171.77698762800225,0.8600752784189518,0.6397210040287249,0.15693720519450238,303,29.0,0.24727035828408536,1
496.5945392745149,-164.8312384362191,551.1141401064175,3.248123908757319,3.1142959324980484,0.25695153297316686,669,-295.0,0.1545081454212745,1
101.7430883485403,-23.965965542421685,103.35401225710139,0.22810233104561897,0.41973920836422945,-0.30895303810461316,663,202.0,0.24472193087913036,1
177.27931038581647,-15.90417042717371,176.6939830782099,1.0492142392831316,0.7291398773877186,0.5052002287175079,174,-45.0,0.2408187809043627,1
113.17224705814235,36.10629213761597,97.80316214111834,0.44893389572019665,0.2361327230782133,0.24777557901160888,421,-120.0,0.17393037093449895,1
140.19235066037146,-37.47210091115684,168.9109264311257,0.3620576521788945,0.3307286514479154,0.08531255428965168,626,89.0,0.1412346081935821,1
136.55337812719773,-48.753500759692315,190.00296131501466,0.34009239820406,0.3590888773023884,-0.05147979116701201,447,-26.0,0.15329828917135263,1
120.89824554144697,33.8357271949327,109.82758994783674,0.19854831338597134,0.4307648620466118,-0.39774944693215675,600,142.0,0.1782512085466551,1
154.71820562428263,-11.728904353746344,158.1094573449014,0.5496681584780103,0.46587602921170834,0.20662230051558367,351,-66.0,0.17310526267432388,1
228.41561531782773,24.80666136910517,211.17374838664347,1.1347898938318264,0.8447099964399001,0.5607330222695392,285,-46.0,0.09241226891910788,1
103.52953791879617,-13.069416574047722,114.37774366807044,0.2164946034697234,0.36996132801644144,-0.13882947839381152,529,-30.0,0.09549174199646324,1
191.01882946589805,-165.25125910380976,510.176917579538,2.062020556290252,3.026210279526761,-0.020777742734306326,2366,741.0,1.0961499606824163,1
218.69884570780857,11.04073079056937,213.83568252999117,0.24020497568479424,0.3470033707744545,0.05212578914888252,282,-59.0,0.172113548326881,1
195.647142689473,-28.346828094280625,207.09935368528295,1.4752090662998167,0.778215326030671,1.0270108403391403,97,-640.0,0.5074602045725435,1
139.05891154866276,-69.07484229111799,193.44987350433348,0.27718344779449317,0.6177744591158231,-0.21372234303105797,623,178.0,0.3249368431474402,1
347.9782149452456,28.206332374407793,226.10837685305222,0.5730933416284164,0.45419668071635877,-0.04791823926824357,597,174.0,0.14113793343869296,1
199.1611631283277,41.01883993978001,166.19052256051037,0.5735656452952419,0.45604516135113504,0.15074294433243818,222,-328.0,0.4240960733413844,1
170.0106422788924,-29.862919337119138,172.62515401554998,0.638025383061891,0.5182186967889908,0.17814858027058644,204,-41.0,0.93645760151726,1
119.1814915881647,-22.068637143620265,109.87222671723484,0.24516219373631448,0.45786762686396215,-0.694013951715772,670,227.0,0.2223871038640064,1
400.20806918398324,-174.06826758819642,577.4905071622914,3.0040940574814563,3.046188555881597,0.03696225914585316,1510,166.0,0.2659565293706259,1
92.47839761756826,-21.30498992292624,96.75980882242295,0.1816653044464401,0.24144090053128098,-0.08438460750808688,709,53.0,0.23689683937822673,1
135.67029375077655,-51.510314346680275,319.86347204752684,1.0582598223054247,0.7124243428682817,0.8027708157082508,378,-233.0,0.290412939529185,1
175.5816203872561,-6.658384828760575,153.93549647767446,3.1948316211870176,3.096453762462026,-0.4229780631874376,33,12.0,0.38925862567333863,1
227.18185267272878,15.359601218974518,211.50060770673159,1.3183826039274809,0.8925959794658157,0.48636595727743104,270,-50.0,0.09584799150577993,1
205.19791099500438,-1.3760062082073432,201.3997627543651,0.6266771553276947,0.4158916434918263,0.365512004526939,318,10.0,0.08962537946250326,1
331.16631384218823,148.0410319331316,316.45668365328703,2.2053677604344415,1.2677699083807465,1.3223790505177055,38,-193.0,0.5064338787561666,1
191.5127571324028,-48.04450890660601,205.87700967293048,0.797851798500614,0.7713201450296985,-0.06993111720402889,513,59.0,0.21419717106587402,1
199.13808717721534,15.11977707616532,183.15911868197549,1.223977203341181,1.6737272154431058,0.2850024249641656,537,-314.0,0.6345330580570632,1
419.50995185587965,-207.01305724610393,568.1816984390222,2.8314902169838545,2.9085427350957795,-0.12110338179866931,700,-113.0,0.21620857942514446,1
162.87021177106925,104.34048518556739,134.54890384682272,2.4902933552562763,2.787215490820977,-0.7294195362738156,34,5.0,0.20548816021669025,1
127.2858424450543,-53.45617235895389,172.28575524542768,1.0544039082893946,1.0821371136633,-0.2408631753493995,207,-114.0,0.5017565699402979,1
95.0299375148995,-1.6557623993016648,91.00970824007234,0.33614049774113275,0.4588479100777259,0.04034762777452067,566,-133.0,0.2573498947876834,1
109.93046331794173,-76.24188320771913,178.35816459337883,1.3491650430887847,1.1956107514803098,0.3145492772802032,118,-54.0,0.9163485519740063,1
454.3173831189764,240.19269100094678,281.96257480780855,2.5695375360837667,2.157636273922732,0.6004718008291168,1518,-696.0,0.18871621921462028,1
631.0667620776942,142.11017258328252,516.2059800931536,2.9574397539008106,3.1511724009481066,-0.17108325712628902,1119,215.0,0.34628246726435813,1
629.44224774427,-1.6245143334241448,524.1519640958807,3.0128253297628023,3.146647650174482,0.055385575861991665,914,-205.0,0.34644283111743135,1
214.00582311751032,-92.30317440294789,213.03088442092195,0.3287165048535404,0.6194363085400625,-0.1784105245086195,505,-237.0,0.29419506439510573,1
211.8826829618902,8.151835936346089,207.1059476270788,0.8707040798154749,0.8013814893056873,0.27281291061045976,298,-20.0,0.07173477773245071,1
163.55109859916342,23.419873706445372,169.31732710161168,0.4934218943809161,0.5635028259192875,0.1263362464269871,406,-179.0,0.24728463884831212,1
279.07371517961906,-415.6616735939384,483.61195572526975,3.0761031709967224,1.9573035644904457,0.8859208328175807,19,-48.0,0.6569253091655526,1
213.63608895482616,9.210535355640076,174.66017228235256,1.2046879716699004,1.8564437883990734,0.3429075459203237,283,-144.0,0.7791825740417448,1
192.64350975827188,55.635093929391076,226.180702659672,0.19168037328714918,0.5288895648586693,-0.5483800326712994,774,507.0,0.4205270506821057,1
194.08188076643086,3.0630513005328055,422.05319778020913,2.1047592429604336,2.806534327558979,0.04273868667018155,2041,-325.0,0.8069449167683994,1
158.98708542939372,26.5694388411911,144.65357233307765,0.3188207627241057,0.43489273094079345,-0.11079302698178001,600,162.0,0.44277772673625265,1
281.2886522773359,120.94207158709548,344.49516414275956,0.6139217679302567,0.736290621380485,0.16338289512214454,200,-239.0,0.5241295518206219,1
1221.8495566559518,1155.426702489968,321.15439359312705,1.8856280438331627,2.3152711498517937,-1.7457738015590085,34,4.0,0.4840146268004825,1
153.4449216439662,-17.951495999013645,165.37206083260207,0.7139639754168308,0.8147423016726224,-0.12862892591272668,249,-247.0,0.5027010923011691,1
512.975973760507,-54.477533965263774,584.664379063963,2.9646212050843226,3.1131915206751857,-0.27784305157135636,810,51.0,0.0785761305309855,1
208.75921843454924,-58.97812265718906,238.97812057052224,0.5332118959998806,0.5722436685703108,-0.048247572642454606,445,-51.0,0.15794568192229053,1
154.85045285435513,-15.515536762767226,159.04295207611116,0.38249670639148553,0.42577615222839765,0.04543101853100112,385,-269.0,0.22863365445151157,1
625.9877379984397,7.144648417991107,600.9758240132427,3.0026550618962418,3.167912373759597,-0.2957922675148752,967,30.0,0.06388328479181986,1
178.75904155599105,130.06356714208826,802.5825013603735,2.5306167013317373,2.151423502248479,0.6287907405490947,44,8.0,0.462452471319429,1
152.1357525367967,8.774017151003477,152.1910461649315,0.45496984158636733,0.6051664369933871,-0.273131780376364,609,205.0,0.19097337742004608,1
629.9107575280204,-14.8111451218291,600.1075606651231,2.5998734382113575,2.549557623304971,0.12637917375016094,797,-356.0,0.15780735090724363,1
582.498529152353,21.12686591718034,620.2373548242218,2.908771568879557,3.0513002566076834,-0.11680245191826844,713,-40.0,0.12396467099493426,1
185.73605726369848,18.10897395139773,183.11418226870055,0.31348864951079464,0.5969653474165769,-0.024130122525199527,230,-332.0,0.4893489970376934,1
201.10936529825423,75.44954426252343,175.72075539775787,0.9211233654945958,0.990009375887019,0.1997519500658267,375,209.0,0.47206581070585835,1
173.6318254309075,-107.3078214950466,214.45531371113742,0.22395124518652662,0.5213337572203667,-0.23569044313817603,576,59.0,0.11774128526450232,1
72.225441935719,-153.98805156733695,240.40081652605357,2.7990077544108973,2.962611132292284,-0.6053395778201249,22,-6.0,0.3728984362099168,1
206.63466305198983,-8.86243760738995,202.7660461918575,0.6964210289587455,0.6889312302390589,-0.08605629364381506,320,39.0,0.09056982153755137,1
155.51149573623954,77.74208803804962,57.66491792842025,2.7561787304889203,1.0744302055439987,1.5896434680747982,35,-62.0,0.840256837732758,1
842.8232407148981,93.99622398931092,775.6361325116118,1.7448063061845847,1.9662757614187683,-0.15423669013306562,81,-10.0,0.20931440028010204,1
78.71064216528237,-199.21862560480986,232.57882907620086,0.4176947937401414,0.4570916130032064,0.11622987773602278,408,-256.0,0.176899304494864,1
223.29486683448542,22.86424163973217,207.8993270135283,0.5071053456743887,0.4435551622071331,0.017590860828026467,186,-135.0,0.2391642634356849,1
109.76747994678094,20.925002120809395,98.98570640054947,0.17413051558755221,0.2517854706452613,-0.11203842860368968,860,279.0,0.16000781534155623,1
149.96640422672743,-486.22590912047696,316.5058425153353,0.2932528471300628,0.47972949304549556,-0.29712561778342234,550,41.0,0.15194265525425535,1
179.81053979062068,-101.47811248671525,269.90129456236775,0.48288496605871606,0.6360449409328777,-0.1310368018715406,394,194.0,0.4639203931128206,1
586.4863947159621,-8.072325291456195,602.6296862357758,3.0524702687397465,3.03917146070289,0.0035415922271302414,798,-182.0,0.08876829681362636,1
189.03204761675136,48.87200645883635,141.31749925538588,0.4484608073799317,0.5520490587341301,-0.17336824761692343,313,-143.0,0.19075793182361525,1
201.22564275106728,22.70670775755937,215.95706521206353,0.3583206492859779,0.49218611991317845,-0.27812672306157543,314,-76.0,0.13668326907057918,1
110.36844699918072,15.338509484281218,95.09068687827767,0.22832441975361437,0.4058024953710116,-0.10781607798751838,870,304.0,0.3405854060732801,1
155.9592552524781,8.23800414155238,166.65483367879,0.40805602946815955,0.4122742985409295,0.1057332893440322,389,-34.0,0.559016411017665,1
165.3100124079965,7.485536901595651,178.85086309719804,0.7653771188557594,1.1554911873155407,-0.03517292418622764,540,210.0,0.5986399982364305,1
160.34658069024044,-85.69075283337466,317.71513987187814,0.4505388728081121,0.8784150115059732,-0.07121576183427869,439,-206.0,0.5160078913664279,1
212.3231849146781,6.2175245214339725,206.89071170635816,0.7615176028716297,0.6518977071673955,0.08394778178152784,289,-74.0,0.10041486097563145,1
171.3095717263906,-6.2602369896532934,215.61374514729965,1.2365092595267932,1.070671550091618,0.047067663206465715,210,-62.0,0.28181654468694556,1
362.30409510958475,-306.52666598163626,347.29783553155204,0.272416319833894,0.479791837829182,-0.5823461160834786,693,326.0,0.5577033949769352,1
810.39257019689,162.80089405333695,648.0535521952247,3.4077124676925665,3.780691699038247,-0.2531263753885753,281,41.0,0.30529392199057837,1
54.896890978025844,13.475157552202148,535.5059972797346,3.085055102756477,2.6515116037035025,0.36312700786911467,13,3.0,1.1503389475304793,1
111.78487725078355,15.271606725456607,101.0826519044092,0.3113831577052806,0.2831750242354876,-0.061182751283022474,401,-18.0,0.3409302028371995,1
119.61235911661082,5.2887888647891685,266.0023376483327,0.41861354538339407,0.398788047431753,0.13941933135738627,654,-208.0,0.2580554801156096,1
322.0421836525585,22.874554548004483,287.406179737,1.4444278202990066,1.106661132880938,0.41832810225811623,114,16.0,0.7852190055813362,1
119.28370953236329,46.616624616292256,105.9658418319209,0.34799762921139704,0.345194192478324,0.016602496877212047,561,16.0,0.2678525615835189,1
198.93393765423053,142.50715588065026,117.86899945119187,0.4569013274600507,0.31920998464891814,0.33132033619989487,450,-125.0,0.223151842876405,1
81.78827736326024,10.690035472197977,240.39193758470552,2.7321588913645702,3.373203541970935,-0.371542804692778,11,-9.0,0.3774827914302658,1
169.76696147331975,-5.550186444020881,154.3369084158373,0.4048560564447947,0.5455807051649098,-0.16296227383540451,501,-17.0,0.13334537088797538,1
424.23284968902806,-185.7744734611548,575.640555283053,3.0897567350791832,3.074022375459674,0.03211380730048763,1691,717.0,0.32543733033802114,1
83.67477191854964,-220.0251273387011,207.3369935317184,2.931208948910323,2.67480403027,1.3834376938249722,13,-25.0,0.48313541483148326,1
599.7030404870577,57.932292054891604,571.0613815558236,3.149847033340436,3.1449100852659724,-0.030955896589326848,1100,440.0,0.17825230216166152,1
126.06140806765566,-4.994488890490089,112.37308221409475,0.5271777635095376,0.37810547602930483,-0.25477695551321256,500,199.0,0.3611758048056367,1
506.8671551904294,-100.57239041004942,570.516138938701,3.064952575708697,3.014643374476001,-0.07693975193142677,633,-356.0,0.18790572075686857,1
85.79797799482661,-44.15285469931159,130.25145094434924,0.6381030180124031,0.4165567212727555,0.39611851998634484,193,-219.0,0.3460069198977897,1
739.1324513465842,48.94562436020385,656.5498123853758,2.943465343697268,2.881880291012451,0.07602341679904834,1143,-174.0,0.3901581372439539,1
159.84207799430985,-219.49327395885555,303.33977580233875,0.41252857419774797,0.598357574404177,-0.28259865849486926,354,-188.0,0.24294786626036508,1
145.8407169001931,65.8369673226885,212.36137476699452,0.6234047447600928,0.6076744445878137,0.23784334199652635,429,-327.0,0.4530964654849754,1
118.23238990656967,-89.40824106305604,146.46149336727936,0.553296445675453,0.537589715402403,0.06659324385408155,537,-23.0,0.11390128758104807,1
662.8686990250293,230.21442661410475,562.7103602322679,3.049563788517239,3.053607295517107,-0.11063357882153246,1294,-787.0,0.25257378948093123,1
115.06946694159238,-35.12767447956911,172.29939216357738,2.131509556445204,1.6051718295072053,1.1635601475150026,60,-88.0,1.3692320877973674,1
601.1860074061482,13.947266469428428,600.5345119550776,2.6665647089522717,2.6631963664427087,-0.28343926734182023,1035,191.0,0.10357532482239847,1
152.4564562655129,58.80725105449159,88.87181030555853,2.5917267873700607,2.546759885413616,0.02577742583035203,5458,-474.0,0.0408014836330475,1
93.26276163792993,24.223571881515326,73.68116093278012,1.325011210824177,1.6282164823997818,-0.30080337286973435,24,12.0,0.3517410103652363,1
180.12112916155692,1.9035213583433688,161.66862174980352,0.667209803409294,0.5129653393002221,-0.06737560343988902,656,374.0,0.3038576220656126,1
205.03518811572457,54.68385830372182,171.56356632575728,0.3242799176024268,0.47194314998628606,-0.1165982028075368,519,14.0,0.12148677759013966,1
139.7269878730514,9.883703039375973,150.62614106937443,0.5805140737987922,0.46942651556484805,0.20800802291861886,366,-126.0,0.14599497161299368,1
214.70684318853307,-2.355700156298923,209.54472157722807,1.0194321816070697,0.916759167942456,0.22556474467217136,299,10.0,0.08291724807033468,1
160.67490460550454,-0.9383532088757534,149.07803814393063,0.18337183737861662,0.32624634385089313,-0.14557459356057612,595,139.0,0.16106008272439068,1
213.51959331192177,0.9528351996638094,195.4099211303459,0.9782740041810325,1.3879099444835417,-1.095676544499532,158,101.0,0.5409175264589307,1
125.14088626501136,-56.45039000433901,231.1578360421182,1.3059251896008073,0.5564138955398497,0.9809877603510466,62,-343.0,0.5178617580787395,1
244.97651771472408,52.15791751342766,192.99265776594856,0.46481155348958025,0.5170371688169213,0.026580436919320605,479,-10.0,0.1419100711571463,1
2.662112777656836,-10.736676558216345,48.60505428510698,2.3917210564819698,2.5980607446928388,-0.3964957219818084,678,-658.0,0.7820944974547682,1
193.8983398193113,-3.8966195127636354,200.79321239568472,0.7578969856454892,0.8142151274662435,-0.20099485311680731,354,2.0,0.07832278837376004,1
571.7458843945298,-95.88416610384547,614.2852744100583,2.7274129923052657,2.6828600743434547,0.20897855689053868,614,-230.0,0.2383721673457403,1
203.8714808239789,-0.5189364050444567,206.47225069057086,0.8535040296285299,0.8031927772384438,0.10129453672237265,305,-89.0,0.12677008265091574,1
125.80914341529592,75.63227431580124,156.218852271629,1.0510180905072226,1.4378096986131,-1.6576704967323783,352,294.0,0.7072526560291489,1
164.9424141935603,-12.690792113249074,173.87451604879487,0.571002631381724,0.386760336227572,0.35432467563041214,338,-136.0,0.30607682037505474,1
135.4172382024049,55.37236677828906,105.56167654546957,0.5014430123379334,0.4257915935307559,0.15665391047355404,338,-130.0,0.23032847199008666,1
92.38361557180913,-25.137101495217976,102.39180247031376,0.7030689316199561,0.43085672625785776,0.24209108073077623,333,-224.0,0.23878734985849392,1
575.0628101884545,-139.46400881057411,394.62286502413747,4.217754869636081,3.4734794229451453,0.5604649172720921,383,317.0,1.5245939032642075,1
77.76940769818992,64.15072258632668,30.87506893132804,1.166535262414122,0.8243160637482003,0.8873758616368119,97,-313.0,0.737143084867004,1
9.320053432492978,-12.242197318285482,168.86940669955203,0.2960733927705359,2.3913511804351435,-1.2095346287393915,209,124.0,1.007686753387331,1
202.61031433132501,37.17849454403117,180.87540636565245,0.6126488411219669,0.7542438101835061,-0.01633075344556012,373,112.0,0.2453550657565106,1
158.67990928559405,-111.99662270554708,176.74030155699688,0.15045271606779953,0.35057828153556614,-0.24672438685776926,525,-4.0,0.14458428073137336,1
217.83996407716648,32.76593169839785,224.40944668014518,0.37426144392937843,0.43673592603455075,-0.062331362248006505,631,119.0,0.11611949533440838,1
173.74077461711596,28.595183800211345,158.47347778616262,0.3255218748979837,0.29870004409193224,0.046352118645681395,702,5.0,0.3134959743875259,1
138.67932654050782,-33.26215828954088,177.54862864752985,0.7378182997202234,0.4076273711844582,0.2128843981443751,401,94.0,0.16264988422335375,1
173.25658086867057,34.342333368768095,166.12005822786386,0.3047192176260203,0.4239083142970747,0.12173582142175324,510,-51.0,0.23464707357515455,1
99.6396079671336,-15.949468050668486,100.93578576889315,0.16321628588546225,0.2572140359502999,-0.01151830471246737,749,169.0,0.23375437980528552,1
155.03176025055467,-53.52939090730314,182.35136027641815,1.1802210303665093,1.2890759112821448,0.39153760884860767,216,-108.0,0.5589724197703357,1
560.019758107088,-9.114609728917003,598.1780695939128,3.2349522588212647,3.120247194218023,0.24971946948844703,965,16.0,0.05353128933682394,1
604.9885446774117,108.19692557000923,585.0759081777844,3.0352889228969913,3.0279300165806777,0.008816567488446836,997,161.0,0.09997272011861726,1
332.4499978674164,154.55908229036757,188.92868985486567,0.8816950633576421,0.6061926372380994,0.23923237426002653,580,175.0,0.15675040634165877,1
96.26626752858742,-329.80198903637194,327.2881960617066,0.3859488726346551,0.5742391776700885,0.07154938858948728,529,-183.0,0.2897923301306212,1
128.42326725327817,-99.64580262743195,170.93267196036328,0.9952345443201113,1.3125617004802823,-0.1583155842165277,249,43.0,0.3282818021491695,1
719.6760762367685,16.830983458680635,656.441395161262,2.4093714377887356,2.600697270032253,-0.16741184201013892,1002,-316.0,0.22388456881304325,1
161.82379371125106,-27.50466816955418,152.44731546141062,0.5031326363057562,0.5237021237883519,-0.08391184990300615,339,86.0,0.21843899776962586,1
206.76387642851014,45.318714221648094,162.79701806405325,0.42808111900881257,0.40733345268245646,-0.07255165084339393,594,194.0,0.29520670419007655,1
159.33971839677844,-10.583649291848246,157.9628517892715,0.6774671009535744,0.5331639123956334,0.0569139121292328,512,17.0,0.11576163318151307,1
193.00865984928402,-137.83477077494302,236.23632227411045,0.6972682881804787,0.6748667684274978,0.008576677370945807,544,-66.0,0.20197749246147642,1
165.13017198671804,-17.11345430024494,160.87816126189213,0.43982214524591906,0.4809539996703223,-0.16870833358329745,537,-63.0,0.13587766424472414,1
226.59741763653398,20.936933831898756,224.4349402621652,1.0631095622242335,1.6056858478933982,0.39798748752094104,324,-55.0,0.689707805991617,1
644.4109828307548,462.2603947595277,358.6157932783187,3.4211656824164756,3.319728589962822,0.5248741533705474,26,12.0,0.3608239073106128,1
105.31551244737508,-143.17991694602856,229.56020754234805,1.4004269365654423,1.4078772984300363,0.4861038830364408,61,-186.0,0.6931194194836038,1
175.4291613241449,-98.70737092320331,194.11275500902116,0.5304638772965913,0.5239729681455518,-0.23730634389698102,498,68.0,0.14230510556063988,1
191.96266952792152,23.098777865226396,229.23057698185758,0.5774203936085973,0.6992627003202305,0.09756012521501783,565,-164.0,0.24988040670437625,1
126.37932265109667,17.704881731618215,104.43577087432402,0.4365820419188233,0.27768185656657324,0.2441793944224929,400,-256.0,0.2783876001765337,1
69.47459768277461,-183.15039888108265,111.37692076861637,3.7345216647797512,2.9280644897857706,0.9420404144191732,17,5.0,0.27199187712299666,1
226.9952587610587,51.4136383738026,182.76640943458105,2.3149798205164815,3.0449249937862897,-0.879851800670536,20,-13.0,0.39511027623854456,1
75.56430188138353,-56.23979517178094,105.45367397585763,2.0063309305961794,2.621298577753596,-1.2785585211370614,21,-4.0,0.6537600971380818,1
88.05148028977622,-20.05705136575351,100.24640381230805,0.24482948372814278,0.23703619383642702,0.036192542356850155,394,-608.0,0.3170336889993428,1
76.41038853809874,-20.935036081778264,96.60550300503427,0.26566858415906275,0.35157267706914547,-0.10943465455892659,450,-128.0,0.2745865108384498,1
718.0263015942193,110.33336155169513,605.2901345734481,3.013602770494207,2.9085568685692675,0.07817984537312972,1342,477.0,0.24954545999999234,1
1818.035150538556,1679.7332269431256,502.72928657163885,3.209868358901741,1.890605408617875,2.3590646603392003,32,-132.0,0.8667872333175874,1
182.30812106769406,-36.22638414648904,327.1424314052308,0.3145663380728358,0.8469222555411065,-0.015904566475706317,383,-353.0,0.7549294059666557,1
234.3723971498989,14.855907186573802,188.3081175300255,0.9479524359275913,1.0086301754217841,0.33319935912378384,384,115.0,0.3829084590431831,1
644.4260923444587,139.22591439053787,620.569127629775,2.781413371596941,2.917331006648456,-0.2221986890217842,1286,-429.0,0.20608810456572035,1
273.5013032161628,68.44217117499872,445.34871922157873,0.9611359485491345,0.9005705157218241,0.07478182181943327,366,32.0,0.1809678878631536,1
180.90369200372808,-257.2708526667973,164.47451964610337,0.11793428218737073,2.1311452954621046,-1.670464006206596,678,558.0,1.7276053724549978,1
590.3269029950196,-144.98920588496173,534.4246849618805,3.3091211362539323,3.1405875736928563,0.4188813467880772,720,-97.0,0.2940885027404045,1
97.5034816809023,24.36836023008604,369.6783768199935,0.4310620801107964,1.0117199884487609,0.25975206323718925,362,-351.0,0.726215772351147,1
612.6048992481145,-26.56185766273279,616.056543693011,3.2735004456103356,3.0316596045352857,0.39053413646884394,993,-296.0,0.23357002919108372,1
283.9770296961865,-92.6594314820814,242.34249195579818,1.109534028858793,0.7773980768376689,0.42233127251475244,418,-62.0,0.09248899480757924,1
548.5916516895662,128.8979633249361,356.5346715789238,0.6829900043438473,0.5228277833480417,0.32836904882952067,483,-253.0,0.22094041843562337,1
593.0185449363846,78.91271705820782,572.57075073999,2.962044699579239,2.957823521554801,0.22297905852732702,1023,30.0,0.4039801971978328,1
154.68910336576175,13.276199979479628,169.09273973774435,0.7551642721934457,0.5656260264341135,0.1835724757152596,273,-20.0,0.6552005774960882,1
106.30241180294507,-6.335463934600085,97.46310125104459,0.17640958216401845,0.3238543865678821,0.030674736138551928,509,-241.0,0.278625501186849,1
100.45582352042537,17.155610011815213,99.92839069967378,0.2651981858228535,0.2931687225513017,-0.0031033716477645856,682,183.0,0.28817311309166466,1
212.77968829072006,14.490939028005755,202.5062377430404,0.39658100380544015,0.5086251954802583,-0.1579595551477483,312,-60.0,0.16014246803321502,1
202.75864802563805,94.43095011310417,124.0063397071702,0.47668093516986626,0.4310025653082179,0.18508182558421504,405,-139.0,0.15808885758555394,1
102.88210361695444,12.282535993493866,97.21594445270979,0.15712971458583058,0.2954560761155641,-0.4270099486843756,722,371.0,0.2925513755625926,1
176.3069774057998,-5.584788888683136,174.90589454031527,1.8327396335963704,0.8786694273707557,1.191992634091052,81,-289.0,0.49484518686993595,1
101.78747403460284,3.3351099682935796,122.26429470352056,0.35864124633994215,0.4142956519292462,0.019724054480421138,637,74.0,0.23883447958716453,1
199.75453688204104,43.853625792478,200.62181414295975,0.6300691009211979,1.9200745808429858,-1.2670232979333989,550,408.0,0.9227251727482081,1
240.75556068344508,-356.60035734357473,464.20917926378127,2.856844121534168,2.51130337511232,0.34617109997483286,40,-1.0,0.8075778151827412,1
244.71804812257528,-68.7802584256687,148.41605274105896,2.873140679513133,2.562657274070316,0.15793187334740244,13,-8.0,0.37297495786401863,1
207.58745699306112,-73.64523672362489,224.145998655082,1.071114506606691,1.4611544261033431,-0.39682522421665345,143,-115.0,0.47400629686112544,1
254.03908435392134,40.46904879348577,200.63508331220132,0.21517746571755042,0.2946285824133693,-0.23092495861596551,414,-146.0,0.11744074614324784,1
187.28118152646135,13.024722655233546,190.67763580905716,1.0898624051447492,0.6388321481733021,0.4360212058399352,304,-270.0,0.29679283975444576,1
410.3175563407202,-270.3043149378983,665.374358137451,2.8102079705218532,2.6416996517888904,0.311666409640472,169,-1369.0,0.8002365310427423,1
165.25212885971587,9.203202183728479,171.9106831907478,0.3437163653240745,0.6415978305233765,-0.3196711294522721,533,355.0,0.5883605415470712,1
490.38524738559124,-101.97691216701514,614.2463532937124,0.7302836738652615,0.9001387639528682,0.027279892516177462,356,1.0,0.09583050609109078,1
140.80197549430537,-2.3643041154804507,172.5619310542442,0.44160242837505553,0.590591822884124,-0.10280860650950668,691,225.0,0.45610459490385546,1
143.63845936041042,-24.863903272292788,166.98719980259608,0.3865605679050969,0.3496017034528636,-0.1018882176256739,442,27.0,0.31941893859548065,1
209.58654536968731,134.79790532641272,77.3876992956339,2.952949440895039,1.960486991959207,0.0432665934721741,50,17.0,0.8028454204899793,1
537.5431045953775,-54.93691151725989,562.7449391967983,3.005223820071317,3.0612574720199826,-0.14810093083723208,858,-98.0,0.18570471680340173,1
179.80959621592325,27.049916096524157,187.80390578039382,0.3036433002203465,0.43910368941158795,0.009594767525201497,934,179.0,0.1774977087827484,1
140.17137854726042,-54.506605597603766,320.5301472173858,0.4066762670570764,0.6194914473878498,-0.20347947390680832,583,205.0,0.3065325233943673,1
100.79434902838298,1.3643436074639084,96.50073261536522,0.31986184391070094,0.23719187005165066,0.08372793357091338,534,103.0,0.2481850717293435,1
184.60419857677982,81.44491061510298,121.70271725757421,0.6150735250471436,0.38072064144523066,0.28111803486655607,461,-155.0,0.24393284762020465,1
72.67845735336783,-121.8665959833279,172.57979525854844,2.0176001385413644,2.781401654500358,0.1821730534688104,28,-8.0,0.3473610688479606,1
209.29053838423968,19.200371474217206,200.95729771648038,0.6299039208803736,0.5431750527466486,0.3328895502692797,299,-71.0,0.10342439402324956,1
102.41370649307386,-4.553737326978805,103.17936315619724,0.3760242448301734,0.4163780689409739,-0.010558651935982433,454,74.0,0.4790514614347744,1
207.7393606789735,5.1811471551066575,189.10997362695343,1.6580067364049498,1.0893367249029118,0.7237286905657889,162,-101.0,0.2824154117826625,1
206.10566039324414,1.0459684564406473,205.31485579992855,0.6775698210901019,0.6387604419027667,0.07384286183953792,363,74.0,0.08785722045182946,1
126.12022325776793,-8.97132516397481,137.3233492357512,0.34831687764035074,0.33801176366717434,-0.012989852798840018,574,100.0,0.17406647253745447,1
186.0016982934188,-64.96684634913194,178.5798000957224,1.4153580321206454,2.0929905320195816,-0.6122023255381561,166,66.0,0.6990427660373665,1
637.1582717400842,-104.95247020167346,756.0196672773562,3.3231731383551386,3.3053152191039046,-0.6606849448427989,171,-23.0,0.14315409867134707,1
111.05607798297218,-7.4074795113403695,114.14971804303623,0.31511915469620955,0.37340985472615607,0.058686913355110004,625,279.0,0.3216934297469485,1
0.0,-248.5535563865261,124.4285395000361,0.0,2.5789436982441445,-3.512479270691231,5,-24.0,0.5052897327768183,1
127.29846201346632,-36.89752796011663,155.43672729131293,0.37762068139938754,0.3590618083104623,0.1350087407055542,549,92.0,0.15317091375197397,1
110.9146974480761,14.743037814976319,105.3691022944948,0.27069122818563124,0.2282181425732161,0.04450208607227915,502,-112.0,0.19370783324139182,1
636.4607138946627,76.80802008746093,567.1182654850938,3.1586332665998875,3.0603488634447578,0.08714085895260482,899,59.0,0.2631003989704169,1
702.6007887283474,92.87966193169405,643.1787774919043,2.5067945071982254,2.5170828300055184,0.059849180618746,1045,82.0,0.1196092251470672,1
481.54388268589537,70.21232166355253,307.29171814758683,0.4674504912345321,0.55199179190153,-0.05956501565388106,613,-128.0,0.21254641506360786,1
152.10321847243674,3.9349692895290787,198.138970181498,0.2486862887677443,0.48294933812139795,-0.2863939839194008,646,204.0,0.38188888369697993,1
101.0024108665819,12.744150933907704,60.8412426642668,0.37269588948323545,0.43778040888805825,-0.008118841425374168,472,-34.0,0.18818417408486118,1
63.41299683575587,-52.50300056166861,93.20933148016005,2.599835344762876,2.6052045140667492,0.012038706200514504,5428,-276.0,0.1442576835066416,1
171.36714668202222,49.7296891391061,99.9938501161786,2.816307519224645,1.488589032696268,-0.9087966987193123,17,-6.0,0.9530959462389124,1
700.674501871259,372.45205866814376,339.82116351037416,3.4907658496524965,3.4129275058643715,0.2857789938798292,97,73.0,0.817222574571775,1
131.99570001058595,27.8564074834038,230.72917026616432,2.0837550180683815,1.444893885484905,0.3787775861318001,61,-68.0,0.7374770089071366,1
150.41666930274724,-359.3578165818361,239.99512864973372,0.3657945379155343,0.9850961059671735,-1.052993896483467,630,519.0,0.7303285418390965,1
88.08581674203351,-29.99492566922956,106.26109472713037,3.016875695766564,3.0381881906552173,0.819715972342415,18,9.0,0.42105260938782196,1
218.89437544167276,128.0658859203579,164.26743894699385,2.077446289403022,1.7447391576419586,-0.8786869395541208,50,17.0,1.063458745577116,1
133.8632805350687,5.914882078274459,522.6325684350159,0.7696162635374095,1.191777080975798,-0.05004510482340596,319,-13.0,0.5500210034398134,1
164.581258543596,-23.960423859364624,202.9855360800421,0.37735946231958084,0.3536711445848323,0.0496928404611528,513,80.0,0.2034849048970322,1
99.43000542091907,26.307720111999387,97.24651392919996,0.23613391033978756,0.25005443066788613,-0.08154201689783122,431,-33.0,0.24032070880571624,1
102.15257036583749,-7.150556017118703,107.20288177619469,0.2970357963621833,0.3008325109592591,0.17532432334187534,561,-216.0,0.2739212851133214,1
645.191669691977,-53.11289328185717,687.5118962414649,2.9157341186055716,2.935961611676565,-0.03374432135300198,1319,320.0,0.1180400256832439,1
171.3491631282399,5.917352238814544,150.03706580694646,0.6215424949447629,0.39968103155068985,0.28083066078222885,474,22.0,0.13663923033346356,1
214.09429377296146,26.218697721889896,180.3690750232316,0.5064082880808212,0.8044715613838813,-0.0965921773084536,332,-131.0,0.4648023624982116,1
9.317143961409696,-77.51270959937754,59.43096530264247,1.1881219016078255,2.0404806690299977,-1.2710685218121207,52,24.0,0.45988154731618597,1
498.31839023574395,279.7361596871359,331.0461854065683,0.840398036264199,0.6113891298908705,0.5679120775177897,322,-388.0,0.29515570812055897,1
44.83989202657626,-122.77468091303541,140.64520376555097,1.7838593436779766,2.0743287147531695,-0.5120372693607711,17,-19.0,2.0471478903407507,1
95.69881304658713,30.237044038526292,91.89494589882986,0.801353477339213,0.48235072977822585,0.4912778913072675,254,-243.0,0.39862393791404366,1
110.90730763773331,-31.761234665431772,159.17305426485177,0.5621065794733588,0.6129997047797826,-0.08799398530475755,403,29.0,0.3348272949978474,1
93.17809748415807,-9.930541455573646,99.58264506356383,0.3409716976225085,0.2624256707017764,0.2863776087538165,399,-509.0,0.3884532431496868,1
179.52684757528746,37.59614442947577,166.0022621075577,1.5947193617278226,1.4062557479385045,0.6095506981762066,311,-82.0,0.6915426578373842,1
819.5644720725974,73.97927890320682,807.1481998497634,2.2548601468372786,2.1699879476757395,0.21513173475628156,197,69.0,0.3482490622170942,1
576.9223724544594,-19.145644112292302,583.7553348219699,3.0371453361270158,3.0259734795760185,0.030622651875645168,1015,-181.0,0.09368634094425668,1
603.5790159110189,-336.7912939821275,499.26385604171054,2.8756853891280008,2.671324486059862,1.1600950607840317,73,-30.0,0.5037070309397623,1
50.85872589831562,-50.56379302006858,97.63748295716286,2.6709505944546685,3.0879473052615607,-0.056266407007814045,20,4.0,0.2780915500772684,1
271.7107974226456,66.72999970934049,222.40689630491653,2.422979840578328,1.3990211982029155,0.6184705029990782,82,-15.0,0.5987207754653827,1
124.35193015929644,11.74536038093646,101.56398811988181,0.39239668255339255,0.4852504418328,-0.19923070149412903,509,235.0,0.3416893796083432,1
559.0927345998948,-91.69621778281896,563.3232041060862,3.116721732802599,3.0590284840287243,0.14641164673194762,854,32.0,0.2970042615811894,1
205.24239507299103,14.245541014470916,207.07414416717103,0.589235257793871,0.9094072603736347,-0.4785129580596742,349,-48.0,0.08774617846698145,1
631.0793314090739,95.30697106755463,611.9558829847873,2.9440116002314496,2.986268469986327,-0.026579473956276356,1059,117.0,0.09657055077103026,1
67.87608990098732,-74.15811121168232,149.48790579880745,3.350209029099897,2.6051826374607847,0.6302447243575058,18,-3.0,0.4485810307889367,1
218.24864131065814,14.99961870086372,203.91269396199135,0.5067661046252806,0.6854177244911281,-0.02541773083456711,329,-21.0,0.04573007406951057,1
198.64455853263817,32.416104460509246,206.46021051179437,1.49751341766982,1.3499121296362184,0.9493535495118776,109,-566.0,0.9804893835621749,1
282.9978254301167,-16.453466629476907,233.58581076554532,0.45318005517196697,0.486735064279013,-0.15736855064699545,589,-36.0,0.21978949786109092,1
208.4027111148029,153.01516186188059,86.55682036547624,3.4086949695628412,2.68415411684166,0.5124034405169131,20,6.0,0.3509984047168326,1
268.34821758424795,17.86371394924916,281.46695563785016,0.7211584942590902,0.6504192916655237,0.41330821301910764,381,-154.0,0.2759223579359218,1
128.0591741943282,-60.874589599362196,157.0983477712718,0.3584087846820378,0.39268531021891057,-0.07428133037354012,619,308.0,0.2602963395786993,1
259.1811539506514,42.424200035411246,238.33461169731117,0.5127582289493757,0.43927719898662954,0.21650871799803723,147,-232.0,0.41975883186686674,1
33.638572946485596,-264.65927726034465,99.0534413802927,0.7724603571009979,2.382491694798847,-2.214905353964323,176,132.0,1.1814457446985538,1
142.647385940961,-53.171693341118896,170.33291696159023,0.5527114061928694,0.3938848618785137,0.3438329586970672,475,-199.0,0.21377226295838775,1
90.02324349254361,-14.873665806633696,99.02240951847212,0.27983569531672453,0.2415083316580251,0.09828789473303146,715,-158.0,0.3257603281123653,1
225.96795647819312,116.44671506791876,166.68323635655142,1.032457367181989,0.6328506285708235,0.21788248814248323,106,-99.0,0.6267028047363511,1
229.7999781289674,77.1930140637177,181.0486281443573,0.592792165034393,0.8527153014701545,0.06201411983310878,273,-89.0,0.4968941978069077,1
169.75980165582706,58.85249401809375,145.24936164791816,0.2951029460824466,0.499268408951297,-0.26700363339091226,490,87.0,0.28260725044244117,1
681.2355006381861,52.722395368915954,591.8122095058583,2.950859861468823,2.9626358937916772,-0.15954492466885206,841,30.0,0.08388169497699006,1
194.8860359048375,3.6303342671731684,199.9676626807913,0.3930403878663241,0.43964848800987816,-0.28424487582111857,364,-15.0,0.10961986330749879,1
151.11089042347197,-0.13840390034707184,136.8246374839025,0.3518328848296864,0.3274967975572218,-0.027207766174621062,421,-98.0,0.18659138842525566,1
198.84798175621145,-4.990702716602243,201.35255234498064,0.22015489895696627,0.46701493633719676,-0.19558542278417868,335,17.0,0.034055727447577365,1
92.67789027379705,-27.45205332314613,165.06820739605016,0.769287239980327,1.9657990052292955,-0.04252429751631903,371,-119.0,0.5785403125429991,1
105.43354159420815,-47.02291467130476,94.53136399855073,2.61538463405548,2.5622193485403075,0.023657846685419148,5767,309.0,0.034747516264608064,1
587.8483316866286,-34.74857061345938,566.1030659190277,2.976009723270593,2.9474520249694356,0.13145417542249005,1113,246.0,0.19015259740175539,1
649.1743207486787,20.30568193509464,599.7997961474664,2.6610308971344923,2.6980861141452985,-0.23663684692942022,971,27.0,0.08693126597132764,1
115.58907601780209,4.831272272832678,104.41667027283495,0.17473459059792962,0.2817760703849319,-0.3497219828392516,580,167.0,0.22070276870986016,1
178.15546320232488,17.100507292983053,150.25353209758444,0.5344956362932924,0.5471080804036976,0.041739131794176376,268,-200.0,0.2905092494849303,1
144.84922527925215,-19.333706857329815,175.69038120110432,0.9178884411839053,0.7809190184061959,0.29041700096698686,374,25.0,0.296228595570314,1
242.38052734965254,54.62301655811282,186.85737557346047,0.4115590957941921,0.4090720006668217,-0.13062540128792782,328,-133.0,0.23904416296483935,1
194.83838615838903,37.99357311703952,181.59044090733963,0.7421803492415489,0.6462181986623186,0.09774166559663167,322,-196.0,0.24169075441823407,1
165.43181088942535,30.108657798743366,144.876784467356,0.34071183416253403,0.34228707514149914,0.0457666656555511,452,-176.0,0.12818501553357955,1
170.48254871066092,16.86284975137727,159.73357979579924,0.524331114764136,0.5016627106919771,-0.17565560023857552,844,401.0,0.33160733084682076,1
178.59644457693955,28.41631633756606,161.09249184440472,0.3746916099603262,0.5324445039721248,-0.13618207596635185,539,21.0,0.1065896007620096,1
103.66441983438183,2.9879345752720496,108.65256794102439,0.39706273507147655,0.34857596329617485,0.1525876123055479,699,-152.0,0.20661879904683692,1
230.00165440854394,17.01011939197275,217.60478578933362,0.7664782842902464,0.7672864555686336,-0.10363168175362847,242,-46.0,0.1326649136697649,1
212.1599052183247,10.768241924266789,211.1005505252311,0.3809894555687989,0.42312514796326417,0.20149359449352763,325,-2.0,0.06739658840751314,1
113.1413949612267,38.020656298530625,101.14048722478961,1.349871221435339,1.070227349441669,0.8920404778664716,135,0.0,0.7337213548125785,1
217.26070990052938,21.99076239263195,172.92915324055107,3.0761031709967224,2.6549633680929627,0.9101328199965475,19,-20.0,0.45345483341178366,1
752.7267719963306,-55.567795421218534,770.3645332452227,1.9570891683728808,1.8869675105813843,0.24212259837835792,141,-1.0,0.40651751337935904,1
210.43323763880414,-7.363380326821471,208.5414022709477,0.6298855934076,0.7563743756704526,-0.04818164584336926,315,52.0,0.09851371242781184,1
136.66643915079385,-599.5747058788778,368.63802160126875,1.313228794852655,1.0147520774636754,0.7039776891838379,102,-323.0,0.7796094694272209,1
209.6605983018421,-2.4993069164825954,206.6000608886577,0.3511692180815264,0.366903312766069,-0.029820237487272472,289,-36.0,0.05501164315766889,1
409.89285786151146,18.242034274990658,256.5786986760623,0.5942827620834525,0.49535020366031224,0.044461224573362434,365,-260.0,0.20917731775281842,1
193.11996855079803,62.446865808013456,168.413037072697,0.4528220998408935,0.5154560419668951,-0.09055043003613428,525,66.0,0.23583785649291966,1
665.2526254474487,90.37247675484514,636.0653590096456,3.0026320609378887,2.960614184663239,0.11237913611307304,889,26.0,0.11087523892077807,1
157.9504355631328,-27.70056464303636,179.5623427413114,0.4184585172558447,0.4306922120549107,0.05069177978913736,391,-134.0,0.13590978004209142,1
173.196018009943,31.441858148396534,161.68706890886568,0.7011206210494336,0.42269690939107935,0.2715778901431404,373,-149.0,0.2128738198616953,1
184.82223059041146,130.0844446778303,119.54060481486044,1.596839127283284,2.483081939288442,-1.5713937660555275,68,46.0,0.6600451128968464,1
204.6232878283537,6.690047853020587,262.20103357662134,0.7245716467144545,0.7966480997962687,0.0540162445231146,342,4.0,0.09810178141379675,1
168.78934193220812,-224.01179652719094,196.35349397480212,0.4815648407575831,1.577050858233961,-1.3039856869866666,632,600.0,1.2913372334303495,1
141.0873638457141,47.576283392516814,103.48878168984379,0.5500484260936765,0.39080614456575263,0.3210211117482651,469,-166.0,0.2694945460326639,1
662.5369217163063,113.58062385976677,593.0143141968282,2.7260982574274526,2.9618620209756985,-0.26355624043704795,1058,28.0,0.11211701476103936,1
178.995918366691,44.0055159734095,150.34884229916065,0.2967204837177032,0.3109138516180421,-0.12791030709944695,438,101.0,0.21675912530824637,1
81.2511572160991,-22.051820837072142,92.22037784407664,0.41166210641384277,0.2931433171324301,0.15654299132129557,416,-264.0,0.2384912965332088,1
99.57473898075958,-2.8316322181012623,98.00670022027712,0.4229677346003941,0.274440419994513,0.16579967914527527,498,175.0,0.315354810818656,1
122.48801468994813,-79.86455817314476,158.91440450868853,0.2985958513488081,0.33163203099821165,-0.01706482936764331,535,-61.0,0.16165735883288154,1
163.3751953040625,-17.46898934693769,199.19287165806276,0.5862789664824479,0.5524704320079568,0.20950600029020683,376,-164.0,0.16653759961285045,1
144.65452415332433,-11.752264729155172,166.99691265989014,0.5188166970476391,0.5109607621548944,0.09393283728593133,450,-36.0,0.3338850065632234,1
520.7942282870941,-26.975052516679966,605.3342996105721,3.1418067664557325,2.894870711962514,0.3577977075063212,934,70.0,0.0904388223926435,1
176.62325666664645,-129.3802609357188,333.3036251036426,0.7287532520919258,1.5613278178076915,-0.3714343508323863,602,97.0,0.78700735253688,1
172.75032882766388,-168.39221751566433,193.6332587203999,0.7815682759425228,0.6936720992725821,-0.030420530774630916,366,-11.0,0.24752719536901405,1
150.79481662301959,-230.56303883197637,214.00500805249249,0.2876032714899745,0.5371130059223697,-0.5780278370407017,451,-53.0,0.17085766358426033,1
197.0332834075418,-15.859645473465918,205.0376461886862,0.790550337366878,0.7595900659038682,-0.268744571280051,342,32.0,0.06538213233994729,1
162.4423233370279,-1.5058532300421064,174.52076869597772,0.27905225593645977,0.45517040250870205,-0.07451880015642726,792,376.0,0.49069983720045895,1
215.48731291670336,13.541114914924009,209.2157985543019,0.7096140569264037,0.8211263093922516,-0.1350554678369571,280,-47.0,0.07830606638687405,1
181.54696613635593,22.65470941398314,167.59919480864122,0.4840576645528955,0.5634060274525874,0.24693977645553875,474,-493.0,0.5542485771747491,1
176.58016750347576,87.35037607331294,310.537924344971,2.916445380762088,2.996610177083995,-0.7654354220413149,36,17.0,0.37615417225130826,1
698.3045629738342,-46.95308428406679,688.2328432769252,2.9494784399585736,2.975210369671486,-0.039291337911858015,999,-333.0,0.11356299490100052,1
147.67211695169496,-3.3931598041589837,156.31519742896586,0.306859990972233,0.3272120345018771,-0.025343301076930003,657,53.0,0.17520361174736512,1
90.90325406716748,-15.310640053836408,88.47004376827208,2.0324876891689536,1.8748369082921048,0.39755885910095157,25,2.0,0.3819731200946556,1
148.20258540152372,64.83639649142671,106.71671716378378,0.686323627695031,0.6353316988589311,0.12746717359629023,334,61.0,0.24855730163647244,1
146.7963308812558,18.941717989685998,140.6582253433524,0.4917556859025152,0.3388444247645818,0.11708999966616435,346,-197.0,0.17447494928803586,1
95.57435289572807,-23.698126846272686,110.12607678618959,0.23138413144678702,0.3161817553806184,-0.053153606724369445,837,165.0,0.3078883509085462,1
99.81641807599826,-31.965997308712247,239.37955707366547,0.18497055381659042,0.4289676316773566,-0.2972299051104669,644,278.0,0.46955456865394285,1
172.07348155372287,26.719650053603687,161.7781752134361,0.35780801587033495,0.34774439491272846,-0.0004014436239638819,597,43.0,0.1975134807172211,1
192.03636388975914,20.475924466796613,161.26589826217352,0.3786399878649286,0.5287517843819228,-0.1344234357835965,500,92.0,0.4624003621401227,1
246.0373335236151,-235.9860330064117,322.0398545575605,0.5217546346423908,0.8548258547691365,-0.5893698285825216,645,407.0,0.4994643702918339,1
121.71847641175928,-6.719780359613694,278.7925468635046,3.646439344671015,2.4441768397769446,0.343716591808525,20,2.0,1.7779794049241227,1
477.64673960314735,-128.52155687548714,537.8080204519072,3.172783383725479,3.1476857336892445,0.04455715915861713,622,-231.0,0.16157554649712239,1
233.25855672725518,-7.552583353038045,230.17583362320903,0.23005443728710498,0.2776555781374143,0.014834404890879505,244,-9.0,0.07645466895250662,1
458.92294127442284,-211.77673612584482,557.1468385188443,2.8048049442800314,2.665338911679439,0.35292019431957256,747,-163.0,0.08182306701129523,1
561.377014890548,-52.78693386479188,595.8403455743692,3.001453008423791,2.9774679879319015,-0.0686141078465452,933,247.0,0.14435906727953157,1
148.45136939330848,25.07143680025402,156.28107753560192,0.677216559016091,0.6223115149341689,0.2978580783877079,372,72.0,0.38687276524559433,1
135.73796559078718,-202.52693269169825,211.8329539283162,0.43132770411467547,0.471934477227704,-0.18708199727443653,566,71.0,0.1190240231886385,1
144.11402188293982,-17.904360799145024,148.93015250634556,0.31494196826875853,0.47075176444939737,0.037094343472114044,433,-150.0,0.1811063937169662,1
601.9860580587734,-59.21877927282287,590.2876719371178,3.149312529698422,2.9927371274639625,0.3049212501740848,970,96.0,0.1760657426983346,1
186.5031220646411,30.497575015636556,162.48535535095863,0.8529951265655992,0.5822639534299007,-0.15685077454697682,285,25.0,0.3804747743367267,1
171.24330765446373,123.64207391103551,380.62288794097594,2.76947973601793,2.5445654349688733,0.7012541487701882,43,2.0,0.48996552655657327,1
161.77748506436964,-40.025106807283635,174.09507169998386,0.4637181172184528,0.6083036902482801,-0.2447639330203235,311,-122.0,0.19724169245927206,1
167.21013556507137,-10.142500571577898,170.41612494284223,0.6797598759544989,0.5347258996764892,0.19143424210938925,386,42.0,0.15356978656517353,1
704.9382977647607,203.14789356701885,581.970479572356,2.8784246758694634,2.951137588499106,-0.24859045664837653,1440,-882.0,0.3893927020816498,1
105.99505220816614,-32.90177550548226,102.99436632932152,2.671780584510635,1.7854042851316094,1.7960576126088652,31,-161.0,1.2451421048965727,1
679.7308211349188,160.02681545241717,597.0542655276693,3.072771464738452,2.953410836835352,0.144549929020938,782,-223.0,0.23686564081559475,1
324.2059022000983,155.3314920430772,309.73733831530615,0.7939188561504276,0.8030460555929586,0.4522095444233202,547,135.0,0.3363907132341533,1
599.1946674740441,506.95057220139495,269.8194002673177,0.545901179489338,0.34409269527475933,0.11583883439965181,348,-58.0,0.3674621333582526,1
744.9240007840492,582.0537890129799,273.56006933868963,2.271085057976346,2.7931278834112523,-0.21920829727993008,58,24.0,0.2872481529114595,1
156.43475767376316,-9.250434865603438,159.67053913074855,0.44852775108765675,0.7155855584938832,-0.3362446345619645,516,185.0,0.2777293472713236,1
96.70291661388839,-11.117174383496277,274.8029555160657,3.1820058147602137,3.4341625910104754,-0.319392010673889,14,-9.0,0.32988228412663984,1
46.73450705105978,14.348218095824386,43.38443718039461,2.337422227370367,0.8398969968762465,1.3622511467354563,48,-159.0,0.5950360914296101,1
112.8724098474796,26.43552885398175,74.37555811138091,2.637299209338799,2.558335272270243,0.053333867402900026,4645,-489.0,0.10371229273400256,1
412.7935291351507,243.78358900856614,336.16198784454684,1.9433139929409864,1.883713428395995,-0.7575647799788492,217,166.0,0.8262186783251704,1
211.79125881163836,15.109369124182479,199.12105621586224,0.30100927872275557,0.49141407385960373,-0.245934233693837,344,41.0,0.10356711302269614,1
194.92446227150847,-4.554813230123443,196.98842176898984,0.7287294417401801,0.617901809568483,0.15191592410167598,350,16.0,0.07088236620570529,1
77.06595492052638,-18.35878383638864,88.38905393374242,0.20115831670858778,0.23275178732977383,0.03860348631729474,541,-90.0,0.22284666882445653,1
195.64319909749855,23.49703125424395,189.969696881596,0.5147250178966891,1.0857063586013964,-0.1834748838374215,854,506.0,0.7485907877031581,1
143.22972190552085,10.660679376571068,157.68614073346941,0.5852750146967801,0.6132481641364194,0.03365844419687847,517,51.0,0.339421822463502,1
645.2928535702886,97.43195872934973,607.0902589067666,3.4903327761574885,3.2888806856470802,0.39753408760844167,984,158.0,0.3215386150707015,1
159.76222144799283,-11.903567159146519,156.19923948187767,0.47627297259772017,0.41039793671531,0.11501008862376177,497,45.0,0.15355148611831138,1
134.65428447149614,26.312460365283002,156.31655331090218,3.097132549959593,2.9154379242867536,-0.4370864712207472,35,12.0,0.46561785043232173,1
207.9601570891037,7.3122936103764005,201.44272834436282,0.9282660387987013,0.7627492858703189,0.2000753653829599,347,18.0,0.020797973492986434,1
178.67252138185123,-8.159120477872307,164.29290336387004,0.27263430905980746,0.3911453176849068,-0.06554019352338308,522,72.0,0.2370441518222791,1
90.10601046724342,-19.661469479537516,98.51122897048451,0.16042752543865998,0.24753791484370527,-0.01370299014889223,507,-353.0,0.20554167459654835,1
583.4220410592204,-31.641688978349976,613.6135272205224,3.0946339572697084,2.9772414284856823,0.17081196284697375,960,-70.0,0.11451896513908562,1
114.04126777617911,10.999655603105822,104.11631553248719,0.42107113154711234,0.33863687405758125,0.27503782793194803,470,-468.0,0.3370389679586746,1
339.4286765608522,142.36601143300456,234.7600117216244,1.0985002328460471,0.8800670795022792,0.3190457356030122,386,63.0,0.1188529798480953,1
145.62702988768956,67.30757189671519,269.4946718374716,3.0130709291038453,2.8699085946687575,-0.7369290708961547,17,1.0,1.0556878092318487,1
129.436650609412,-77.2974542889437,172.3074102528144,0.4259954160388001,0.630089365790109,-0.6589661152423459,575,368.0,0.34268321131103013,1
91.284502040402,-57.79142403600105,97.44207488557223,0.3500814603431004,0.7240471004795708,-0.6442930195776453,546,381.0,0.5159796900890735,1
102.3074685155528,25.40086237503371,305.18449837556386,0.16602047891653487,0.3997929262476248,-0.14853387710659244,527,67.0,0.31374070867911524,1
153.37733987188207,5.263803873564939,155.62963405148358,0.45171970323220423,0.4576062182413968,0.14235361703755145,429,-199.0,0.5180516665670558,1
66.27640403695996,-39.95947815887318,94.2150237776316,2.5476194201841507,2.4813949345590594,0.1350745570530556,6097,395.0,0.09592882609109961,1
405.5447693109167,264.84918608848625,245.75186833463005,2.688721279869425,1.3085419295585314,1.345894356804642,87,14.0,0.5317879729688759,1
116.77901129139748,3.0576131629575656,110.50723836605125,0.32507361874017204,0.355527699840495,-0.020205474682029434,1074,507.0,0.4965012789977125,1
191.0647033430485,-16.785549226138414,202.89012946124325,0.7523049902955489,0.6996848460390619,0.192538528841374,366,62.0,0.07315129085105972,1
642.1101099830727,151.72486259748143,625.0632633121609,1.2393470599275669,0.9077807828377498,0.5090633860623054,406,50.0,0.06310297410762657,1
212.34142481137025,-181.9516562744671,241.6217466423303,0.5842301988306676,0.5969771523043139,-0.19057133819186578,206,-130.0,0.3942288592649644,1
71.45370986212839,11.302146903915997,109.276044692285,2.1280852788913944,1.3316494194309132,-1.1585442078948014,7,-12.0,1.0440797621850866,1
193.42623414013215,15.583353607659319,184.27772436162624,0.22552890317541044,0.27397774377423123,0.0969985727218185,340,-125.0,0.3286945574282242,1
109.62180305435999,-4.419464721819125,102.58667672535776,0.3929308613637962,0.34409877945095463,-0.028140270183316163,750,280.0,0.3229769839434206,1
564.4340348538267,-15.489079856955186,602.8370782721965,3.171863755741379,3.141849084941539,0.018450154957009968,861,-13.0,0.0590221558096104,1
126.57819886560966,44.74546974360399,179.67795159432282,2.7329584811468717,3.073407343938299,-0.6896212806956199,29,-1.0,0.32474721775146875,1
180.31490178228768,29.371883542302953,154.20211889479668,0.6140629383317303,0.507300517881893,0.2729079044718105,509,-6.0,0.10214374166032301,1
96.6581048996628,-9.554515979659755,95.91849977477847,0.2196993056948945,0.2619488956922158,-0.019501961440048066,708,100.0,0.3278635490665632,1
181.3444261120089,51.65799096400639,158.20657388922743,0.16946970560544455,0.28083395852120174,-0.07530980621695796,620,76.0,0.2068671697174644,1
77.59799224053447,-16.344872894460792,100.86336320385605,0.0986840449269545,0.24629458460707437,-0.2475206527404044,410,-26.0,0.24749198911810652,1
140.75328021446944,-96.01250509199161,203.42247204320665,0.3913325012567961,0.48886019321348445,-0.16302176146496172,547,111.0,0.38464367854069537,1
691.4315909981087,7.467272356721878,677.4486714390578,3.096377546404533,3.096189658903968,-0.09154926833626487,1157,153.0,0.22583524122845863,1
261.13914398808186,92.6524877072728,195.4181089237049,0.39003492956822133,0.39535459627933384,0.1896815731368859,593,-233.0,0.4500580668161895,1
138.62597998821073,-6.117243363492548,149.74495449100561,0.3188359307613678,0.460305073144483,-0.058783785713595715,417,-182.0,0.22045042363133083,1
95.4456828304883,-24.30941100797348,104.89683578831941,0.2753574399827355,0.2745801539092222,-0.037024727964757975,472,-84.0,0.26289829582866875,1
204.44390538253006,2.414407892650644,208.01755445377566,0.6958312765484859,0.4622330534396193,0.1659873367048118,331,8.0,0.09246533634773961,1
216.01853791916707,17.69599589324278,203.6933178180596,0.5889029835397981,0.6225302189900539,0.14115398513337069,299,-38.0,0.08418751072907538,1
90.22997891757387,-2.1661925775638906,92.37456222340037,0.2544067809075097,0.20404164099783867,0.08986416724799542,401,-77.0,0.23113804474495422,1
325.5529163634655,76.81157111515842,195.09138062689485,3.994683498756418,2.069569993404685,-0.16922626680097208,62,30.0,0.9678391235089279,1
673.8912184218741,53.36853180044943,631.9204482102265,3.033602544732361,3.0661591944792046,0.23536206427407258,1215,232.0,0.11971519384143926,1
98.45236406630926,-61.75848674446425,116.7535681788124,0.338917191859521,0.41565577803844933,-0.15952658989322394,563,121.0,0.22505083754077843,1
100.1642055522494,-9.556651796517272,106.90772694913112,0.31035855560338016,0.27670595719908475,0.13728606360709314,478,-240.0,0.2631515620894479,1
172.45501191506736,42.161277284615494,157.97524811728024,0.7974063455064644,2.1684802027339134,-1.7679893181185213,564,519.0,1.167626472068274,1
619.7647819965862,103.56086909254634,600.8330248022619,3.0947239503990898,3.171720012330897,0.018971261569649123,1015,243.0,0.12404075165944292,1
96.47529526669442,3.79740499289737,139.54441842560908,0.648224617285944,1.4632561374653028,-0.12106262269438295,754,383.0,0.5968780980199522,1
191.25570163766434,-9.734693400050787,202.13594524264136,0.6772852636874427,0.4136670229227419,0.13849333708253997,379,77.0,0.09892859981708858,1
313.4189530864742,28.66229984615768,276.635151244109,1.185242419359378,0.9050621356658443,1.030135514072984,79,-26.0,0.3878826460402899,1
151.00296550266893,35.41380072156629,211.70368683155516,0.37819427854650745,0.4776162945892345,-0.09140601416589217,687,167.0,0.34714736047423006,1
1109.8060162530062,947.7481255314177,354.48581454976863,1.771314940442099,2.3813458211153606,-1.4326724513166578,61,34.0,0.4481284627378715,1
188.0247288567251,-3.5030573544554215,208.37123442613907,0.5780779062089242,0.8021127590789032,0.325750974489802,527,-9.0,0.468106492667206,1
197.92709200256044,25.471975294907253,178.4011620255266,0.3472286790764107,0.5585690322788218,-0.41459674991104195,722,499.0,0.4825330063182292,1
194.67798414486418,84.34592223598428,330.1008172792787,0.6101557409638847,0.6537717752182195,0.011507218837281452,378,-49.0,0.2912729231024766,1
150.82089774163356,12.831136461912394,201.55230348388017,0.5919509964357654,0.5594143565268871,-0.052549627780421826,660,233.0,0.1945165164976937,1
211.1861515142839,6.827950793826062,208.1355615885712,0.4043492787709919,0.4488885733350788,0.13563571229095772,364,11.0,0.08422245004467345,1
74.07798255892233,-25.406626803531324,163.58689230543445,3.7841837197791888,3.258368663790845,1.3095819670646072,20,4.0,0.2814428204241023,1
174.2564588712278,-1.8597075190272392,200.25675216008443,0.653841199304814,0.5393754741078121,0.14672866112557204,574,74.0,0.1778499993818332,1
143.82616647776385,-13.878701828917883,154.29855000744658,0.28466052565262884,0.46193240872690816,-0.1416133027584009,598,242.0,0.25940846638902737,1
586.1603129781196,46.89151137198644,605.0491952509026,2.691352995375786,2.605631559084455,0.12273070961984534,905,77.0,0.14892090889039006,1
184.8701471163417,21.872760823880526,191.96371841015448,1.557205832899448,0.9612621881733248,0.6963189322044074,166,-208.0,0.3698329087066355,1
87.53888025075233,-4.128887213262715,349.4067395436924,2.6887218755408675,2.5758423234664685,0.8463508823637589,12,5.0,0.8443724564224175,1
50.46576451843123,-195.5677421427551,263.8040609171011,3.2089873002588,3.006650727332294,-0.11009227036537439,22,-3.0,0.7394405588657341,1
474.3899207139629,79.5209367929541,303.38440104764777,3.5786267670198737,3.3777231431554213,0.09691219403380025,32,10.0,0.46482949478764135,1
323.51226354805766,126.26341214658777,229.95849387631029,0.905963870487034,0.6696042209767887,-0.013502518718029544,113,-9.0,0.45480892655058236,1
212.01167428992022,16.154919800585702,205.89846241622232,0.9031078983520766,0.859332707731971,0.03647940317202758,313,-48.0,0.08219505053887267,1
189.04600047942077,-8.476026573782633,167.234803853235,0.7913815956573289,0.4590514196217107,0.21630077883492937,290,-282.0,0.30856247112993973,1
123.50412054429607,3.967404004088806,116.7231758876037,0.2215608359143714,0.3413798270604645,-0.19894309612259406,961,404.0,0.39448838940072056,1
701.0326187633776,111.99112304357277,653.2716401597828,2.0314129626443105,1.7375141696822662,0.7225443181593121,31,-78.0,0.8415191567874503,1
151.70001950414658,-17.551584608639672,159.64087235460323,0.3837395157178952,0.4859928734274095,0.1726677268419284,435,-452.0,0.5403294399627973,1
66.50727233673966,-41.77573347400924,94.9884085953791,0.48316103157139184,0.4204290752813414,0.26325240627095214,310,-559.0,0.5001286610140516,1
634.0345291873494,-17.753568970324523,617.1087004876945,2.575485609666411,2.638820668518073,-0.17426776084059137,1048,13.0,0.09223994405460245,1
99.26713109732236,-20.88844382466111,103.93519390825767,0.22020837256609077,0.4101937467680418,-0.17163556263619023,546,14.0,0.24067814680799135,1
110.20864259930465,61.190112158963906,94.95277898769822,3.5589532100053063,3.170322686975434,0.6505052852613153,33,12.0,0.31327382100411055,1
261.16517594412363,35.58804571157853,294.3529096207181,0.4805991186052818,0.7240716741127273,-0.03594276547051045,524,74.0,0.11718679201212895,1
107.99275981509925,12.748797696066305,136.7588117194925,0.3143201400130119,0.46525568187232097,-0.2779422972267198,489,58.0,0.18239572331030915,1
144.04042856687283,55.412130565548395,122.08547952835283,3.2810361125534233,2.828253618671078,0.6175033577491682,18,7.0,0.2190865416262549,1
767.7040347452539,641.1579819173155,273.7884530945797,0.32444184936510984,0.3105231940208443,-0.045142786444590854,605,106.0,0.18533776206254407,1
193.12270189309362,-9.335216344817184,201.2609689581762,0.7097511105995953,0.7762963572026648,-0.2576528486249605,357,34.0,0.08155437534436664,1
148.16745687101107,17.114132168891615,188.95153621321666,0.6529945904204252,1.0963454658412741,-0.32777479786396746,382,213.0,0.7251003220816555,1
590.4810579765351,14.52072640516883,587.3765106766903,2.9743144733864053,2.9823092395975146,0.048126203205486995,1018,-40.0,0.037779515213671136,1
194.82358214825828,-10.118962461244166,207.94558346276986,0.34375506855023286,0.3231243280208043,0.008078030589115492,355,1.0,0.0727248119362997,1
214.53910035232772,18.113179417590345,206.27059000072518,0.6462215236049716,0.6110896639263419,0.07576889458526259,304,-26.0,0.04912432635018283,1
108.45227779779086,6.511524086358207,100.19503713635103,0.6519268389889125,0.4755905612542758,0.07244769682231023,188,-254.0,0.33918759188085185,1
198.5588856368721,15.144629280991808,159.3094647966489,0.8142203712245296,0.48585506693909075,0.43763507647257394,436,-63.0,0.27949463674550334,1
226.3985666515834,-8.26038649793557,247.49172602915965,0.4928338539098743,0.6345248916004211,-0.5048768226050078,209,53.0,0.30749598797525696,1
154.0107503536354,-20.993662101303073,112.15965792640657,3.128085278891395,3.045848797488055,0.15916671492929746,14,1.0,0.2522406348103592,1
611.4931091594835,-39.80970416628065,619.2075952182365,3.03156983431996,3.0515203376133804,-0.09267413916309897,974,-56.0,0.25127173967616045,1
211.16700965964068,2.9464786768605506,202.3118666065578,0.4462601767048453,0.5527111665756548,-0.11512335900436133,316,-18.0,0.05204874559520162,1
207.25340903184048,57.67259289346683,220.38429921792545,0.520435396227526,0.5132652360532338,-0.03653155975132327,388,-165.0,0.23737051331163309,1
117.23527359544993,31.367663069733524,96.2366619616708,2.5243974703476995,3.061531928619921,-0.6966997797102579,16,-3.0,0.21546189823083403,1
181.58337417468735,75.96915853885386,157.36179346720508,0.2885020924962758,0.43549378564299135,-0.17040443981440695,553,-115.0,0.26082700849257867,1
212.1953835631279,119.83208903598545,171.40762522642345,0.65429273322253,1.7541384678139706,0.22213873354687802,344,-124.0,1.1713333759025388,1
113.47437718634704,-162.83521092462155,136.75834362320305,0.35554488114042865,0.5860593739258115,-0.6618151927863232,838,444.0,0.37144916696072905,1
582.0380598783388,-67.61869953986115,578.6139269299248,2.568843494693789,2.681203684849807,-0.05319849773188379,973,-116.0,0.5657576399514459,1
133.24638885479249,-41.814007706546334,165.7791383654379,1.516708093736739,0.994899480773795,0.5765753027331159,99,-180.0,0.34106894450615743,1
169.8016357444845,31.02698154409569,151.9773479127636,0.3165912963313812,0.4547928088561847,-0.6291710754775013,663,503.0,0.42563060276190273,1
247.74974333761438,-22.00869009676242,184.33913943153453,0.6930882991215316,0.7531650792620435,0.056712047575038005,272,15.0,0.25843547676996614,1
411.56164783557733,-21.070070063922174,509.153902584587,4.588256198016596,3.1423316392278746,1.4412129010658261,72,-70.0,1.3300856126156952,1
149.63944369156232,-6.719699170209026,176.4351460210448,0.37064109860167666,0.42558982485863783,-0.04019432758633956,364,-171.0,0.29791542906058316,1
7.483314773547883,-87.44314168673434,68.97517691196825,1.5,1.5786145063835353,0.174215218796669,4,-19.0,0.5792495190968114,1
230.8337858774678,-87.90338164967096,273.39721145090897,0.4084560844527694,0.7709530731881443,-0.9032422110133524,317,231.0,0.7609373314174025,1
72.06390983420005,4.040455146878841,72.71355195752224,3.609496334425697,1.2816785829478614,3.0447735716366706,26,-495.0,0.8930954555516086,1
176.47254783123498,19.446743550790387,160.53720391251645,0.3208484953018845,0.3779085873652238,-0.2320446893084948,523,205.0,0.19724309817005484,1
263.2081636146081,-48.99016601704358,311.68111233709135,1.1685019080975696,1.012844224567339,-0.35077562921791006,142,87.0,0.3504437401191164,1
132.48756685780305,-69.9557306722588,176.44152358144783,3.5940185767283297,3.384645060375459,0.6080760883072864,55,2.0,0.4793841174875049,1
153.03187292924113,-157.12531177615423,158.78780007900656,3.6635327548042547,3.4035912889791406,-0.1633421270603841,22,3.0,0.266935147781653,1
145.57135607007712,-291.7740150041727,272.9810107591992,0.32247161548013337,0.46925030399148254,-0.08048506451274828,530,-114.0,0.17444279237752627,1
143.08978974290727,-44.52676523758646,156.28983294729187,0.4933362532911731,0.41012788954349444,-0.3061645280697744,324,-87.0,0.45969841240234893,1
102.1228933970352,36.0211873757724,96.90157535283552,0.1701392975484835,0.3271659413660174,-0.2618899194295156,576,219.0,0.24613900070515377,1
177.48079223057212,-6.934208353902932,166.04208350524738,0.6840196497612352,0.4780596453449638,0.23181798378698693,284,3.0,0.5050837393193691,1
126.39101036070564,106.70469479866703,93.65752405578331,1.9147221199257838,1.8275237469502876,0.5359386264396082,28,21.0,0.7606335549766257,1
181.40987770057652,27.986110137368854,162.07164008734986,0.3341153415538027,0.5421153866418367,-0.08263197000280242,522,244.0,0.5924288672782847,1
176.6197639467714,12.488486410724875,159.40999139107822,0.6147149077070789,0.46794060567777285,0.2522454981275347,308,74.0,0.3176341478002843,1
162.72106770834225,-48.2054985738169,199.85307652736356,0.3326088291242092,0.36927727334030136,-0.28613745248940436,515,149.0,0.2507081361658315,1
161.38296221541444,28.20884167267991,192.948732242492,0.49736319538120155,0.3928827163198541,0.1504983938661112,597,-182.0,0.31827602088790663,1
117.72960279810681,-52.055329189964226,122.66574115705903,3.3802406727521945,2.7495871846185542,0.8910786208027921,40,2.0,0.5989421489789059,1
102.99494352423041,-23.384379126866264,107.09167148234224,0.3482324974101247,0.3236897021618756,-0.08834954450869864,541,141.0,0.2572300044435676,1
261.64609151470466,-19.18926458869123,246.11874107174498,0.7428395335798601,1.021916714628889,-0.2791291598532486,510,-29.0,0.4422097569613938,1
356.57699174465347,294.30713570142325,302.24535897437784,2.2126417936566765,3.0328136077644476,-1.3695512730784571,24,1.0,0.3672392112840788,1
97.55269530701796,-17.65663714484829,245.28860331270167,0.3478857615862881,0.367332371165487,0.09312034753011966,433,-146.0,0.13720977498834447,1
59.01781121675325,-13.464707748550062,61.202605715312856,2.807354922057605,2.8974378252576227,-0.5158765067400157,7,-8.0,0.515200998878225,1
236.81848136592183,100.11118972684145,185.55335180511213,0.400186914482306,0.42473922704041245,0.18554658089017592,616,-15.0,0.2512314621287921,1
606.4399367903545,21.120529073797343,566.3033074722761,3.151023313625349,3.0101402606526717,0.0947472534948024,1259,252.0,0.13097258874157217,1
89.96113180370335,-34.004040637483726,98.95162835429184,0.2703045493411281,0.3017604783414473,0.06650733182050578,459,-320.0,0.23525326822636627,1
314.8771316318341,-46.86353683729146,342.0825961091561,3.149673447186742,2.218240042968553,0.45729284473176746,18,4.0,0.8182091483021253,1
351.5243771537521,53.581234787991036,271.45429139356844,1.9682549462012073,1.3015296324567656,1.2754353933252118,75,-18.0,0.18829804180124687,1
174.93068612212784,29.889159476978506,180.15739083881058,0.44185254272773417,0.7142112881029603,-0.1831746409972464,526,151.0,0.6789155739416368,1
591.4370407260092,25.596782533821965,620.2314164623297,3.034961834514281,3.1466971194132975,-0.05960762575143175,938,105.0,0.07276695674739338,1
236.0953667953317,92.99754132505774,113.27397098797537,3.139572261986723,3.2700236523313526,-0.09952565600206409,15,-3.0,0.33385918500425826,1
224.09392933151338,83.6298403279344,175.66781555144476,2.5186858817530338,0.9803695786625845,2.162866285491382,54,-332.0,0.6646636218106278,1
188.9337637936904,17.872142754377933,166.13782910614026,0.4326901150555779,0.38194739680770706,0.08599924234811923,311,-321.0,0.24006318193421392,1
172.21598034838885,15.558551764374528,203.61260971973758,0.8723817212368593,0.7256094043754786,0.3195940195710568,415,-65.0,0.10810224792476823,1
105.61421563583349,-44.286116344303935,156.95606343109617,0.45890653231068274,0.43881740664588637,-0.01338562169920926,668,161.0,0.2661622568261885,1
146.5977815168542,-84.75616217582234,181.1713148287544,0.39568225990492567,0.5171788379407308,-0.09846054499208684,509,-62.0,0.06647603387581809,1
197.27442547040823,2.944699371603093,221.91819311727494,0.5438672548502953,1.0764427990741707,0.3102948731058697,506,-36.0,0.5461913223186876,1
150.93568803299553,-5.809344812532174,187.5956829525122,0.5736830342978553,0.49476738065403436,-0.051360603855203135,322,-198.0,0.2747206518521618,1
138.77465420038882,-26.320019783917246,144.5005500815072,0.9457623718088825,0.47739730753108567,0.6242521161849767,160,-630.0,0.45581966699807297,1
658.9613210597508,85.11485564213342,621.606861180568,3.227494737536433,3.176308510763552,-0.08668419644239789,971,187.0,0.16418298578178006,1
422.1365158615152,-128.10784989286873,515.7683016875314,3.050973358773195,3.035720153855658,0.2048796199018863,1605,698.0,0.33101631897313094,1
80.74521373317631,23.585217607835816,99.48823759622032,2.7520379569992226,2.745854677980134,1.0253517025103813,28,-9.0,0.15512590286537323,1
730.5602610313844,178.00428808691686,606.9270148382462,3.6715507696599636,3.6237732505466944,-0.05187894105243407,177,-47.0,0.1830528579180668,1
605.1760526662686,62.262511713994286,600.412554071969,3.027606032580792,2.9971584565077607,0.12902722178109416,832,105.0,0.15538874791032872,1
42.7765512089665,-64.47224696211453,71.89167225903458,2.1258145836939115,2.841651823097884,-0.739762271513337,12,-7.0,0.20721115325458386,1
170.35037778987092,15.661274424109166,144.36409092093027,0.22970063943509036,0.4465674910108561,-0.5254636327583554,712,439.0,0.5646291160667631,1
121.285985044007,2.66286734678026,112.58511275559098,0.48006962298288974,0.28467540391801327,0.28210314072187515,792,201.0,0.22762710476100387,1
183.33357719187654,2.9143191955272414,175.96410362563807,0.5035205464291405,0.551458368111606,-0.3504266620546789,507,359.0,0.5178193794371779,1
152.25263185024238,55.365279265350836,251.4036189694886,4.026986833359288,3.3490650470412104,1.2725449876459423,26,4.0,0.23055368554225697,1
212.29347952201968,6.0379865692410135,243.0716337713373,0.4710393562578659,0.46405597259475595,0.14514980107444292,279,-55.0,0.07185736145982201,1
154.87504602074466,22.63497023355862,150.9023461901572,0.7639824758090838,0.41740615666369046,0.16206382004573305,419,46.0,0.49090047510394075,1
67.55258722518573,-5.147137671130068,288.32679285977133,3.3248629576173565,2.3255845442867376,1.241659787189775,14,-16.0,0.8471127264375294,1
100.71341478046354,-11.7418868843383,99.70601610522377,0.47940289217489607,0.442211127286331,-0.04340864153244961,463,-119.0,0.25419939673515174,1
141.74213413069825,-19.53191658044426,157.72119586311064,0.4258779142666507,0.3852461070816876,0.09872330841300897,648,160.0,0.20473842956998345,1
171.79038128550596,25.232368948024742,166.447750582973,0.3596307560336183,0.368776573950227,-0.04762457956422972,547,101.0,0.1958971743227299,1
158.71520526990741,-1.8868856865865098,147.06415419056674,0.4638490546193958,0.4582105354367683,0.13976169539530203,434,-159.0,0.170205562134381,1
214.96156513593274,2.108565541734123,213.75676535282068,0.26415847746551574,0.3945463907968462,-0.3338062947396165,282,-17.0,0.05397041913526397,1
416.06837921476426,214.6082082284694,225.74323528554652,1.1822444704973825,0.48471952152163045,0.7530544996138054,157,-248.0,0.516559755629074,1
551.565380355711,-117.44833365568047,605.8348336686037,2.4399733474203513,2.4960759560925916,-0.0669232134656319,868,39.0,0.12032486980079637,1
383.29778473540415,122.13260879128052,335.473768629636,0.38566378111069793,0.6777501246097353,-0.09493533749458388,518,-6.0,0.10414830507085308,1
168.38223270912272,-18.860340539964398,274.68697719521373,0.3303487687838249,1.825422412334938,-0.11380011638726817,1027,465.0,1.3100011588886653,1
10.085467550458661,-2.241012378099084,11.669367454144522,2.1267350977048056,2.5420808195452707,-0.6013139588042189,613,-510.0,0.34199610983359147,1
157.5286418560305,-0.30687031454158387,160.45723575252902,0.2664448092568869,0.6439963575881265,-0.757217275179374,634,348.0,0.4339593602985788,1
69.71101060808112,13.61090167572501,167.22385894149465,3.1493974703476995,2.640442569914024,0.5644349696265434,16,10.0,0.5325426711526232,1
676.8687227963478,12.015529369500655,648.1583773078622,2.925442863658804,2.9340875484477533,0.025758543241014564,1188,288.0,0.15135839606541063,1
44.42260586516343,-127.11373268420951,140.79270113523475,1.6315907799047042,1.087542190505745,-0.43598249939117895,122,6.0,0.485074420939904,1
370.13525492551435,90.5423707935679,264.0322159399848,0.37313999012128185,0.9619778753530385,-0.3299084528867171,70,-91.0,0.5656829101059432,1
92.3193289639725,-18.73674901899969,110.09226988015874,0.5776389014265294,0.3706121582019576,0.26251974673031986,453,-172.0,0.2308315328442357,1
279.42137633967013,220.67647257074,153.4560152558772,3.7243944454059865,2.9125584711218173,1.0823097608254857,36,-6.0,0.3612310815970669,1
218.35882028089375,151.45616828749365,196.21280148521663,2.9398290174664026,2.833466184041178,-0.1379905136483801,17,1.0,0.5427383766896257,1
211.29946162629815,9.31524687916675,203.67034481148374,0.9858438647428273,0.5849551162335693,0.6119140902458708,312,-24.0,0.19272870867721928,1
151.64869951687245,-25.34350546257943,181.28773699930184,0.3835355545301072,0.5873969317083398,-0.15361191948425196,463,158.0,0.21375280878453204,1
142.53419499032077,-9.52145938258056,146.95657053963166,0.29717986947115627,0.5896643200652592,0.13603547157534215,749,-111.0,0.6281876151215641,1
319.64744956127885,-178.6709406744651,291.3910540529243,0.4597111973992066,0.5968724515733983,-0.3806868388649924,387,65.0,0.313400474272163,1
143.2752989139596,-34.16321001812065,174.2074664471361,0.26106795448525233,0.5731750090832067,-0.33257779560141765,723,339.0,0.5443618814545679,1
164.051279598676,35.88851603750598,298.68506723227864,0.7308788621184041,0.7345302887035172,0.006854266505867179,432,-118.0,0.2175563093158087,1
96.14677979456528,-11.268991237738476,106.200405197386,0.3688076842518628,0.31540975788936415,0.057285836241347976,301,-120.0,0.4866162412238977,1
114.04369427049949,4.366837948233027,108.63051266584975,0.43350360716901976,0.33299935820840415,0.05677649829967807,362,-44.0,0.36788828773587834,1
71.04242729180773,-37.28431944791929,100.01375894363466,0.5105328117041074,0.29420896636725075,0.30922868838862005,327,-490.0,0.3155901554083903,1
563.9013647479106,198.64089185879016,366.42488371012814,0.6235749050651342,0.6031433960530823,-0.10283848846081234,507,-144.0,0.1284103001421706,1
205.463434010334,-7.6954406537857665,206.1743036020404,0.8485343656928428,0.8375235283131133,-0.12753522610579837,312,25.0,0.06636606393378428,1
87.61830682044436,-66.56476787811215,117.5673138252879,0.3451395969414649,0.3463837825178698,-0.05040164333993313,596,107.0,0.18808619833738097,1
123.00248876192686,-47.008153516965535,166.14413885031917,1.1276149747191733,0.7084061963862602,0.4895895916572822,158,-46.0,0.7320458312755714,1
222.82299371991311,-55.5509061200535,257.9144074496953,0.3273116706254138,0.8886456351627329,-0.38810806949447274,103,-6.0,0.416249291681403,1
229.9193452614281,-125.18527207858668,339.3599763878998,3.239894777716589,2.985029871775359,0.56052040720339,26,4.0,0.7573574590354034,1
298.9229274054561,-13.38293360295387,311.0439293925849,0.6446404986071875,0.6080475183805255,-0.07310120360322492,556,-52.0,0.05575420933159771,1
45.17726565740676,-39.07316802048822,78.499436104573,0.2977950342630845,1.0664020318902634,-0.23566457060906854,558,24.0,0.6770670702361606,1
58.25454734612035,-180.06540305738775,96.29127163229778,2.5938480150972967,2.633405815915507,-0.17379810586392708,33,11.0,0.35793561098202903,1
167.3096387776069,-112.64144928471165,258.1253130211514,1.0298851654744574,2.36025606764637,0.12407522546631589,138,-129.0,1.011771954201912,1
204.04821780998302,-4.571360931057882,213.33539893613192,2.098801682096093,2.5483009749978374,0.8388119039171462,355,-284.0,1.0884150371403913,1
165.29690000385514,-21.490737752065883,156.94499777651026,0.6374229083039896,1.0074360673470786,-0.595054988235166,310,-102.0,0.3973573184899717,1
610.3614982779715,98.78080736635246,746.2452317113708,0.9431123446548197,1.040943662615686,0.2911436072009598,69,4.0,0.19152447216882001,1
128.94256042305153,-12.57748790333406,144.15277165933497,0.6199440351725305,0.3635900402618035,0.3164989277225509,416,-120.0,0.10812100155276742,1
464.02610729061183,-144.7062537398196,623.8253075139007,2.9181112265658964,2.3351551968313347,0.48163794631593193,2059,1295.0,0.4837611231690031,1
91.60637353417883,-3.465394612666742,95.82319634040645,0.5074787831440681,0.27437911733102976,0.39464121374569255,348,-508.0,0.3452605251455318,1
279.2095848858321,74.21633764036042,284.5465236566649,0.8754383345635849,1.637261968153848,0.4994552407636205,538,105.0,0.8560867038282561,1
89.52794849176935,-32.464666470865026,98.63866482670495,0.200384547945853,0.30913210877241004,-0.32049537601729705,687,4.0,0.28821643890085263,1
176.16334732747058,5.405025267619749,185.24562272018096,0.5250976770068297,0.6455024732090505,0.16770956245013513,699,50.0,0.46790850784530147,1
207.4142558642032,-27.417932865268313,203.6242657189036,0.3798241982734891,0.5067756149953488,-0.3770639458725732,346,182.0,0.3059919572950487,1
216.43461035598946,13.538590340769503,206.23664496375332,0.8897684570860404,0.8419244215465893,0.09075681176212436,299,-9.0,0.11728088861715122,1
193.3827566406226,16.056624337724855,173.82886711504383,0.31988131444423384,0.7401064581732987,-0.664131971243389,368,117.0,0.2173909290995069,1
204.4255535991861,28.51180065744569,173.480826627182,0.8617804257495767,1.947107541346083,-1.8261748374819777,427,360.0,0.8546428853865126,1
201.37000066525528,56.715476511930945,171.9469600035869,0.6508571551096926,0.5181892116354172,0.13204045806205345,377,-73.0,0.3013483103621876,1
131.0370345604133,-315.05970581672113,208.4222122006251,0.6435800115983691,0.5613245870560417,0.017664832855950108,417,48.0,0.6104264729284742,1
202.6010412795093,70.69788675883805,166.19815965547423,0.6366693288012757,0.5401370603015596,0.1981344812319928,253,-254.0,0.3911717288628432,1
198.92390146188137,62.980622141472736,191.73034335211946,0.7133393579598316,0.6078917500910697,0.4417703331519878,589,-250.0,0.32490225492372604,1
191.1677828367523,39.45266389727857,162.3235544432515,0.45148446104803314,0.5994013778563263,-0.3421388643306102,846,499.0,0.45727315143846226,1
191.83757296212858,101.89062147608513,87.07375070920324,3.833269689515109,3.10681698714897,1.2766129820522858,25,11.0,0.36192348224369303,1
236.27672217838,94.76879224389637,172.26155596997063,0.338403782277564,0.4421974761219312,-0.11035096121247817,640,247.0,0.3684134874115954,1
557.1649517658051,-127.0136240943342,671.1616672385213,3.066267606261724,3.108675994156253,-0.1587970221788555,508,-158.0,0.3535616226145225,1
117.34088339409685,-33.00095276544174,172.40215077820767,0.6399544274174921,0.6528912294999257,0.23650189955257905,589,43.0,0.30270089224624086,1
158.69075206044485,-21.622979407321935,169.82769965683786,1.6866388177590694,1.1518066486294272,0.5342649853873493,127,-8.0,0.9655761318580919,1
291.56135199787866,62.41052506018889,224.83181645001028,0.5823381592712206,0.4101008109260185,0.3376956668256881,571,29.0,0.14988782140162105,1
258.2338861014335,108.29482776940958,200.28421302135882,0.4361521967312511,0.4654318409988535,-0.16346221934494304,599,-52.0,0.15437943020972061,1
144.127842626179,-4.554028586593574,145.87042283001716,0.31968562830579805,0.4098405103260013,-0.03469229394744733,589,19.0,0.3616266734112393,1
263.43472028540936,35.55791146099213,136.377204588168,2.76779548533372,2.921276346398403,-0.23381401172530802,27,7.0,0.2966813765247669,1
150.25277036502902,-37.535507180427516,159.49433135556777,0.22099109049438456,0.42202861952974013,-0.05500064439861438,688,223.0,0.32759769062448885,1
27.387153767181097,-78.60789844098505,100.32372300902037,1.7787588298143837,1.5600031341633955,-0.8930217546962513,31,0.0,1.208309014219414,1
166.7708298483958,9.24078014214598,274.5021410881996,0.4768811670001454,0.6858115525831422,-0.12856523733537284,481,68.0,0.28469518105177277,1
155.93874861376432,14.045729408857142,146.94170880436877,0.5759886982257427,0.4907039035162507,0.4195540878535883,426,-111.0,0.11912644587947385,1
289.69625190420896,-5.177355055845453,247.03477575132766,2.8352377453121176,2.5799690700096294,0.32919865774215396,14,-21.0,0.50342983562701,1
1271.469252198169,-100.76831631378036,569.1510714406959,2.4953665857518796,2.3040126918816677,0.9207672482470404,79,-33.0,0.46890894655950127,1
194.23991711104483,69.78529091736718,167.4028897575372,2.0253295192173226,1.8609471995194056,-0.8473638528554934,48,11.0,1.0981394328573317,1
202.56942778002946,-3.275365972708016,203.53855943217792,0.4784740216528695,0.7331148498945843,-0.41491417805368586,296,-27.0,0.06118654115815556,1
914.1401245359709,-10.135632184727456,698.0624958480059,2.1139738397815777,2.4864712494354198,-0.5667883904233366,97,10.0,0.4016238290297303,1
201.42596272712976,-349.6287592618522,317.33421276111056,0.42894064598955645,0.5679063066671781,-0.34860613059714,651,273.0,0.40581677996414284,1
152.28166980913483,-9.07703103254471,157.68516135796074,0.6154800228152066,0.46125317018891493,0.14647721342017356,381,-87.0,0.19491725649907232,1
145.74737308312856,-30.820123346583557,180.1514706956217,0.2723289176546869,0.44558526187339204,-0.19235343692701462,518,24.0,0.20679542915037835,1
717.5019717122902,110.67209404594473,637.2237267890505,3.0442967274391477,3.0543129837311396,0.1981551298233355,1167,-291.0,0.25839408498494043,1
60.866411098404676,15.669448456001753,127.17141136111623,1.619470570797252,2.467183620513882,-0.26049437792985897,25,16.0,0.6204579627078646,1
737.3215959148824,-1120.7758250917657,625.3093123187037,1.9605669373491388,1.1565391933970566,-0.019496919673315682,72,4.0,0.7296903889379299,1
151.15413056857798,-31.89534339069283,155.54375745076183,0.311178975119922,1.8026284995382984,-0.4880183669518178,699,409.0,1.3389362787688712,1
139.12520666382386,-69.57661412363356,229.81597992465777,3.1368637096073186,2.8120987972602833,0.4513884123799845,21,1.0,0.7288976897942261,1
280.8353561033959,-43.1782990883932,230.76355219207238,1.0219686934331087,1.1847899744928068,0.2739941570492166,539,211.0,0.521785691480216,1
452.03967669442545,269.72085647214533,283.6033297081875,2.6379859358166438,2.2437277597599055,0.713266344783722,1729,-862.0,0.2411519291214376,1
528.9316542036865,235.87194387569843,517.721304527911,3.0101255941572447,2.93599860601745,-0.04895472676466994,755,-933.0,0.3434131529846627,1
441.9149447765392,-310.4130205520793,588.8141769341141,3.092433842429015,2.9913267937867247,0.2277287364655871,2548,1653.0,0.3702280890143399,1
192.04020970045076,9.378105255425396,237.3823286322604,2.4205944953770073,2.2960224210767963,-0.026804312956594245,3777,2222.0,0.3620785042296229,1
634.8420221314485,-107.21600577263825,629.0175184726087,2.85383015641506,2.990452358704802,-0.07558214661501461,1143,-17.0,0.15050443900420143,1
595.6302745129926,44.06489415728163,601.9456726602583,2.5340937781656976,2.468406199507749,0.09412043074534626,763,-105.0,0.15036984273800977,1
696.9937694639248,-9.7104618175008,703.7426493197192,3.026957122999949,3.0217470003525064,-0.01379853050563895,1414,13.0,0.11967128095554315,1
116.35680492838685,23.584419314317884,113.23205584426827,0.239084229599439,0.23684501446084444,0.10704768701124581,647,87.0,0.14794016869930393,1
214.1742211432656,-14.367899494889656,214.36371177510273,0.9582812598056215,0.9113743932313481,0.28708742637750084,302,27.0,0.08446768806168618,1
403.3320417012982,-498.68517846785517,623.4207434198794,0.5297787709420926,1.0209446784383096,-0.5243644530568549,315,-141.0,0.27742042523493027,1
85.02550852886277,-39.10600626087883,113.54624739996855,0.09951057021456516,0.3784817864165543,-0.11326652834101453,650,-125.0,0.2528744227026622,1
195.01966616346274,-377.23548590642827,298.2658238721244,0.31789730893964796,0.4253121278644406,-0.05480818202174775,743,177.0,0.24593724621564728,1
162.55746516334486,14.84561398204184,167.7065419933678,0.4516050866332849,0.5615778800428923,-0.028778317239623485,231,-257.0,0.24436290659203536,1
118.7907369042095,69.42952587345124,96.83958755416147,0.588900953749659,0.40736987210122944,0.31428349371503905,243,-59.0,0.38002139681299374,1
162.78206629163068,-2.662118947168665,143.0708313871265,0.28680141750201155,0.36854615607037666,-0.048911256544483084,450,-33.0,0.18418437558352516,1
219.23949752314763,-94.17945556332654,255.78059803912703,0.7942616613760579,0.8827216938436491,-0.3909807579833201,86,7.0,0.3530403209610296,1
432.65427241092453,-272.28402535383617,555.2442243181673,3.1601973673387715,3.014051843999982,0.28177269146930817,2081,641.0,0.23982919364869043,1
728.0884261944672,356.6621810484727,641.0542748352843,2.140915528377791,2.426521536415751,-1.0249487408743172,916,-1881.0,0.6848461904804326,1
94.92645646028222,-2.2496266864163346,80.87629704685884,1.325784781203331,1.6570136037913392,-0.1574414157675803,23,4.0,0.39250991968923876,1
147.74729416586055,6.677947992288722,160.6401485345237,0.4657902163489396,0.34744697478595754,0.15454064400403272,450,-61.0,0.08702826565822365,1
210.76470292722166,91.07632172942118,202.95501131698975,1.9219280948873625,2.1990301877243934,-0.41166573996551814,5,-27.0,0.5673853570032473,1
217.27093028532087,30.7350869851891,187.78048737244876,0.5165906968137205,0.6305111287005133,-0.12355699221280092,286,-115.0,0.7289662171487455,1
220.26096141499517,1.5621157071865923,215.33193715484617,0.8954140248160705,0.44676997497658055,0.6552090491312762,337,55.0,0.1804316048744712,1
111.63928615112206,18.72587956245893,123.65674114753988,0.3556413631676675,1.0360777542800845,-0.010855895780359004,537,199.0,0.8536438824135493,1
294.2605892742009,144.2680894617103,183.24352127172807,1.741165268424512,1.6911043814364841,-1.3134199009132876,50,26.0,1.0106151071725806,1
116.27717064537947,10.288738838441745,109.89256583452875,0.21544892236505928,0.23216043497980682,-0.1514767977220853,447,-141.0,0.2652136513232415,1
659.3280122208205,200.40507094639764,570.4378952077197,2.353520895034058,2.603439138838353,-0.4512840492459733,863,116.0,0.08312267465508447,1
219.35337980659466,16.21918761489931,231.4278459626371,0.8946088675378598,1.1128514766680433,-0.2374611117239025,311,-36.0,0.0638059161503289,1
103.83927408987634,13.583889277173341,121.23523813477193,0.2312428672570657,0.421585194585658,-0.4648161159047087,766,579.0,0.45085335863619735,1
128.49261445561785,-23.643138081178847,148.89274333925283,0.4805397194414029,0.59080016151243,0.02556987785503556,484,-125.0,0.1810088273264439,1
205.0314336831939,-0.2622707946220828,203.90648575190298,0.8700910171856726,0.7236364564857803,0.3177569171800797,315,-10.0,0.06813028408401134,1
184.0167218322263,7.788388325719978,170.1141231781798,0.40027033876062,0.40148879762232503,0.06812642365467758,535,-86.0,0.05477508659021667,1
644.445862026052,239.63349493146092,576.0201204967241,2.909596284480511,3.0560504914122903,-0.28128937865136683,1506,-247.0,0.28742438319353036,1
115.83067032967936,-8.518127732885688,139.48597057699712,0.22560012428849507,0.27434583041141813,0.0906392024463589,606,-14.0,0.18648258764673112,1
366.19601334282953,-25.245358975388854,505.39847277097635,2.9020819707186494,2.455432807098489,-0.015942179228604303,1334,-176.0,0.5396777992361139,1
592.8980518040862,91.72875614545342,533.9713608561217,3.0597922164822884,3.076583180028922,-0.03290627208111463,814,25.0,0.1298231508172023,1
182.28983287327844,121.86350692587486,230.38330165052784,3.501201990003943,1.095416831125144,3.096439697151136,39,-407.0,0.5319739933870057,1
243.64398415862678,-57.576107882767474,220.38789899619195,0.5799064437464927,0.6931849753261244,-0.7970602268371949,418,287.0,0.38788718822938356,1
160.81006547609536,-57.529973056550546,194.88303021891073,0.3524480631484704,0.45698267129732245,-0.12681115922762964,489,19.0,0.2522752928539788,1
205.66048380463522,2.5754988571726187,214.49064075108186,0.6651220747032924,1.743208554087052,-0.37426310122618345,379,154.0,0.8962156376659847,1
201.20126430738696,-9.984887206896929,206.01756268772093,0.3275337751236735,0.4541934726152624,-0.07681550364731843,332,-32.0,0.08457304878585868,1
725.4482874147753,-338.0575669978649,752.0987598307511,1.0287297707856438,1.8476507616405595,-0.3983113076802316,93,36.0,0.31282704356592544,1
200.46517083311403,0.14822596483648454,203.11406046471228,1.1533718674185327,1.0251290792388246,0.11827755428982445,333,-3.0,0.17938261895552732,1
530.7748587231094,315.16895263303445,353.7147484054261,1.210711227650917,1.146133573989341,0.46733207070077887,223,-112.0,0.43790922946116634,1
116.4042292974699,42.57423644452825,134.70542925876336,2.641120933813017,1.977361223397552,1.1768695599500856,19,-103.0,0.9820507826271796,1
241.17476143982304,123.14357911921762,178.28835716092095,2.082393701644356,2.2453477330185407,0.28627548786605983,60,35.0,0.5407524908784488,1
203.60895394872256,11.534167815420687,205.91238871613663,0.5740568715622871,0.7531884980667787,-0.12734672670113079,331,-20.0,0.08263900602534643,1
748.8270167255872,21.961678342682262,750.9027519573232,1.8990429963176503,2.1469636659776383,-0.37155070151779235,91,0.0,0.20920186921344922,1
195.04596908945723,-4.572315583363746,200.25970604821967,0.7405270060341317,0.7640172407297249,0.00783387476797226,349,4.0,0.04239807914676572,1
205.293704477816,-1.5266915428702248,205.54346203333643,0.5523341000055929,0.7437201978939465,-0.08460877157215785,325,17.0,0.07941373695939188,1
560.3897895628237,-686.7310138746892,682.0954491660912,2.7895862832742697,3.087881265537028,0.3724090500378674,211,28.0,0.13294360307455613,1
199.47927550163192,8.745066523821578,198.78620420618384,0.5768135176385041,0.5562810083374572,-0.07168598487019251,334,-45.0,0.10606022062376304,1
288.8358031503159,131.49009252446322,191.65064022028113,0.6436732884976899,0.6020874260031572,-0.3291735297798749,512,132.0,0.3063098246706976,1
111.07712365144063,-46.76090672416113,142.02974797040144,0.5702304403436824,0.4715433775114353,0.21494564524052434,314,-131.0,0.17167571601161508,1
172.1461678432546,-63.61529206130942,188.4682000228458,0.6981999017341106,1.3096521196769275,-1.5029781746681539,348,296.0,0.7618788884496885,1
643.3773697522296,511.38166974164363,326.8253207057002,2.582031116540498,1.6689933604427065,0.4982760984721164,21,-40.0,0.9019410015689594,1
220.87640525428012,-617.7268384921377,489.9667977383896,0.6416646207141574,1.017842241399695,-0.6584371561429267,430,244.0,0.49433733583224715,1
328.90356242944887,158.5453695188219,273.02317796895574,0.6079663678822125,0.7721404350380598,-0.029532088491236563,427,-29.0,0.32888493603310526,1
293.9936218739414,166.85024103606395,181.82263074815535,0.8249933165513772,0.5147680425188069,0.4698516231884237,328,4.0,0.3404125547497643,1
801.9136844847571,-41.66347554125116,697.5442271574387,2.5832514420696815,2.4620955395983244,0.02086546071129991,696,-162.0,0.5420635966671415,1
549.4081320101848,-95.03773001586728,565.1467421231257,3.1351723195543086,3.0784475942725047,0.22557603507379742,811,-695.0,0.34351348369925805,1
69.72996513002559,-89.879651096055,108.52889581088637,0.35640907661225546,2.3935388393117973,-1.7609351313656791,443,401.0,1.7327159320968064,1
271.53089442996304,210.08833995832669,130.24594483449397,3.3846698789594543,2.934186455570272,0.2997073782382982,33,21.0,0.8081578037841111,1
291.4711863446125,-5.679718079385566,308.9946849967897,1.0774369725999986,1.3948497601159624,-0.20498898173753544,90,50.0,0.37055148326059323,1
295.81698391042727,90.12314879746864,220.6874178312562,1.0222512859696888,0.8788725463015817,0.05132321968479103,346,30.0,0.1128908372331071,1
137.3887500454577,134.9392603026745,101.65979047937549,1.691253912082342,1.856240747318132,0.3124704185961664,26,19.0,0.5429116444137659,1
275.1243587842275,57.02879260440062,203.30244577862567,0.33404186333789626,0.3482902403131694,0.007574190436788808,409,-144.0,0.12793075674103327,1
687.1505640913289,67.46984903247665,632.8386808586289,3.103313395991383,3.0879175442274702,0.13775433612718935,1780,329.0,0.32516081695469606,1
105.47284334311905,16.211791837634408,101.2914404136835,0.2278084870192072,0.2033141723935142,0.004180996138011178,664,-122.0,0.2765358808989432,1
157.46787121908847,-145.9174900461494,179.77391324634942,0.8129583575947134,0.6862296747463876,-0.3173278091947752,395,-68.0,0.19270385794834338,1
156.98316099121973,33.21408275811963,145.53435376950046,0.279539757605838,0.44536464100033574,-0.5151167022326124,904,611.0,0.41933892736131584,1
200.70953039668663,4.814557637135351,229.73208659492553,0.7697315402895928,0.8290166420785541,0.1819184364413048,329,-18.0,0.15023990018485742,1
54.89788500277381,-814.2098497869242,860.2635693100385,2.1971597234241496,1.7287874546351762,0.4321419784353169,9,-76.0,0.5396064746715399,1
161.9485103538481,-28.925030222098798,260.58533615905907,0.5809766501249382,0.6050332540483179,0.0072935714919698524,603,40.0,0.04096531327218246,1
95.45965134361931,40.12908419843558,81.16296745728415,2.567192525276289,2.5775482591849053,0.006051111709379331,4997,74.0,0.060816350249541976,1
84.7851493007479,-96.83705950451339,165.05035303976342,3.154222184683522,3.222890908472615,-0.3756997362562666,21,-17.0,0.4038404837441622,1
750.302968031921,-22.878201333420634,519.1397238380983,1.4328607880070692,2.058147968256513,0.016718751412313937,129,74.0,0.7219696794769063,1
315.22871943329585,-113.64090592568851,199.80407630932888,3.0921079503166276,1.4928623415187792,0.40951921981479433,60,45.0,0.9217568956197129,1
84.84582703488942,-171.1182135312501,391.3208843273931,0.2549377527962998,0.45037923328623863,-0.21396543798858425,640,-113.0,0.2061288549868498,1
73.75627366471154,-33.951308277035,102.89342582258041,2.465551844040702,2.6705610785586833,-0.1693977369660491,5847,705.0,0.3288251564084557,1
184.41500058447505,60.891736659134935,158.70632015799404,0.45220166597424827,0.42957620106772776,0.09838583339426876,281,-239.0,0.5210936534604479,1
66.98891544800085,-30.699684193922565,102.65987647349985,1.8919954870390203,1.7886953197051256,0.01699548703902032,13,-3.0,0.7243982489116066,1
97.61818564746086,-16.2270556338608,93.33664545792935,0.5089403647278495,0.47052233054678466,-0.013994514951608306,379,-261.0,0.20302035025040702,1
159.34450687708036,6.274062721164029,159.6373023254519,0.3589988182555591,0.45829708772388533,-0.010063818939364588,507,-51.0,0.20298401474691713,1
173.13011424116917,11.997131841031518,157.54938254732613,0.30394922518995054,0.4116834300487254,-0.21083015389318155,742,321.0,0.303889685567833,1
133.8245338982414,20.611402764352817,141.9154959246664,0.6419752417411705,0.6059156054672016,0.009578655161748939,337,-54.0,0.2519457955225083,1
682.9204721360924,-34.89595991521526,639.0505748503625,2.4605029809994896,2.258540766402997,0.5648378595345247,867,-3.0,0.12301501244643014,1
90.82848952131484,-255.50941270825,124.19245702793064,2.956133228957143,1.3899592214747944,0.09421336026088412,33,-5.0,0.8023746873560329,1
58.5710734468713,-136.1586632656062,139.86552713442453,3.5282424844314786,3.044346060323213,0.8639482737438242,27,-11.0,0.32043496076841405,1
371.0391206172443,-121.66976466109395,543.4865346404347,3.4508605349680894,3.0973642325772173,0.3947577371659996,362,-201.0,0.4200093687591701,1
185.21820867323623,-1.2849133914048707,168.44938710163166,0.8008986249136799,0.6591007649943801,-0.05209650165191926,231,-54.0,0.45234510375521586,1
129.3855343767949,-25.489511643949754,151.56696386507195,0.7279764995316713,0.5249513168668644,-0.03600597627741253,528,109.0,0.5167309561203021,1
164.30618541875307,-198.65877566136365,230.81171984082408,0.31206931137167554,0.49694116703446634,-0.30459255768089116,598,202.0,0.18345389011452423,1
55.20936889315296,-47.54710918413458,260.9687094867207,0.4940949899774008,1.9211171789176213,-0.789973919034366,180,75.0,0.9569640383343531,1
202.20827358814748,-11.008041502213672,200.11250708589188,0.7991617257417436,0.7447427823711257,-0.17134799848475957,364,67.0,0.09133198532395456,1
151.24929432381904,6.6899494479275745,130.26672128347874,0.37904065100430745,0.30523740689061857,-0.04271280071908806,519,-101.0,0.16773721751672702,1
140.46408900357898,-51.57227488618017,157.85298769168324,0.3558195962616518,0.5466267417828758,-0.022820391603276757,386,-114.0,0.4602242394671904,1
297.94314236576105,54.45188330800414,243.59743114093894,0.6928195528759954,1.0044310755820496,-1.2082178851274672,93,2.0,0.530516608660409,1
487.1839221244972,-250.13767379038524,688.391294266507,0.775105936260421,1.2060363826692324,-1.1854610010887177,114,42.0,0.779259451546763,1
199.44972801083654,-114.24452558286609,231.2298643470696,0.8116347718876082,0.9153056953251447,-0.739559216249561,319,-15.0,0.06374294706313142,1
593.0456970943362,-20.43487017516668,550.7520514184474,3.1088337367185543,3.044344918974337,0.013650929648194587,799,-349.0,0.27752291259951084,1
1111.5004895961072,977.6787313660699,414.8387772495274,1.947307275293586,2.756865261320268,-1.1545739481824322,63,46.0,1.133051903578151,1
45.72832140265767,35.13877816669935,98.07221468383793,0.5858960460970908,0.5982030387327782,0.13965348333805921,395,93.0,0.30285268428860784,1
167.65480139481437,-56.43912793669901,179.16192460852568,0.5775089053032023,0.8687435589662684,-1.9411769764498314,426,372.0,0.48906433814381833,1
258.3955989558685,-685.9754468288527,320.8418704633678,2.0290316150132828,2.8116125025771117,-0.5964570361921719,43,-15.0,0.6078768593280028,1
189.76213774003386,19.279589029372943,163.98553481726537,0.4091520774342366,0.48580336907267013,-0.11517903732989937,475,-369.0,0.3089210806920893,1
719.9301397355564,75.50404739109774,638.8298865428917,3.049170568037783,2.9514409190041326,0.2677571964408423,1354,68.0,0.18703796359865393,1
849.5277036864205,124.92018975305996,415.3739996600988,1.9678155278698801,1.670110898228853,0.9557522845362985,106,-678.0,1.5621362680388393,1
301.22009204139425,34.249847760319426,205.64377570219193,1.3769666705836876,0.7013143243416942,0.9898522586021192,131,-364.0,0.3866679902312002,1
130.27034839396515,-39.12492636898426,166.28354658089356,0.30811283218844365,0.5494438030598852,-0.38485969769864636,651,339.0,0.3440201676556057,1
236.40127597504394,127.53554366318706,124.88323495749273,0.10784048128946952,1.969987303572455,-1.5154597581183076,902,801.0,1.7756601129306888,1
85.8676105257164,8.663158945836628,82.16946338877258,3.2210972500579573,2.9244204260934845,0.2682777189431742,19,3.0,0.18085177926661666,1
78.30625149131833,-75.87686814688882,197.61851907775454,0.6009583793117379,0.7450198861646773,-0.3116819559594245,983,364.0,0.38519670996550187,1
105.1207317001049,-18.70417202298458,101.0416505622323,0.1881104851142053,0.34573122835349845,-0.363791138045593,1001,402.0,0.4467075768131627,1
87.73875363195495,-129.52195626857443,177.52881644323642,3.506890595608519,2.6455888643202177,0.4307874246117964,15,-4.0,0.5119538583131686,1
566.8580742909895,155.58266256105298,309.28943093278065,2.751629167387823,1.4439733261353425,0.7744155776657686,12,-178.0,0.9070856160564792,1
523.2332439744249,-135.08964440030775,502.3411039950379,3.187533299490002,2.2523105548205904,1.3937390962027163,100,-27.0,0.3222152852947929,1
158.1423231885477,-18.477440758223707,152.7530425146117,0.4228227009628037,0.46712150709041966,-0.1918922067442752,550,242.0,0.34633842365985124,1
637.7739068141764,471.7030146809444,284.942326663523,3.0860486238704348,1.0020888539805601,2.7779980752318294,26,-548.0,0.56000735031186,1
161.5746189370126,117.15201307184915,147.03083115440558,0.4355392733421889,1.0439402030282332,-1.1960515065625152,552,430.0,0.6188586405791348,1
205.17825354931313,22.595054361189796,173.2528583993251,0.5271111849449222,1.132368095196106,-0.3698770799073221,457,228.0,0.7637270662970249,1
105.23859992683192,16.99369570380864,108.4812468555394,0.3017537663095458,0.3420831657013652,0.0699509665269305,656,174.0,0.15346076068348952,1
679.4052123138697,86.0318759991128,611.289487783631,3.011861332257666,3.197636427081734,-0.20517789392554375,1767,567.0,0.28873602314901825,1
125.33406611667642,-18.68710741450944,148.8843387947158,0.5675905924601524,0.5065338029612293,-0.0590560238613026,355,-162.0,0.43388662254691684,1
144.81584446760053,-433.4589523345336,620.8968777461371,2.1766360589709017,1.9904420705173806,0.12969779168454032,38,-177.0,0.5217202960998626,1
623.8129696224972,10.996977821132646,582.9062463128633,3.1082679513429987,3.0902816020539077,0.06911296469200234,1002,-274.0,0.1654738448460764,1
197.95542521710814,-0.4486970817100371,206.67001354755453,0.9392328290916441,0.8476956319833467,0.22906234716109652,338,-13.0,0.10785837071863419,1
153.221113113633,26.482347489451968,149.0201692815013,0.6550215972502496,0.7756755392513088,0.013620288576186912,460,21.0,0.4372403615995149,1
99.52621879899033,-26.317680382086138,268.4457610462394,0.4057905568701642,0.5593479763126207,-0.015588632407517455,587,27.0,0.12005143759582038,1
99.47644143970255,25.583532916298125,98.98634744639395,0.40801256582567397,0.4658954390849065,-0.35272955774234976,529,206.0,0.2943114264126796,1
145.33306286640413,-41.867256280053084,174.82272860233257,0.5706448171636089,0.403478325764383,0.16632677044589605,325,-88.0,0.2619807788507406,1
134.9904023932815,-8.802370776052442,146.09063228715877,0.42463079081715016,0.33682452055670736,0.12739404096784362,337,-187.0,0.2573890456248339,1
158.71459061887157,9.370046141649993,147.49532004453536,0.3152747305925145,0.4134841759281091,-0.18522242516109905,472,-79.0,0.14898085827416999,1
144.15972379908263,-41.97427107661957,151.96765334252322,0.4157816063063194,0.4123388369520046,0.009319087902709133,436,-116.0,0.24399728492332826,1
156.77271641790608,-2.571790459174281,160.80470800243398,0.2877398014633715,0.4011084411569885,-0.0712590167921876,526,19.0,0.08546193783698647,1
130.76545610308563,-28.57426229369281,156.35534208675645,0.44447024936529883,0.5127401134406336,-0.2329968515882756,462,-50.0,0.1329214172613694,1
78.84911751778414,-125.99648829845547,276.59411392502847,3.213757678292811,2.9699075479782615,0.24358215682846573,30,6.0,0.3366950028733671,1
234.8321887294715,33.04857707865361,205.84831558889954,0.7568881441460623,0.49690495625035946,0.11793981581367363,164,-203.0,0.4934710969173004,1
133.9379782260154,6.747249197490831,141.60250369916747,0.4842748303636805,0.41381660436034906,0.04138824406802427,473,29.0,0.21149449280938298,1
154.80579371347307,54.1431757864144,122.76987350841185,0.8427560813415174,1.6856266294921085,-0.8523127131023545,195,91.0,0.9023952656282682,1
587.2387409367198,48.33391249252031,598.3768773985506,2.950003976294092,2.6565058262458963,0.3198095190438752,844,-133.0,0.10444304985123214,1
875.5840644054861,-189.10656658607036,940.1986028996478,1.8837092109236264,1.8541971177864294,0.016801543625256432,85,6.0,0.11520199206132832,1
589.9748297146161,-106.90303789283405,601.1286390811507,3.1748016537088746,3.043464782403162,0.09057793907642875,1031,-132.0,0.10695286839675493,1
328.2224432031153,252.43539505723044,246.6525188278011,3.2049868557726673,2.9142862213718,-0.01007415643040277,24,-6.0,1.5582736664019476,1
165.73682992604165,-51.46956839731283,186.50033074220997,0.4045583353450025,0.5271271875731539,-0.005758293565960082,528,-203.0,0.2053693850304502,1
243.67107745665854,-208.0533391228747,282.26568337871396,0.5710510880837959,0.441089481122621,-0.10597210473185614,300,-33.0,0.07655577808460712,1
193.81865392420022,27.654513039496436,186.5920222656444,0.615907781163088,0.7586244911175157,-0.3827981147023026,453,208.0,0.21968841902732833,1
979.0229842729545,179.89427072729688,854.5772481186712,1.97221970645503,1.7940783507890434,0.1551441377134477,94,-18.0,0.26793604733714665,1
651.42199979403,-10.848593238049148,615.6867943652239,2.8346164021192233,2.6623432623873335,-0.011704127331350733,932,212.0,0.10640360954349805,1
105.76257477114589,-190.93375213567649,136.89592024781857,2.459147917027245,3.106442550069622,-0.8582578943982724,12,-13.0,0.3426806724545265,1
58.51111877590586,-9.041468449279876,152.56469743197601,2.235926350629033,2.3806564269427164,-1.0889366069883235,7,-7.0,1.1854979246843889,1
181.3456431347349,9.249881813312186,161.43900506184156,0.7963470037813911,0.6912153368933045,-0.1781835387657108,432,163.0,0.3761073674964373,1
156.0403196641106,10.049989041652651,189.243525980206,0.5992994618002754,0.42512615952614397,0.2764621224491819,586,1.0,0.14827665835641093,1
95.84746861589832,-114.91723431132334,202.5052100810258,1.634928830068002,2.1233937618802408,-0.28699926481936044,23,18.0,0.5824931506264355,1
198.67754307176176,-0.5799799501676546,201.00188801088666,0.6799410443750489,0.8016119885981986,-0.160152312488,336,2.0,0.06507195048389526,1
211.681747621028,86.91034504826374,163.03730458652632,0.5388616673820843,0.39973663243409235,0.30178376668319806,456,-174.0,0.22776285946956426,1
49.267862893062315,-14.113452458814628,103.52614661518957,2.3317663774021273,2.589873271301874,-3.629622215850503e-05,22,3.0,0.13927067403304624,1
603.9315616856533,-9.364972931145644,601.2993576907551,3.1154771128461194,3.1171441485416094,0.014439678385059551,843,-65.0,0.2945274602781222,1
81.80388396968662,-197.6174923699835,126.14502799363576,3.292770193936991,2.9831467064159347,-0.43162425146899563,17,-19.0,0.3612310815970669,1
201.38358405423867,-10.514017615124004,203.8561085151317,0.7515294849364843,0.9245732863074,-0.3068301783272903,350,15.0,0.06761840638408735,1
117.08109955084056,48.27344017003297,122.66992484564848,1.018373503810573,0.5665290317957061,0.7127853107833011,123,-278.0,0.4464913679453025,1
341.05244396926435,36.91630219532743,346.97607580898693,0.8952091801547865,0.8613625625224308,-0.09677658944104317,596,-14.0,0.5619004336499005,1
161.61027748239948,4.75101820522454,151.8019823268358,0.4456793349579024,0.39532663900240983,-0.029510068795805644,441,-25.0,0.21218584840611013,1
172.97974979374047,-23.556977686150134,279.6436804047315,0.3526076489387749,0.37327066779452467,-0.0204567135240733,554,-109.0,0.10013341807538194,1
635.8469132841982,522.6526763991933,325.1881463898578,0.9956298258561475,0.6210701176282357,0.3965980772020926,174,-161.0,0.34044095942590663,1
204.94254460950245,-12.651589056479224,213.04538001929876,0.33567703796111736,0.35909005507210323,0.10025383849316669,354,51.0,0.10925015028335323,1
230.53664293214877,31.03152213010958,209.68040716303344,0.5835213471303564,0.4926691521027008,0.25689100641458734,212,-111.0,0.19693484474486814,1
91.63679716612792,-22.774270991663528,103.5171214087273,0.20106216817401443,0.30799312819602254,-0.17372841530332453,672,42.0,0.14845475208224657,1
187.03398102797146,96.64667337576077,309.7872554857946,2.71394969922784,3.537883582725611,-0.47555876833078026,26,0.0,1.1502062171256904,1
218.5047725315656,102.67410220188624,163.49166120223714,0.3130664799409099,0.2587331158101036,0.08746635565241484,635,29.0,0.16913175599926336,1
76.22949189050323,16.447795602486572,88.76577773007884,2.7925664157710655,2.5341245493458593,-0.5956482633964111,44,10.0,0.937335003053247,1
148.83653357637746,-11.647006798689716,155.6481659217821,0.5121154213290277,0.432935869185657,-0.17401411911838283,575,126.0,0.12457115167407191,1
150.64758744033713,14.814121431510529,157.1941752768144,0.3888377056034686,0.4171383249329432,0.05721043687383126,402,-112.0,0.10893268777114473,1
507.1588053631134,-34.32853758856277,568.7908949263706,3.0926549276772692,2.970555267677608,0.05031406522082582,645,-303.0,0.16069526418454566,1
159.11796990856422,15.03733381121512,198.22160938010174,0.668250182590023,0.4126111694707183,0.35174371555674716,323,53.0,0.24941358860554264,1
120.62164790326139,-34.06564061194203,128.15261070992824,0.41470855161247777,0.3566367757247678,0.08541132468440504,401,-84.0,0.28157174505586013,1
107.239930973836,17.216687481292382,99.66401914217258,0.31333870253700286,0.2456377247073714,0.033503007220278325,701,-14.0,0.3095214302318468,1
62.48411368347892,26.55047113688108,125.87451327036067,3.095795255000934,3.1529514620414365,-0.011095340607585324,11,-4.0,0.15525681785095635,1
208.92435603157875,30.906016461158117,187.33861903503376,0.7776004548205853,0.7455411331792124,0.11985601705646853,180,-142.0,0.4627082011101024,1
222.1277199059525,14.783286070789615,216.76739232146724,0.5381548752070517,0.6810571201506763,0.0732795085275103,315,-15.0,0.06316901337632544,1
588.9356380399418,143.62867638259138,513.2230884269069,3.1345693795764453,3.066686396280137,-0.004506220112206805,1040,96.0,0.42981368619992444,1
609.5175148595771,41.10957981356171,550.5993718872595,3.0285383360675864,3.006985646847552,-0.27303839047654455,752,-136.0,0.12642722870248718,1
667.2612087190121,572.3347522587298,202.77175167410255,2.074697149661484,1.553594878409914,0.7489123684581531,33,10.0,0.4465200411451075,1
178.4697869213442,-110.90926272634542,276.76234797764675,3.452819531114783,3.2950793566392393,1.0471804688852164,16,8.0,0.41342271693981164,1
108.2830058107489,0.4239458056291454,100.12030602241771,0.21990862530043967,0.36971172298985033,-0.3154107141648237,869,308.0,0.444096339048581,1
724.6075139333606,324.4887481025546,264.4537502148711,1.0120632433335817,1.5417047488955433,-1.3106401682783502,784,658.0,1.7416521726369336,1
175.64681110459432,80.8408868807,109.25864571359043,0.41936890998349374,0.3398335553550484,0.0459782130941398,698,142.0,0.19989365881148505,1
116.11547185094474,-123.26279288955024,150.9343578714883,0.25152524320448666,0.5467028213657652,-0.612234182020388,695,369.0,0.26653145628551717,1
138.56252325113243,-25.078913324747305,165.91365966132062,0.5992101977537778,0.5961009046758617,-0.16210531153895635,505,76.0,0.2177647114105476,1
203.0953061400362,13.279289292083234,167.99153473217888,0.5826714301100643,0.5682180474905707,0.09544846580987382,326,-31.0,0.4379901922543474,1
204.8218464679306,-15.944205263551254,209.76001300272742,0.5358790931548495,0.3795987369997468,0.08541903603656231,325,36.0,0.06462942500773745,1
139.82070606436335,-16.630176040771914,214.01421141022064,0.25089624528131504,0.704990020426029,0.03761607929445243,414,-299.0,0.6274812610221461,1
90.17055666868666,87.72106692590349,79.24074504078763,1.691253912082342,1.5316531038756345,0.3124704185961664,26,19.0,0.7924675055075697,1
301.7272128821186,147.2685427688121,196.73994174611207,0.4742320109834809,1.165814823504772,-0.73105872725594,582,461.0,0.7606915670069738,1
343.5545731020132,104.37480035054466,221.82448922068542,0.6742675440142972,0.40242968073518776,0.3507253960116718,453,-117.0,0.15098906772052703,1
114.41106815779145,11.344890910058382,102.83874282010638,0.37479058347733896,0.3141412545177428,0.016427392696966858,630,167.0,0.1554785365460856,1
508.60565520671094,17.601765191500306,532.5501746104076,3.056665391606022,3.114551466211955,-0.18635276765415298,824,135.0,0.3735483688025992,1
809.9961903628724,-19.724255371697268,718.9680751150736,1.9049576357342939,1.80938148801783,-0.044511079986355506,104,2.0,1.2991867045067815,1
304.1361417739369,20.34235836716141,396.00580339112906,0.9919857695958296,0.9214090837364133,0.5245587157981932,610,-59.0,0.6653197304365585,1
106.55885184606112,6.1889127524060825,284.7538170428872,0.4734762979717172,0.39600077531533684,0.16551511261867857,547,-138.0,0.19394257793849373,1
80.0556683477321,77.85578058404062,105.64956236011074,2.366220198377396,1.7542045375648463,0.6135049193976909,34,25.0,0.47718455260590154,1
207.36641521996683,57.23177509119026,177.80567811877543,0.46572035772780823,0.4479415459783687,0.04354277845421056,324,-166.0,0.3165812873551307,1
141.59292135047707,-2.534921275701919,145.813880752202,0.38467091506487333,0.42622670338849006,0.06498528675907528,476,-113.0,0.3554113637572678,1
219.51648996332509,16.379933892777245,171.98843465126663,0.6147530768038074,1.0054368268417821,-0.6407402839232192,269,-127.0,0.3716111525680545,1
137.34888843625438,-103.06491243103747,182.93342127629032,0.17282581708246578,0.7014780961649633,-1.392254328787391,793,552.0,0.47788626583335214,1
65.13975602333623,36.983085428470844,106.17244533932524,0.7363207332007576,1.7464030967267608,0.4802599775623208,181,-112.0,0.8050552273114882,1
638.780627738764,94.26711522374512,579.013900722804,3.1214703831729427,2.982589944205852,0.3620006231913928,978,-25.0,0.17412810362289285,1
65.8506468632442,17.753465625928357,82.63940930522236,3.180832987205441,2.7439996307872083,0.5859263689615015,13,2.0,0.4096345169944736,1
64.69797834837549,-54.24266872718847,206.82365012971522,3.4885252948977494,2.9462041241415666,0.3546822308046602,26,-3.0,0.184653768227525,1
62.13905553049726,-192.65117550506147,206.14506134271383,2.866247897312731,3.1836430692440527,-0.4888431348674649,15,-14.0,0.2719641361250256,1
150.0512132480848,-304.38892448473086,238.85180052448658,0.3025548143170988,0.5675772455012138,-0.6849874818240003,720,399.0,0.43523767718455225,1
158.31532111665825,-84.32044363157752,245.35529696800012,2.0496253996639915,2.0139796813285593,-0.45340160811142605,339,280.0,0.6995723671962384,1
39.321974608033486,-204.5864907844462,131.7661583057449,2.915195993795243,2.8827547400481874,0.3028967078177107,21,-41.0,0.49276148502618916,1
66.90265199340008,20.25043069509408,252.352282707313,3.0778195311147827,2.46363323552281,0.5217653207014497,16,-6.0,0.803251890115273,1
285.3936596615785,-170.85619679100267,345.5063032975976,0.5906790931340075,0.7274047268554465,-0.23845725450327204,721,384.0,0.3126909776973852,1
268.7180490729112,-391.1431339881701,344.8143087508301,1.2750992843126787,1.3427494117991636,0.4313213252667808,159,-139.0,0.5170627567532361,1
210.91278653926105,24.899360305363246,339.71698607358405,0.9637363486427445,0.9641743847409833,0.2606029427081782,487,-161.0,0.33577471883764665,1
148.3832593232249,-99.36371540729877,174.49638767360267,0.4365830028977233,0.4453918800312736,-0.23328672952910007,424,-80.0,0.16298676577477825,1
184.76410103282214,-16.841700490365213,189.8125202853575,1.0016153911418737,0.880081733165943,0.19291594956208213,258,67.0,0.32979606263028693,1
218.58223054860804,102.33078639849792,343.9726524173242,0.2724859587464092,0.6401608203370714,-0.27285459891059854,710,221.0,0.2588715071976224,1
215.50900401295905,-334.9212873186615,253.0050180275386,1.803926544796895,1.2299568737340771,0.38917553754718437,84,-212.0,0.7940117698735678,1
135.94327932040864,-15.877799070406382,203.39141587401352,0.2715690248078438,0.6304232296043317,-0.4349276284337505,839,519.0,0.3997521412044166,1
394.31415850960565,-985.7829172462682,652.7104882501072,0.40531814491804075,0.9047011755513227,-1.3478331792016318,851,637.0,0.4597763245465737,1
728.9872524716176,535.4974346456825,455.92670291245867,2.2223856002750617,2.448878377773105,0.5112894334346829,162,-71.0,0.8676963017532708,1
144.2041049387043,-37.689599484785504,275.11653158443903,0.6908412953600707,1.179095607199424,0.06677457712708013,144,-253.0,0.7451365247733078,1
99.0894271212721,-1.366396399153274,98.86023217982026,0.6414552390962027,0.31874045035443327,0.37625705327334924,328,-354.0,0.30301689785307995,1
645.4142956339806,83.55910050938826,592.4887205199332,3.2711791163692236,3.151244720618418,-0.014545306261656066,907,188.0,0.25054348551024347,1
234.05574799299748,26.641492128794283,213.9737911039643,0.40815743519754166,0.52549383442029,0.02833323692405254,595,249.0,0.40880883889680525,1
189.73976183491962,64.59887556990826,215.87773030272166,0.6065256821808949,0.5925633193008956,-0.6993995074199124,368,306.0,0.5448608780552281,1
89.29942925367406,-37.935627390121155,128.75558858808284,0.44133257304388546,1.3171999019515575,-0.41506236016949166,351,113.0,0.7488834567348808,1
201.76337626041055,-168.536638041123,143.92578756735506,3.0709505944546684,3.0563295185649175,-0.10443202928629969,20,-6.0,0.24812860508372764,1
399.62373570319056,234.32683569933542,211.28006522578954,0.8029647529352951,1.0040967442619746,0.1655418446313055,266,-44.0,0.4102571597343174,1
150.20723692428422,9.40526142997885,148.88958408926115,0.5963014411717066,0.45618882465931615,0.15469901279665105,127,-564.0,0.5154264872257326,1
452.0826435353701,-29.461239150525273,368.17382346432186,0.6655291207450876,0.623725617856101,0.19807862951055555,510,-103.0,0.2181898034085924,1
651.8340194006379,170.56613280257864,495.12931439137947,1.8504096979446278,2.809811517672096,-1.0422119267953618,113,76.0,0.6494496185974535,1
124.9226581197676,-36.58047714889524,154.93793530701288,0.2940532264685079,0.3513260480518639,-0.18124156532783148,591,54.0,0.1268258882093589,1
130.21445516479525,33.63567560257259,55.794763944737575,1.9673297317869292,2.408282193771561,-0.216848018416544,496,271.0,0.6623162190702042,1
500.74037247633134,196.8718925801066,252.20545016785772,0.647150477557636,0.4795238646186769,0.13598410425141516,564,-46.0,0.1414083211883955,1
296.3268201453924,129.09943152088258,243.0524964465738,1.0498101112100537,1.0254453246230972,-0.3547408429169405,215,125.0,0.4598093025644473,1
583.3613803604075,299.9580548036568,248.29866480620893,0.9407143915841973,2.2560483344132445,-0.8859706519696993,125,-26.0,1.072860810802592,1
174.65517276114244,9.331454541504826,169.61253417110544,0.3676540887064863,1.2830021493504906,-0.7958650669806866,406,284.0,0.9553053273029721,1
239.53472435147117,3.2381501150785255,273.7580154330268,0.7462140391022093,1.3346969428996043,-0.618944699212936,124,27.0,0.18487749129339667,1
473.55645661599505,-124.94214742976243,570.9293283669978,2.789357221514323,2.982052452734869,-0.2971298547367156,1004,-106.0,0.11584588512220377,1
573.8464654176174,-61.54217721569751,613.7333273610263,3.314178933978831,3.135134533699657,0.16772918306813933,784,-153.0,0.18880406889320453,1
141.50792993448363,-29.152407475135334,154.95438340285278,0.4487547434900422,0.46678945794105875,0.1073881713776903,393,-296.0,0.40925498933690674,1
129.1352339785157,7.399683351114149,111.33468006572,0.5452346444375494,0.49721959967475043,0.21499324918107637,428,81.0,0.3302236837579028,1
158.75087015027006,-104.68974588248082,349.40195653839845,0.7357985329634819,0.8097606415359181,0.1386713282093066,457,-228.0,0.1698700279694252,1
186.5416912115822,16.276850074883697,190.43110249037795,0.9629882564251842,0.8219864605621803,0.35998026900370605,182,-228.0,0.6200873496664023,1
158.06050706511758,-13.32420705536191,189.52327145558826,0.47565302178220464,0.6891555251017224,-0.026841519727071106,709,205.0,0.5620605446978357,1
200.59069977818388,-4.733546715714709,210.20723745191103,0.6463058032249582,0.701618227795075,0.010641256609873473,329,16.0,0.1192343617775425,1
654.1177484943905,50.3427246162139,577.363853347437,3.23534166980463,3.012724206210349,0.21215486455139398,873,-225.0,0.11672686989755977,1
144.35595133263138,-0.722854485931208,156.391145758039,0.4632587389215679,0.5292171178599048,0.054835470644665596,451,-83.0,0.34495758088636513,1
538.3120901802913,-48.076142603677454,589.8991386540341,2.9313961803770003,2.990304782007209,-0.04752239512852885,812,-171.0,0.17599225586138456,1
404.594444592775,159.87639647019972,208.13593121798073,1.186779475005683,2.265657052169326,-1.68636120450745,270,257.0,1.5940227998573517,1
1063.5058544126402,243.17602687279214,763.1803417396366,1.4270410784658754,2.249455611305565,0.27317469674764205,57,-11.0,0.4176758559424477,1
288.43152757516395,56.38663499436828,211.2215183958296,2.0116486150136725,2.2358393764215068,-0.5134000316546774,370,207.0,0.765750366070858,1
152.05565437290133,41.50095435747129,159.92301458556088,0.1611443978958141,0.6233724177165895,-1.5837641427582567,860,792.0,0.7032714451695333,1
134.33058934982986,-9.78343253310996,141.78519101784246,0.3760984877732513,0.4271956155209353,0.061156519504492746,572,139.0,0.13836108244524953,1
103.30297805317124,-3.1654773564387284,100.3686693933837,0.2551191150925472,0.3149868806422916,-0.05693831877081429,680,9.0,0.1702062128611882,1
153.70711262374496,-46.047424258296076,192.04291987590045,1.080064222050069,1.8321952582267016,0.44999512112887097,313,-237.0,0.937515939556546,1
629.866867941404,-40.368732082097836,657.442303513156,2.359978886758787,2.2781374766565436,0.22480615604516974,817,-46.0,0.1556703968343929,1
183.09102843827088,-33.04768599658232,187.2021921287336,2.329051386639275,1.794679100104742,0.058108964890736914,119,105.0,0.6685866394196928,1
185.67870908382594,6.996079462272803,161.53256688956068,0.6060308156379379,0.40095204977676324,0.061001009852074795,409,88.0,0.413104452304702,1
106.0298014221466,3.554566713298655,108.56179582334173,0.17213074452767632,0.32341362330022194,-0.31737924486151514,885,542.0,0.36385618217887616,1
176.6867261876651,20.747977573900783,153.54766928299162,0.9700271937899988,0.5574202884218791,0.3940384955642561,426,0.0,0.13302892394959495,1
69.29689047475549,13.470318098692772,79.28055194005643,2.5833129588190253,2.602224525567559,-0.03709557684116005,5947,277.0,0.10038631745557099,1
149.9390583320239,-128.13065118925604,180.45566980639938,0.5996144160761941,0.4807464011450836,0.09228920143270436,651,229.0,0.19865743724388185,1
566.5351889436513,-84.88681085037865,607.9737856194074,2.4995624286923213,2.6694777487895625,-0.335053973426902,850,-82.0,0.09682247300661649,1
195.81907928207988,60.40561181003332,175.93550725532182,0.2088784474958022,0.3516158950624102,-0.21179748244048752,674,64.0,0.20018695779781884,1
235.76145990456402,47.3455524449935,186.9861793036507,2.2011780764022646,1.6069714254213125,0.7028883673895663,52,-191.0,1.0834385815820273,1
489.9858269442314,351.2607270379784,541.3338870970283,0.8489173257888853,0.6435938711923419,0.5200573007129372,375,-359.0,0.33011201436003373,1
671.1987851603858,56.26220294971313,652.4640637333262,3.0765807690755387,3.041437818469429,-0.026329999804375337,995,223.0,0.12030321584833976,1
454.6648627463222,134.88443630074806,422.57882810508335,2.278578846898326,2.440336101595757,0.1102800571855016,829,5.0,0.45881950998002097,1
153.80191069131675,-19.177839102423718,231.73054841363296,0.42192271981751606,0.3633312461842576,0.06931507087874117,346,-208.0,0.21659390034285747,1
588.6782699397373,40.854886331119246,584.8198853121901,3.1475309466324335,2.994328620929037,0.2621299834137254,717,-183.0,0.15967640526767912,1
165.03478992087096,-34.103297256344376,167.63892371650255,1.2672727998108595,1.4265763738501942,0.0432955964696784,487,-50.0,0.3564477253546882,1
166.27178219877104,118.03393398805582,106.39007025054389,3.022055208874201,3.10442532859627,0.10012711398683827,12,2.0,0.2118361650537627,1
182.37276602835698,-223.8475569761033,313.9644337212445,0.6152097285915529,0.8626249752261576,-0.20004142386103874,466,32.0,0.44240333215669037,1
139.22054308898913,-37.78682869750574,187.18507752782324,0.48055854396874775,0.5134726036043032,-0.030334467530919174,425,-47.0,0.12658185758750612,1
65.18527441071335,-344.0990888381164,145.06831844352118,2.7394705707972524,2.909600223904804,-0.35754144145054223,25,-15.0,0.40327926451844576,1
199.56609401405373,-7.068569037936101,203.09261699960163,0.7266201812945544,0.7001441860597019,0.030199152335808943,332,12.0,0.08972044401368745,1
169.1613487926987,-43.464167983776036,252.08169781817406,2.124119338286781,1.111366518841034,0.8398125516179504,86,-88.0,0.5478967680953184,1
698.4306198277801,-2.249660198615402,668.0797412441079,3.2456450086755675,3.053890927595058,0.1922979067241859,963,62.0,0.2647604473189659,1
163.15783242075935,1.5832134837467606,145.17667527677764,1.512406371388851,1.2756344071720114,1.076867098046662,134,-418.0,0.757774486893441,1
463.5127405089052,124.06459340590283,340.05951468731223,0.7690909208023009,0.49174199891652515,0.40666495327132446,426,-112.0,0.20253318150575172,1
140.30456176000183,-8.194507657001225,145.99851060738166,1.6121970873012128,0.6698171943471858,1.2238560437428068,146,-372.0,0.5011056637644237,1
100.83046276905714,8.812483038191488,97.18804405608833,1.6402239289418519,1.9039939430169308,-0.7662223691928058,15,-17.0,0.6504436105601471,1
117.69698850435628,14.702044980125876,111.31292927281038,0.2056917585763957,0.2949346050422874,-0.14254073883372897,765,224.0,0.3127902267190633,1
165.9615865766858,14.261567072539208,160.1581506091279,0.3331006807596919,0.43535721628285834,-0.050638834958203316,541,106.0,0.4908686792966471,1
105.67797212642489,18.05966530598053,117.25492205580568,0.41075221199137424,0.365866484408744,0.06561261504990934,634,38.0,0.1572537607298716,1
535.9614061060018,333.3919783259724,270.59672964131994,0.9963410692361611,0.8049320005620059,0.5178670475832916,395,99.0,0.1087051657779007,1
104.13929252718215,-104.17629060487901,263.45993042706647,1.7049774319365814,1.1978625006609558,0.8150526161244631,129,-219.0,0.5500706552573491,1
156.8448130413495,-52.05039402192898,172.5737893892765,0.6444386836449172,0.5770395030167716,-0.15168065270507403,518,130.0,0.1605510273174785,1
238.70244220419863,90.84729126310691,228.65132002627493,0.6809805520137849,0.6530383161375737,0.38298485770900764,472,-490.0,0.5099932096105203,1
100.62684648199678,29.615356418060628,98.31906992998049,0.1776476180681224,0.2824753103797993,-0.09896880374558298,331,-130.0,0.3082247921161579,1
168.59909269626212,-4.833296479246457,205.42832970475283,0.45167795634993485,0.4923018294543103,-0.07177180753985873,585,48.0,0.22531251257633345,1
94.80592422389432,19.05096827679563,96.1832598192909,0.37339069688935395,0.27056057101359793,0.04517981630252127,556,133.0,0.22720226703811255,1
178.85840081777033,-21.043848010614,111.15154434698402,1.3216177330357428,1.612036729964577,-0.029767565037574162,228,-185.0,0.8418683144194807,1
183.3019610689521,-3.979220457509257,178.82355502262445,0.5176344040350486,0.6029059745339237,-0.5722280011097006,611,307.0,0.2836366076168191,1
584.0967714566813,-100.4177200269628,657.0960022296365,3.1001072975722774,3.033066303443517,-0.0023917559915096476,620,-261.0,0.2513540594528751,1
153.75635757228483,9.961384710074157,162.5990557285388,0.5093995801923452,0.47898690990620574,0.10082076192026407,589,76.0,0.23560274590638983,1
163.64143657587974,-19.822205835445516,178.63921271445633,0.7613155092927342,0.7392366931807122,0.3137520895284303,429,-17.0,0.30951194893986855,1
98.96960187566987,10.697602256811479,97.0264619552303,0.1342193393643987,0.2533397415580353,-0.22025026518307986,852,508.0,0.42450442146855805,1
599.2269777884443,-91.40205467667568,618.6372096306952,2.973572495669006,3.0578940254524287,-0.22913626338564574,828,-270.0,0.11386851543808973,1
389.9101688218615,348.3956797111612,195.69343405482806,3.372027184097684,2.8341766243545865,0.8049956889401004,38,10.0,0.3400486562679728,1
587.8105079345565,211.90405547066405,597.810440730965,2.8636961915932786,3.000061872176279,-0.536577164946479,743,-19.0,0.28985507315585324,1
338.0443666172429,188.58243231257055,176.77467180000792,2.044912733238945,2.7382511665038805,-0.7948628064065635,22,3.0,0.3082322354785058,1
145.81918811654802,-750.9844618684443,305.35245531714565,0.2301741169876914,0.502968423112803,-0.92234043507444,907,649.0,0.47718232513050834,1
176.7392482872372,-18.964672875643174,188.6162387369599,0.3483069190306747,0.7489312108452557,-0.21350132579613224,587,346.0,0.541492567802534,1
150.6319142258071,-47.423753017431295,179.58035005632402,0.7232732564057752,0.6399588717272656,0.0478900927650574,321,-361.0,0.47727372326713086,1
186.78763775592103,15.958865625008883,147.17408935144732,1.2324778965391556,0.9452501098396475,-0.345524003454869,412,314.0,0.437726169121761,1
211.1378856869913,14.104602279449495,205.46616289416266,0.7328719121381205,0.777754678113345,-0.057678425228757435,305,-37.0,0.06930838010997731,1
138.8968277136484,69.16686258362282,97.82655328341728,0.87572297190177,1.8988284195500085,0.5193138952895144,192,-251.0,1.297962264196008,1
138.91424749990247,-0.1446640487602906,164.22600488965594,0.18298339620426704,0.48577090395493483,-0.09420005159022612,561,-62.0,0.31712442477292807,1
106.51073848963452,14.191409525662024,106.52403154622634,0.30742832486226634,0.35361848666373236,-0.27021057656426306,464,11.0,0.22963483556015646,1
144.84039714151078,-14.250772885125542,158.9032770836172,0.2891373526827112,0.41899248810202366,-0.223587644779691,611,179.0,0.13603863706014474,1
142.54197572557356,57.26691058520632,87.33102874495239,3.5778195311147827,2.7145632884525748,1.735448537937674,16,9.0,0.5086706158924332,1
206.43835329927197,-1.5581819610902414,205.83070454620105,0.8703088742745838,0.8028551193803887,0.1891625786737844,356,52.0,0.16504213441415586,1
365.2604728891205,-29.020498964856074,285.6404818410041,0.7264133935259466,0.5252873919936516,-0.08981200280699286,651,180.0,0.15287620827431572,1
28.156670594865393,-200.9982014959438,171.1265278990303,0.25606075563843683,2.273544386906146,-1.3280349961668094,293,132.0,1.0566409248170583,1
200.40730447022628,4.000611220458495,201.17496475024458,0.7269080369211721,0.5453769388071796,0.341587838157617,434,77.0,0.19904347266086841,1
552.5559729444675,-344.9105608804741,532.8067346841573,3.7234297107123977,3.4428192572433396,-0.15665844317193,224,-17.0,0.41904046506563586,1
605.1241849031418,-27.58924690346703,576.051200885965,2.999324095179175,3.064693245706869,0.09843923160846701,946,33.0,0.09335191505703255,1
136.7803830755599,-22.491581430708266,171.17490651012045,0.43679987913819823,0.42292368879012915,-0.06957673615661791,619,179.0,0.12775320030440876,1
940.6374369332833,746.5517956571073,528.6902885714605,2.649446154097302,2.4712733783533496,-0.08208901874676622,96,58.0,0.5905165879093045,1
149.17479530214004,-31.573303751370133,181.32508796681296,0.49233909832237216,0.5554839042836919,0.01210688930768583,437,24.0,0.11811249310645351,1
247.41971390055835,95.41396138757878,170.74322533977258,0.8556786081312752,0.724151355846951,-0.026268854365380956,334,62.0,0.2983689226446302,1
749.2055443821569,-31.541215403611886,607.3860528423611,2.4126306932826322,1.9672635501085103,1.2294342800553413,137,-597.0,1.176249772386754,1
194.34245578642563,-20.619109349507113,210.36652192737262,0.2888488843387708,0.3793784476357224,0.024690406873255077,353,71.0,0.10057180462339815,1
454.4401377328157,269.13614246831736,239.26307122519611,0.987542296141099,0.5526900791576825,0.661273138627998,321,-236.0,0.4955977521352446,1
178.36486948574446,-4.686978859375046,214.4474979447918,0.3607828941111778,0.580853374391348,-0.0975357076025109,525,163.0,0.3505782141258643,1
46.77932829312062,-37.91526749795107,160.51529709750457,2.044832546307746,2.4211286898425817,-0.675255998500703,36,-16.0,0.2681991238622873,1
179.43765824715342,-16.209484442319564,211.91226022421944,0.4978232268877971,0.7180814682327833,-0.9773858394120196,600,503.0,0.49409877090169224,1
512.0528077242626,302.12964594631165,268.8703107702528,1.3844200815486503,0.9848409956665553,0.34246503393251015,371,72.0,0.12892244180277976,1
511.3001277628831,-114.23789169164331,586.9894795592797,3.052835513342223,2.884982042468452,0.20104898241060898,2231,868.0,0.36476211749734266,1
324.14934998761555,133.97519959909792,215.18231108158383,2.35441550538075,1.435944558236484,1.2747210125166137,27,-189.0,0.6126207188127569,1
80.55135004973354,-8.976598442035808,93.08358548870628,0.28649338234654476,0.3261699605786216,0.08610883440069175,440,-247.0,0.2952587138309506,1
196.76581214355997,31.53993797606043,217.43591535694645,1.1543473322310227,1.705720154501405,0.5834585212999798,168,-173.0,0.9214119201983266,1
575.9603315713663,-27.72992686608154,573.3014004796606,2.9261882701809183,2.986289952474745,-0.1432788705719812,1058,41.0,0.08736865911703272,1
503.7314344218468,-391.9077520313578,600.2983460161062,2.3522665613013634,2.342445987055276,0.31037589318577075,27,-102.0,0.7820534123387923,1
188.40343267865876,-27.1229873547708,208.9168880807707,0.6580948858385479,0.730067740319179,0.0336961183977077,390,75.0,0.1229165843142121,1
178.19299473211169,-17.20946266076251,166.0159044490502,0.6569742766254565,0.6558838055933973,-0.11818153004137932,262,-5.0,0.2523334003934214,1
288.83168726642225,64.29091140114218,193.45417325926502,0.49790642968794174,0.7550237877290014,0.1013556445913153,514,-47.0,0.1952210525684548,1
134.54024276430053,-682.7063128110974,498.66928117067863,2.6607960481309214,2.3681225009625897,0.8016904552724695,52,-52.0,0.5552912722348184,1
518.2718770735752,43.91629638537012,549.9822617941977,3.0433647779132804,3.038798789727381,0.10687456801431905,809,124.0,0.17066342423711625,1
179.81426403423342,1.3444771128892228,298.16330225137324,3.96981578242681,3.3720500129803694,0.516996251312027,17,1.0,0.3858612043146114,1
105.33135689880662,14.14022325827797,96.64719238228236,0.4259222895011988,0.3416340280738333,-0.021814265629529483,598,195.0,0.4206380737569654,1
187.72066051127584,18.194375951039234,168.53279518577315,0.3250759792846825,0.362213885913652,0.04990529188571302,583,-36.0,0.20023386035015353,1
212.62175919136934,7.259113873497512,173.3177583455194,1.08783932171042,1.874784731397139,-1.3250732355826444,350,263.0,0.8501809228596457,1
551.3263964816255,-120.87944717434425,610.1039417831669,3.0836837889700264,3.0856822458866073,0.10748432711443767,781,-221.0,0.25469214314104116,1
100.7895578689711,8.659533567564466,99.66493918000802,0.274698036866902,0.34199931844989534,-0.02867592522812762,561,111.0,0.1946399112859388,1
275.8641291972875,-10.867217188139932,503.25404935531924,3.1630350409635697,3.7216381354450774,-0.8617191254562466,90,-70.0,0.25044080415433506,1
137.0105379158844,-106.91107137548187,151.76446417525682,3.521928094887363,3.0812511078618243,0.5530095309252654,20,7.0,0.24458779663446636,1
197.1444510616717,2.5967019873704658,202.4676160260733,0.714008359552641,0.8226666308584167,-0.048092252899091914,355,14.0,0.0637427781320779,1
184.2088156280856,-1157.2803685022025,801.6616360533608,3.507127352180222,1.7186899928864716,2.155532758789839,28,-80.0,0.49456706382192533,1
78.43257314113725,-28.126278704923863,236.5108417588589,0.4274037272246563,0.3895392812804268,-0.04607257074706089,332,-215.0,0.23798840216003161,1
195.26614057592965,5.772377791852875,199.53608678236728,0.8847732147361973,0.7613434387183445,0.25288487189118536,321,-75.0,0.09843308505911771,1
474.4274510575405,-150.52131520809536,546.7673178748007,3.2351515783171236,3.2416062885195673,0.12012824953345014,850,-156.0,0.09614157392864894,1
175.06648776295296,-16.10129507379935,168.83715548529153,0.46888592486118225,0.5941378885234603,0.01740146381314911,312,-534.0,0.5027967888134648,1
569.8377125293013,22.320273643848168,545.3552892573834,3.1132230012455877,3.0093762924055185,0.13131935153441265,893,34.0,0.23739724243361043,1
661.425777710734,243.656637878094,565.3739851344484,2.991172375784152,3.0720710463018057,4.3465226705841076e-05,964,158.0,0.16641927717198424,1
238.98999695859922,27.627806901966352,199.61260096556595,0.5568316135598779,0.4811890179591309,0.055036013220139735,607,280.0,0.2392463118115332,1
104.18764291957287,7.3351615782451915,99.87585765060182,0.15838885779749107,0.22325828894137278,-0.1222450911974452,730,7.0,0.23616896189946085,1
184.726197662809,-18.168701283320956,194.58890204544687,0.363048732401209,0.5961891996570831,-0.28532354990846315,549,311.0,0.4991609490141922,1
191.7933694682404,59.89577069366072,149.8554529073571,0.7651013541885578,0.46645462937211823,0.45894991255818945,328,-184.0,0.3326775590323133,1
129.481778253403,8.860130350141617,125.40650383148895,0.498247797383479,0.3735648993640167,0.08353924577100125,531,130.0,0.2812183036539188,1
613.2965346167989,17.881836501712655,561.4755187725426,3.10103743446106,3.132225858598761,-0.22340015690498793,908,31.0,0.3663510553978136,1
299.95257511149964,113.41088389991745,203.7485748594725,0.7493074495155572,0.7342043925938497,-0.21368080690962699,541,359.0,0.47502564537874303,1
716.9775112478201,24.10184655982937,672.9152595738245,2.935488678476879,2.959789903468476,0.08343826868890813,1290,-63.0,0.16585529704193716,1
191.7831512823313,9.47503021463723,233.5268250494808,0.4436510661519685,0.7668968769623207,0.12908472807913268,438,55.0,0.7042166816886474,1
126.20311813836251,-78.55913779167354,128.04970064116665,0.5421894738647072,0.8674078804845367,-1.023337059930351,1129,948.0,0.6295462155692391,1
199.44848519252628,43.639442719948676,173.52098188379654,0.46782368078813846,0.41032295750583153,0.12358546916950786,412,-145.0,0.17686498788450183,1
192.6957129406704,9.910594754308534,171.44896048593708,0.8243190581389414,0.7450838462395256,0.3225604674797581,263,-214.0,0.36780396562559614,1
574.2763367721797,1.5267499999445135,619.374291071269,2.967131798335603,3.033030584776818,-0.07935039693010637,1344,515.0,0.196084378521458,1
182.8214669067003,-158.8970841445184,209.17989994842452,0.530347332906253,0.4756284460642564,-0.2300795990498674,297,-28.0,0.2092095583183099,1
473.68372330303083,-162.47516658574824,565.3774606380726,4.1212837789339964,3.243362704589926,1.5514249945164065,120,-48.0,0.26701001148013453,1
150.60943757170725,45.78243143417275,150.87050290764734,0.6044203708756769,0.46026934266281305,0.22305620248708663,455,-1.0,0.05675850464662534,1
214.7621179093019,56.22782459992976,169.56298104500212,0.6793586577859541,0.5428913404221625,0.34671111584899156,375,25.0,0.1699266126261115,1
116.15748965510188,16.13099895752019,118.52059176184169,0.16536138823254615,0.25493376190195827,-0.06047769186577506,743,20.0,0.2397533572373632,1
205.7440900563906,122.99983982263984,95.25093274951404,2.772723636017833,2.6392889431845723,0.5860626269648654,31,5.0,0.34193022417727653,1
104.06138460234605,-69.95845742534819,158.82656423300674,0.9842000147149743,0.5528335046407655,0.3961586897596734,318,-186.0,0.31477242854246446,1
495.58226602653974,448.6274053743169,218.90849986679513,2.2867730454044226,2.012689110212366,-0.0972745306649001,50,-1.0,1.5871012518526364,1
119.69344569248825,-86.21327004023887,176.2965664577043,0.8069706000093172,0.7034647760089294,0.025327222469302302,396,58.0,0.19719841758176995,1
191.4374354851737,41.13229437096325,142.30072926501663,0.563819555511745,1.6158405162437475,-1.251471800791478,456,390.0,0.9414104150541395,1
547.9556262942335,-37.92178157205046,600.958244104675,3.0451380421124856,3.0005072083151654,0.1232093471035669,939,61.0,0.11525137011879064,1
99.78391181757317,-13.284375943936126,103.72142826253594,0.49103874494370287,0.3555623375769545,0.20520844459527082,417,-29.0,0.13796234139746602,1
627.6796104056474,9.647195892350169,609.2346588239318,2.9539171159454645,3.0123774997697543,-0.06586743523237049,1320,369.0,0.291599637120862,1
302.81754054793174,-29.632457319484672,220.62100769792573,0.5935883126014557,0.632258551974077,-0.2881067507561864,576,-4.0,0.1438606280967857,1
208.6581937669097,-133.1580383331203,176.17384614347506,0.370967436265328,0.39643817896946876,0.07227133412791709,642,-10.0,0.13785720644399113,1
140.22117356158648,-0.13779304252057045,136.17576631273795,0.6052523787517596,0.40294979118405355,0.2589030789840481,339,159.0,0.4273469883924423,1
113.72139812843992,13.937486310866745,109.02011866508948,0.3452790934222015,0.3708896779056822,-0.1457596515215014,567,150.0,0.1579652435756647,1
697.8967198004202,8.493186833496338,600.4782614812638,2.5932161934230904,2.9441803217184455,-0.12650838703964107,1199,-1140.0,0.6190690609043734,1
586.3882327839688,-65.41674850073093,608.974651571298,2.978918575505529,3.018548051140318,-0.018622558269599132,983,203.0,0.15113626309880257,1
161.6069711929907,0.8048479123711729,177.40698077017345,1.5677330563892717,1.6070659185003422,0.316216600214839,141,-234.0,0.9672577390743425,1
211.89760166936267,6.655206596371642,207.1937721757839,1.0583596632637746,0.923910420077824,0.46912440546990364,335,-14.0,0.06504939692385078,1
630.45228463284,23.312343038441554,619.8162142985022,3.0239452617356672,3.020936955927677,0.04265711287006235,845,2.0,0.11132281418340904,1
224.07322445431845,-116.01094111270919,285.8260953654579,3.945464952495108,3.29036426944369,0.3042151520396281,33,11.0,0.5647624060564225,1
161.01564104365457,-0.44678388550201475,161.8657822760187,0.4434069521930312,0.3382186031952306,0.04311178476253835,498,94.0,0.2295460246362542,1
1000.9283678165987,60.290930883315355,659.0358450418404,2.825699399625281,2.511059325782756,0.17625324552797883,80,-16.0,0.4398185782820469,1
166.07089213323198,-141.40574943824865,189.33998959028628,0.30805054863860537,0.4801337237260171,-0.3003266732279901,574,95.0,0.16964292842795428,1
713.1650729252281,16.171303461303296,708.9455510864991,2.9047649674578513,2.9820373146458,-0.1221921555420975,1301,-113.0,0.08470455677741934,1
472.48160581232827,-3.083814060906491,561.6160355720367,2.968768531833482,2.9879213911276468,0.06818504192368557,1470,320.0,0.3016558972033065,1
159.6096162260806,118.86924585739374,160.07499618187583,2.1173442079779345,2.9345534613335014,-0.788420376677518,42,24.0,0.4592793076177532,1
184.25809249388098,40.2910957988575,164.54358436138642,0.48446352802683934,0.9809030574384326,-0.17142356011082538,457,70.0,0.6596203093962976,1
147.94703371431385,2.2663962835893017,145.4392107546002,0.5627161041838328,0.3687164296078748,0.2226235595214432,459,-141.0,0.09852828812416305,1
119.13023397721899,18.934065895307413,104.52973611787706,0.3760621874958233,0.38640748194398233,-0.03774087854814401,427,-33.0,0.09854992285212047,1
170.34930618973112,10.464440951256648,158.01415134375688,0.6504666107787415,0.9712364934279731,-0.4269743183660545,366,182.0,0.5283768786564675,1
578.5032761152588,-26.558703672807724,595.6990543727404,3.0440452109408134,3.083287259780872,0.06962549974223098,873,-71.0,0.10395447784962152,1
666.053464551651,-1.2860134330580877,633.2942485665708,3.013163601277708,2.9970733201101836,0.2786247628483869,731,-298.0,0.2147989175382813,1
117.04403048684256,14.588031116360341,115.5147753683073,0.28602645805862215,0.32331849599066603,0.1737636087624156,702,47.0,0.13773501606435384,1
527.883949192132,-104.09558116642518,572.9177931833017,3.2084377185952735,3.1125992917387704,0.27678266180063593,647,-258.0,0.16034083684838174,1
263.01909494397654,65.55566048723614,186.36256151911599,0.6862604215889959,0.5519191276353227,0.20334402116236644,454,-100.0,0.15349262761929292,1
703.0547174888819,-16.621358747886575,693.4645414099252,2.7435662889055723,2.601003309334034,0.33419485111683667,1016,14.0,0.1621869742410862,1
201.47289857619958,-10.820580945820097,243.59661713533492,0.3159559190654399,0.4832161766164507,-0.155083437192426,339,60.0,0.07454492013110384,1
127.76811107370477,-382.76448317838947,304.8355411021231,0.7770109158425794,0.9860031641550915,-0.5542286881074548,341,95.0,0.5281666017403214,1
471.85921423191,122.65862876721053,288.56324545716564,2.444497408605627,2.90549348223671,-0.18227225387262402,48,18.0,0.3559025965232758,1
590.666061905976,11.181234343543679,581.8761539035874,2.558020732590338,2.7096601229548902,0.010982424960939152,956,-157.0,0.113444296399386,1
182.18881886030331,-41.39427353315702,187.56723223195726,0.9161435507056165,0.9701753763748655,0.07686763085023973,178,-174.0,0.28944535937061694,1
257.2292640713517,72.01105539811545,188.2914751331924,0.8259967555261418,0.7486222715508619,0.02509813061246191,351,120.0,0.4482225161228361,1
143.6702821142966,-30.75843847364655,226.91986700705797,1.4352289859617084,0.7740685654276254,1.0918706465172228,194,-357.0,0.34281834090813745,1
204.98079771330512,-21.616619923228853,229.62900117500627,1.8045093375792498,1.5446747467092217,0.7413997753550163,97,-227.0,0.6366789049531043,1
182.72886428027195,-16.306379392071477,178.29591685977155,0.4462675652094735,0.5335061577665609,-0.03137949633542536,442,-3.0,0.31531197918657344,1
198.394554510223,16.45774599273207,200.46639755205624,0.7175580700662284,0.8131721292575278,-0.17899224619560006,363,-75.0,0.17361360427575165,1
696.3557123202273,265.23326889552015,563.7390778724673,3.480653890874115,3.3317294333689373,0.2978489150103556,118,62.0,0.5039151716051813,1
91.29132269827181,83.80800792472392,267.5111005478061,1.906313713864835,1.6938316313228576,0.40631371386483495,25,21.0,0.5033104559240421,1
95.07176814684557,8.032312639917905,96.83906161641093,0.11283756939837558,0.23204193469553855,-0.07427674721958144,856,291.0,0.2094894903732343,1
216.94263492465763,-19.737135824625,226.2989133364612,0.42909021463925684,0.44197764795085454,0.13109413753420013,291,17.0,0.11696394049144088,1
501.73986390880026,-84.50572546017844,576.4075200794923,3.2743145639297286,3.1104329870340175,0.08521259431424566,661,-240.0,0.15762993503368905,1
167.4726119307977,-50.086920019263914,172.3498250626651,0.5385679343688715,0.50026893956905,-0.3389179926111944,451,298.0,0.5136588378019151,1
216.4024646604345,22.322152808124997,206.96621494684837,0.8505570788582416,0.8697885857684501,0.10128380507270329,299,-55.0,0.0816718277947633,1
588.0255598908302,-397.73728291123143,768.7143558457159,1.2011369655031594,0.9920371126174816,0.22051551585213602,434,32.0,0.2608171487960958,1
169.78493198807104,81.69911524603752,117.5378157211936,2.4891620519494024,2.853974012910461,-0.5277136438171617,38,20.0,0.5408483881116565,1
153.77091288869283,-40.106533284484556,197.74262310415554,0.364848158427865,0.3406646844241529,-0.09459554034592915,215,-428.0,0.35136922284137284,1
545.61420714866,-45.6697862087085,583.3104300726293,2.9062562355481925,2.8503582652181194,0.09213787640583293,921,-13.0,0.022447438767865865,1
356.2700885697078,-446.9988382242577,606.2502101398404,2.0827982990245584,3.201149653513718,-1.4236655529631745,1625,1411.0,1.22887061979613,1
165.28022438050158,12.47448185820437,152.60562710289267,0.3314228431330272,0.40779698491185457,0.07105868553860906,577,60.0,0.1211719002921684,1
250.96854464255074,152.30761575533174,184.60720332400928,2.0275603576588015,2.26410740994516,-1.1720208729872623,100,70.0,1.0075322881129394,1
109.4069759257785,8.772955150977651,104.03606236700016,0.3843052229620678,0.1984354002147531,0.2502631540111879,709,108.0,0.22598942258120694,1
61.3520373354227,-131.90729165535586,84.02128625776824,3.459491160199154,2.813219040050292,0.5667889869389642,26,3.0,0.21502122507612298,1
562.4326733074878,49.642968533768794,565.3895577571028,2.76355196472509,2.9044539525347526,-0.2431062586095214,1025,-154.0,0.11171311523689241,1
342.16281689502,27.568740309495467,291.4069972327159,0.6833911071860039,0.7292127554965818,0.015609204419847145,646,254.0,0.18419024354338176,1
267.7373410917383,25.283042219979762,232.16938806080316,0.5814594686423352,0.5922339203369653,0.13551067130206962,496,-113.0,0.14913673430092653,1
215.25687161173707,82.53917767992226,185.74858430812785,0.30397593673845474,1.0403573599538074,-2.7481645857569736,478,451.0,0.7661910075462438,1
538.301279795554,-133.76534783806642,494.7047759624388,2.9960944376562235,3.000127311162307,0.04134553238748495,2224,1075.0,0.3514292968515477,1
164.60709876831774,30.34461156467023,133.65823203948761,0.4397546449687213,0.3146253908494399,0.2325271341396128,580,-134.0,0.3186054932199103,1
419.52536377307547,104.24722869681062,351.1071519783909,0.4346001378675138,0.5762397512576383,0.12262621717953776,455,-303.0,0.579112361911957,1
197.19685633706098,38.26567221090349,168.04101504854611,0.4488563920166204,0.5093969808089298,-0.16722925458078497,528,20.0,0.12339759556830279,1
648.7964048692787,-1.1111738012386922,582.8669837042523,3.111977908580174,3.0650993181766966,-0.023155338426243066,1120,-245.0,0.1864349429237441,1
481.49359511478275,-113.56982409995379,589.3236810051983,3.2199858274976947,3.05827724933919,0.27485305221002854,882,69.0,0.1001940887566257,1
102.43413465910362,-698.5786082500869,446.6105040657261,0.17424812359168043,0.573082600812413,-0.5042177248283002,640,57.0,0.3228042387634051,1
283.54977798294783,-765.7249310756264,889.460135059192,0.4731217122983136,0.8389481666163604,-0.4060670215282119,811,330.0,0.22464945656219495,1
108.67444091947846,7.855490154588367,99.92993210678716,0.19240264749633043,0.250914618488146,-0.09936143231343139,656,296.0,0.2468946602308023,1
488.9565894944117,-21.455781955783834,507.98759362053806,3.1285230110270996,3.1946447809097194,0.09020931410297628,904,167.0,0.32322116873184004,1
269.7584334343768,104.74762106656488,167.47314660457283,0.6363762515464936,1.0225407731260026,-0.5453206426439324,257,75.0,0.5812410472307381,1
238.3305030487043,100.5672455937299,321.88068014024367,0.6406619456493761,1.6826763844260477,0.2656068054907433,335,-202.0,0.8449206731847521,1
172.4551167076532,11.799867117713177,175.08462884741627,0.7618254289874526,0.5230172375846286,0.36311914173765264,223,-385.0,0.43365635254888596,1
124.8933943992602,-60.485639619409895,194.79338221424126,0.3024010283707311,0.6046419748532708,-0.09382716212379377,840,352.0,0.43045460309686207,1
197.8822783499437,52.39613401639838,202.67838223567088,2.8743472748159906,1.664287239605402,2.210988854796904,49,-494.0,1.0718807568560917,1
157.8355121705721,6.927706673841328,159.0851210737744,1.023662084436261,0.6492937127228325,0.5921420665467292,286,-304.0,0.43093181056615926,1
670.6411875024902,-7.360329329312776,589.3645310716875,2.9718424499929195,3.0116299375782236,-0.0467743040887969,1274,315.0,0.16309535461480798,1
198.9736687973699,-3.8881246375239016,204.31634967399108,0.6350547213634106,0.7782422609751121,-0.31352831902021294,347,39.0,0.07022028144840713,1
152.38149499531363,-8.964075298831034,164.67757141579074,0.3344124114709281,0.48797391728965545,-0.059656352422715,420,-136.0,0.4306081073181746,1
646.5265308103696,11.883901650143116,632.9209617831841,3.041473679021095,3.0196884495901557,0.12475421786506402,1258,238.0,0.18218739392638472,1
526.2176284519558,431.0689089865467,353.7476663414881,0.2570715391809943,0.46397840594462814,-0.1959425987769906,819,217.0,0.2726761454086969,1
139.1143735684179,-126.17909383077526,202.6316132125491,0.4790305630601253,0.5432641079038892,-0.0730416145602451,450,-122.0,0.2521634086938611,1
153.56447744270002,-751.6034591794291,666.7992256053465,1.94990095542679,1.7832994031639617,0.09628491062933398,159,90.0,0.4376014205578867,1
586.2455893689787,69.0059764690036,598.6227456580052,3.189101969615483,3.0634010715782707,0.21509944300681116,901,59.0,0.16623320634413358,1
510.4123714501955,149.5305217373638,549.5718492431457,3.0383136969241233,3.185784921630789,-0.55782276233345,737,367.0,0.36737111012339196,1
183.04259545406777,17.390710132582285,164.8305712328286,0.41255781376805256,0.4978421164744848,-0.41235425494438216,435,182.0,0.2525339166253251,1
254.89816416821378,25.126482941126227,186.57244936981252,0.6126660276215411,0.5959064570534253,-0.16173285682705996,481,314.0,0.4536587362444574,1
143.5713927291316,-16.905531981283133,184.98936759835877,0.2767607213858082,0.33550197093967393,-0.05197871679534399,466,-120.0,0.09396460749968481,1
944.3710457847212,748.0229630337047,295.3839373387456,2.6254886512054547,3.1299933925246095,-0.8575855382231148,58,33.0,0.6262262100572136,1
162.55891660787816,34.905431165141366,179.20560489299405,0.3377073145583837,0.4555993956692263,0.01792997435862237,442,37.0,0.11933860734909224,1
110.80056827860649,29.44509120441994,98.5066229733202,0.406005659928465,0.29639906873544286,-0.03187571256813365,490,-62.0,0.12417741579342359,1
131.47718527843753,-18.4401878003319,154.14533901248393,0.39745591671184566,0.5558691950682008,-0.40235932475186675,309,-77.0,0.5808985147537371,1
129.35065528216822,-12.314648606265877,148.6810981724131,2.484059662548402,2.4881083896886738,-0.035891515199373725,5755,-28.0,0.4059417317097102,1
147.77615685214556,18.425501569977342,141.70390865383712,2.515919510699171,2.501812530161788,0.03185984815076903,5984,229.0,0.17924946543897372,1
140.63068792903047,-9.712787281058155,156.6680460510601,0.49247651789084257,0.49437503565156027,0.08122991780726929,552,145.0,0.11731102110909722,1
214.223027731969,-48.73642733180327,240.57210415837926,1.5589992429761967,1.5904411173491657,-0.4598807417645865,330,166.0,0.4813216975422911,1
176.6868149957269,31.837589716474753,169.54213174452408,0.5722549493978084,0.7685701947921392,-0.3456334917860969,377,3.0,0.27150729510463345,1
182.94575121781776,15.290949823003388,181.43898696749676,0.41010061274090487,0.8481509967847444,-0.16740829256229744,443,17.0,0.4888784616418745,1
199.06869607757193,-138.8422935657257,199.03423959802427,1.1009674517312469,0.7191654858225236,0.47141002825586364,225,-257.0,0.33036017673721546,1
99.00406664688086,-444.9601355977098,283.88260027817125,1.8424785633184686,1.742974704049874,0.21350254674505909,27,-10.0,0.3239417599179397,1
187.46225832882746,13.956164830175624,164.34150051976633,0.796654823472309,0.37340208679530484,0.30822488086417316,382,100.0,0.36826861466690297,1
131.7824153847105,10.234690111894537,241.38923141485571,0.4822004589270573,0.43616200294453333,-0.06935833116581214,366,149.0,0.44988725229715154,1
163.15129771479184,-31.46939174659721,160.76944623397245,0.6329284334229993,0.5654567657669303,-0.07927443019356972,538,112.0,0.3619884223260198,1
77.08514657497388,-630.8121116320543,333.30468487215506,2.6612262562697895,1.3085716513814847,1.0160116046512422,26,-213.0,0.6624225934507447,1
197.13437662919065,-71.68481109392289,173.89054117368806,0.4188805557604586,0.482046665081399,-0.3130153725402177,595,61.0,0.12551775207549462,1
123.47947220247445,20.161283274941923,346.9541168802904,2.2081965922770874,2.1727663463032263,-0.4355516115338518,19,-16.0,0.9831149444390219,1
194.79340440579605,122.8115157792156,87.48408888313784,2.804889451733241,2.9343501306636015,-0.8848142804663057,25,4.0,0.34809978246291773,1
335.9967363449796,181.97110621636617,202.8139472776348,0.7210934273842037,0.5030068202840419,0.0992900171675879,389,-13.0,0.30739349670512844,1
119.53671654020727,-5.576216186787136,116.20200088703386,0.42050393203696546,0.3367773225547845,0.20190167888829352,557,-107.0,0.24110385293089676,1
132.79026472221963,25.380530404185052,132.21398508214554,0.31006596334696546,0.334347574806586,-0.06683666967238167,269,-33.0,0.2815255201817833,1
144.45572843235774,-29.907924862191038,155.09402194586352,0.4683573554901044,0.940023283302243,0.22836973011470918,325,-792.0,1.1045952697229606,1
539.9688212921844,451.2318510400445,210.2196978783656,1.137486230290568,0.6970361378258414,0.6133494521038807,322,-11.0,0.086252913251427,1
165.21118195863755,10.062312512008504,157.22154473611317,0.14192023201182288,0.28735841349612057,-0.05232874495554188,515,-2.0,0.17420414570698753,1
138.42335864570836,-27.25052453944801,150.33868976436744,0.41478473642246466,0.31989455697229896,0.32474089067647227,305,-21.0,0.36334038750830344,1
146.44768168356893,5.512571973155417,161.59216264359537,0.33221632280396685,0.6600157550069152,-0.20705067190733561,652,108.0,0.323896389935222,1
138.00101167881607,-337.66849426948136,246.52279873390316,0.8948211577857398,2.349610944208176,-0.65376712658854,95,-51.0,0.6003416992043756,1
126.73612630467463,-4.057388631320549,182.42657349555836,0.46418294821605666,0.5146313200545547,0.035346563886887505,604,110.0,0.1955802941308278,1
201.56177283855808,-195.61642183371478,248.06589897676253,0.6970728009553018,0.9290992972270805,-0.2627104330257827,325,-6.0,0.051635181729653985,1
98.09647479571801,80.79020128248209,40.77245317120852,2.0131109592887646,1.357114306584926,1.401306267842926,28,-177.0,0.9495602521492489,1
105.750165234075,-375.8767084778437,407.78508324210804,0.23166895346237162,0.5177447331954809,-0.27674867105885403,597,45.0,0.19021993589528935,1
144.38451290538208,73.52675801171199,107.91021436862027,2.786254980165355,3.003633568390243,0.03282059397656978,41,27.0,0.41691312603888164,1
696.8778676074502,148.92224131321666,602.2367037834741,3.084223714632446,3.014344842515187,0.0390856725199602,1163,224.0,0.11985515410580194,1
114.26841745533461,4.675808037331436,139.41386297643922,0.3302849692102749,0.5239652966419895,-0.1426574227660321,652,150.0,0.2938058964862906,1
310.8234024329571,189.1049260211978,279.758838497301,2.751629167387823,2.9156612349612545,-0.8948101772831918,12,-8.0,0.42000049453578286,1
201.80259187165328,-11.787553478078934,168.25338319289986,0.7084820502387763,0.6258833809045699,0.009271022544567797,433,-53.0,0.08309523429637945,1
127.6534854427368,-79.54455547031627,202.95155202688562,0.31977734019976134,0.5108422863436008,-0.14034040577367707,405,-78.0,0.31020209261617476,1
214.16822090505767,5.480427562922188,206.51917243173307,0.2777137478356644,0.48207968306123117,-0.038462609224516,298,-19.0,0.11060651597791968,1
195.94164900695182,-13.685745546685922,208.44931138628394,0.9249123632765631,0.8842036502167356,0.16930989183596246,346,36.0,0.1309734235272911,1
182.68504663972354,70.70332470786555,160.6479034501411,0.3471280418746814,0.4344919591339046,-0.37814296756917,499,318.0,0.35438666134739494,1
109.93076889173719,5.476944738628589,102.87811751510094,0.2097905399553325,0.2117516763314388,0.01537494645396928,878,251.0,0.32625076036010986,1
351.3071635415196,97.05004476413006,272.0057402591814,2.427007434989038,2.5488780990712194,0.1121099455874397,74,39.0,0.48354544406329036,1
604.2005318961035,-25.666336045300568,641.8758522086964,2.1057949332369725,2.2688930822812328,-0.25418395352181467,874,57.0,0.11776153416349713,1
203.50037903569884,-10.667841869358824,204.86696602318898,0.5540898310778031,0.4721638434465337,0.2763760832421387,332,34.0,0.10589902840396545,1
190.9968540585201,-18.763253662025818,206.42250810199909,1.0677482158535452,0.8663461637142518,-0.08824559383577957,397,24.0,0.09263181959463455,1
834.502388786027,-162.36786498251934,795.4380136598461,2.5279021020745076,3.3779862191411807,-0.2458636475126892,566,172.0,0.2250260953931111,1
132.02746850870213,-0.5274575704216886,156.45087445273128,0.9174458358783649,0.43656504747676383,0.6857891456575949,175,-130.0,0.47769260501681543,1
675.5879992282831,124.71913330119673,575.7509085798029,3.2200725310212186,3.1690120394052093,-0.009900678638029348,932,-161.0,0.16774876179346046,1
613.4805672695029,213.27249808551966,566.2967701490239,3.0951828070703598,3.0372886040194293,0.09108874958890345,1148,-362.0,0.2367055137602741,1
306.2902986102844,37.57224953737324,380.49534980891787,1.470696791725578,1.2475767062551837,0.19559750741289927,93,-66.0,0.5015924519101312,1
140.13122489271805,-14.249498513521672,166.03204082872475,0.367085647953929,0.5572650218544413,-0.14862273224526806,585,-18.0,0.2274136394125354,1
543.1752350754343,-184.91319111903283,608.6853621206592,2.1169139602799447,2.3559723720748598,-0.02400156809784626,943,27.0,0.6643309110573801,1
204.67123460720163,-10.881147512657236,224.31132795196731,0.5647700156543808,0.7310285154625468,0.046482044554789326,315,19.0,0.07053516030078927,1
17.30627351323593,-9.212180230883089,38.519128924222365,0.6118046914458385,1.4463301994111624,-0.6957150430525317,205,-154.0,0.9495602521492489,1
306.2790547441989,168.8903046987412,136.84857244522604,1.875,1.8001129348722187,0.183746087917658,16,-10.0,0.42165209093523576,1
742.9422975449298,339.96716255857166,513.1694424789584,1.086963466696162,2.15105440482142,-1.1797513476404995,842,718.0,1.5624721723435004,1
82.74425023375076,34.29514750154781,69.932761440124,2.1866610090529677,2.640872028426919,-0.2359187527895239,26,11.0,0.43091803947489804,1
160.4834425510388,12.925019954866826,276.18863864405637,0.38140100876160943,0.45750768161792343,0.004732511959974817,487,-77.0,0.07676083178182466,1
436.1566042242052,-134.3787092218799,515.8471594326272,3.0278448150551744,3.165190806718695,-0.5005249865618042,1733,946.0,0.45332528813813494,1
234.9703515673892,91.30877649034247,175.66121058186604,2.741253860535538,1.2627686336081019,1.8922121960184004,44,-508.0,0.6571807739562704,1
90.3873076522107,-165.9343037182127,302.98683386604864,3.1895084675586203,3.7278001938408933,-0.16250624760534693,26,-37.0,1.170265638464552,1
199.08946787079188,-264.4232726381133,282.0914053726104,0.8520290654332697,0.5420957928854601,0.08293814463096882,238,-188.0,0.3399780489359411,1
537.088910751549,-120.63271258188047,533.756026371973,3.0510556895165513,3.106250931983011,-0.19471794375634754,608,-272.0,0.4211115346012495,1
327.46046698497287,255.38114185264945,118.84613052370132,3.061482186720777,2.8393570766060208,0.32572090365349204,22,-1.0,0.27408015704872907,1
160.82449480190735,-32.33727449673168,158.0768719353354,0.312258928628024,0.4510852954289396,-0.15779220523886406,699,353.0,0.5088349965147624,1
82.11468944240258,-104.91929158556889,237.95233628055513,3.347091011626144,3.3543861102703625,0.6331413123983038,30,4.0,1.1737120444395042,1
161.05495590934183,27.230422011100416,139.42272245496218,0.49275650449911607,0.6085533787693931,-0.14921873724205442,468,131.0,0.237951216906746,1
234.62137952831756,19.923666772563905,216.32937314658867,0.4759248949098957,0.4443110599114264,-0.02626073886681618,288,-29.0,0.27925744324422586,1
400.11876583080596,304.9860657544467,138.9674640575387,2.322703411611932,1.635937339623009,0.7747311032830604,126,103.0,1.2630645021497813,1
12.743189902410185,-73.97955498122015,65.8906920361223,2.1258145836939115,1.5087773360158891,0.9817695333891703,12,-103.0,1.04305484620217,1
106.19424401013669,26.50216413124575,99.61924789425389,0.15539027237095793,0.22573420880322548,-0.16412417908485494,752,385.0,0.3195057345752297,1
744.1023854282421,-0.8216153558071255,378.76220467439157,2.8762417639579874,2.6940095897795833,0.6051567059816412,50,-8.0,0.2969707484951775,1
354.3379956401318,138.98507368445593,379.1602653835288,0.3962545902408666,0.7366898641560483,0.004625588149327342,641,119.0,0.5001577770536128,1
197.56196088085892,-22.610973188357434,154.2191754267829,0.5454255337773696,1.993585560012584,-0.06192745790746934,758,403.0,1.2857358748515235,1
707.5310251244177,118.24736889822395,620.2072929993257,3.0467467279159353,3.016768851424982,-0.16579584001549863,961,16.0,0.03308582804467215,1
216.48227333707294,-19.61309345825876,137.148689653054,3.675310868912364,3.2272759189309914,0.5357386069256411,23,8.0,0.22637696874041305,1
132.7176939318148,-80.26129512451936,189.84950196669323,3.0521405224954283,1.4197977878865693,2.4193951015910717,27,-249.0,1.0713190488485644,1
652.9995645972106,29.18659497471333,617.2074402093489,3.0064779236732035,3.0475800212890096,-0.10179002766979517,990,-12.0,0.15042380448387535,1
353.396530031092,235.77679530715847,196.7329992935483,0.3686532575001137,0.35899884526425696,-0.1367475345906305,550,203.0,0.20074809999649335,1
1195.2980537800365,632.000695835994,420.7613224712815,1.2808989574116383,2.701098156460575,-1.1767247399939926,185,142.0,1.250819539857716,1
141.9307031458117,-19.904670276494357,166.52064933726314,0.985168663551616,1.481749371523004,-2.216377120480758,393,370.0,0.8086347493230349,1
111.98172193185799,-29.89390980769467,163.37731636702762,0.7252710094438514,0.43514334155038525,0.4225310596914222,181,-424.0,0.42065252670650305,1
126.25129521063039,35.99721423783819,109.29385419901485,0.26252190797585784,0.3181423687326701,-0.06635733013734652,679,45.0,0.3212109734673476,1
194.37720490112892,8.01198759078801,132.70384534041142,0.7818075767103408,0.6059602104630823,0.1959552972428351,193,-308.0,0.5459562184357936,1
187.57164679227154,-232.09056837498665,269.33600953075154,0.4034423016594764,0.5510960132215327,-0.3634197075651377,735,388.0,0.37424749771057747,1
236.67977074928262,27.19043906213568,273.2552696674363,0.2979960771050567,0.49156424358613354,-0.04837012042865496,274,-27.0,0.11477144274380917,1
72.39747861390019,21.150197257794268,108.26533454615708,0.32431983562963046,0.40138903266146897,0.19900664248120384,255,-224.0,0.23888401687591534,1
92.2440952726491,-14.88321755804435,284.5334106368073,0.4300623450896862,0.3782185569901513,0.30617852391560874,406,-444.0,0.3091472701101879,1
636.3191218196486,182.72125230696417,569.157415759039,3.0292801086097816,2.9377260154836358,0.1362421592509766,744,-81.0,0.28456306502720885,1
204.38825588332412,-103.14857078469163,221.53818395309995,0.33742043243953584,0.5808330707244143,-0.4922180294451179,355,-24.0,0.19920061586026466,1
127.71888936305069,65.0912229925772,96.10251584274722,0.9054413099013549,0.47916734228703606,0.5351127096385591,201,-324.0,0.5115115613642296,1
562.74782648449,308.76434902192045,664.8792334995215,2.5572567475073558,2.6153685458042397,0.06239808986393047,65,9.0,0.3202136486173076,1
275.204216784816,83.5351294062138,272.7563273869713,0.6393485168320483,1.2176552420962827,-0.26084662364605526,189,27.0,0.5064487856904419,1
187.61655498049373,61.52200054541481,153.755654475276,0.7995007813609475,0.3706019830173149,0.4708267366848639,411,-252.0,0.42496602342812884,1
31.932346304091546,-15.362285761526877,167.88322233124893,2.9398290174664026,2.5894902651269005,0.11724925562391064,17,2.0,0.772611723283854,1
205.36264531787182,95.7627416277276,164.47169413856426,2.4129125572930645,1.7653988032953307,-0.6212465705583567,87,63.0,1.3438895622315397,1
169.8860706499306,-1.9043106355753707,168.617934686145,0.21777502520639527,0.3597519879676724,-0.14185573082722305,554,7.0,0.08775962852285817,1
381.0539974446179,181.964529573826,320.8444647404217,0.7226965615260463,0.6073108809506316,-0.1293325039072234,289,51.0,0.3125669789283159,1
89.94695148604345,35.0500605080176,423.1285836968158,2.5566567074628233,2.7927610056071415,-0.528398395293654,14,1.0,0.5581340902813212,1
239.98088991749174,45.308838383062266,204.3472601884911,0.5831539513286746,0.4416013368512516,0.2203625999605181,389,-30.0,0.27189492389630543,1
87.22794611567217,-15.185760377401692,102.03419381882976,0.2686423917785626,0.3215659525434811,-0.1073818530516108,544,90.0,0.2764595519711173,1
163.98803949528047,25.678637045428985,160.5401248114555,0.4063053577551459,0.4546731847729933,0.024936328468526503,378,-293.0,0.3287260065407624,1
288.9169247156529,143.4431322782943,205.62283587923633,0.7250307922253869,0.5283409690615822,0.13903085954257222,414,-164.0,0.12604573885744616,1
72.29415221471544,1.462409313180558,150.53965426286612,2.725480556997868,3.006238939077634,-0.22222222222222276,9,0.0,0.33534568853188723,1
61.426883697745296,25.15302736758342,94.05743165195429,2.1903577851682807,2.0993875858304105,0.3288507144093411,35,0.0,0.11688114233053681,1
174.8447139974664,106.34614042095563,145.04005772549635,1.337014105938298,1.3582152124755353,0.2233511468430358,198,21.0,0.9550967003278269,1
174.91008070485796,-137.04827302654942,379.80579612685904,2.5341468438052397,1.99914105882135,1.9102589778231085,17,-71.0,0.7068433508212052,1
471.2151735423999,-194.83829100925112,600.0098434839376,3.0195189244762215,2.9784164558162747,0.006355323198513396,763,32.0,0.22423279375281444,1
132.7372396157187,7.671306090808727,118.4998984059766,0.39303298801285064,0.31475812321767405,-0.08156424667121698,601,128.0,0.11374314392509909,1
754.6838373778578,6.026555884805134,406.1149749884304,2.1099409315609217,0.8789331479843492,1.396734771608883,151,-111.0,0.4829145496823427,1
144.44230052147194,-27.589509783390014,170.71064080749593,0.41771265391539825,0.622561595150396,-0.17263893623701743,583,93.0,0.1891622725818149,1
98.77252240999894,7.4460920904488574,111.56029207634353,2.4890957019203173,2.4925294587638485,0.02265153554298527,7328,1494.0,0.10415788692871034,1
206.82039602068622,6.641775031014788,203.46961359207495,0.6369428715777508,0.7789992662408639,-0.12270969634039008,308,-9.0,0.08723395478429051,1
194.08564127617603,-493.5829236750575,350.5014085902587,2.7315351728440684,2.5833575719146964,0.8274166791025668,38,-81.0,0.7332936828573752,1
166.41511778473046,31.379941838397343,160.189956722176,0.37696308225639164,0.4521524879023192,-0.20069467402061303,578,228.0,0.17419331942749952,1
529.1520853723569,65.12597808174502,611.7466276827263,2.4604586276501985,2.402302242570038,-0.4576525989156979,1429,-630.0,0.4132762857837823,1
115.04003001043199,-15.295114904514122,116.98676967324506,2.118093079944553,2.493575968323616,-0.03754598228501349,27,19.0,0.49757025187389337,1
135.26416638822565,-54.73108566843524,184.68896754155926,0.22952609686964637,0.3651163383480336,-0.02431334405934593,394,-284.0,0.21807467850423537,1
147.90384195119518,-14.464244767759425,164.03112216658639,0.45720372746845417,0.5256027082915853,-0.1506395776215479,326,104.0,0.31325162770863096,1
92.23771937228284,-4.876265372746801,76.47096988965392,2.576597655573916,1.9291348243313375,1.0148299442936388,32,10.0,0.454260165484424,1
776.946993386643,-42.617478685954325,800.2406263530636,1.6854632703215207,2.0778929544697036,-0.569396876515758,130,-67.0,0.3885012515170129,1
139.68848664734972,-34.700500439050586,158.14852256860803,0.6116973585628164,0.42470843941942443,0.14864605533362457,372,-112.0,0.17553596374558084,1
66.88391207778221,-83.04154766832457,137.64498548620472,0.11549404152916413,0.3097182377713134,-0.19527548330128564,1074,134.0,0.3579373026896756,1
70.51701134399335,24.765000050541765,161.0209047933855,3.240223928941852,3.1871375894225684,0.3746470737346037,15,-4.0,0.26520979348108115,1
130.38396884115858,-2.105604453121032,151.74565468274488,0.6535492107297469,0.5881159159467928,-0.08779518815220744,352,5.0,0.31400721242754237,1
189.36421226629167,38.73229804048458,184.61678752323934,0.511521892630336,0.6652464348051534,-0.21175136377543924,523,202.0,0.47112974196688506,1
57.15452737972732,-258.07419205356854,192.48269084533112,2.4634582986483036,1.8699168085675844,-0.628649651668324,15,-45.0,1.2404145247144445,1
89.26105150548464,-18.868631402211392,101.08763657568142,0.22362749088119602,0.1966355936899454,0.05986458950458595,786,176.0,0.2809615908145236,1
103.31818892753253,-41.497655540067996,477.6476211171242,2.6437482038109392,2.0682196819121126,0.4671121448400375,35,-3.0,0.7094964480428269,1
189.3947497617876,-29.39557473532878,191.68663135598456,0.14408362604839398,0.253822200052254,-0.16528246014625853,536,222.0,0.29362387083440744,1
397.9442854354161,205.29231812617311,249.33140398744231,2.3188483762844143,2.421874123505534,0.42382552209758173,49,0.0,0.17787717565864783,1
74.9326202103767,11.090004494819418,90.35246859292837,0.5655547030348981,2.0616136179634,-0.23852050188776985,259,115.0,1.1826122347119195,1
124.50761697050292,11.058289074741467,138.71417892405387,2.4582678680998424,1.0063662056764442,1.6469897436407095,28,24.0,0.9461581477431733,1
75.78704814588484,-163.6846919106702,223.4471068998036,3.21506101220307,2.404147396861773,-0.7971273917655912,30,2.0,1.1330393432441308,1
199.73786988993373,-0.9438624076034046,167.30533956432987,0.6464543935500929,2.230080936413804,-0.19274857819294544,298,-210.0,1.2483966875746915,1
158.76702721658472,8.350357913837485,246.08905131142927,0.4686905382190905,1.0115696705095287,0.10289600030355622,615,-15.0,0.733754669689217,1
153.06640742759808,-10.461725768533427,160.5204181100336,0.25472435499622587,0.4357809990470531,-0.2534652381583267,687,276.0,0.42616650285509683,1
161.47851195278338,-11.748043304679328,186.9952698941044,2.4796492667004855,1.9089421144446401,-0.5275472229851315,65,48.0,1.2022919434489223,1
131.0751480809556,35.22767946505729,213.89027603501526,2.9329993066372904,2.301948837419329,1.2980704765692883,36,13.0,0.5029706617343808,1
166.41407655487103,-35.77621196194002,303.6870345855008,0.45209085494876833,0.7813946368459974,-0.8627982853292622,407,117.0,0.16321266511611066,1
171.06162103931246,15.374462902125401,156.13392584738267,0.3466908727074587,0.33200605303744485,-0.14642931804488085,632,176.0,0.12459506898904815,1
950.020474196172,253.6647618759447,692.4995433137022,2.3882343041287806,3.017231056955552,-1.0924195867453346,426,308.0,0.9908077463277122,1
190.36607854085915,-6.235505418182271,205.44576906712632,3.117158589613678,1.8784825397767364,1.5976977544821875,53,-385.0,0.5491094974667707,1
107.70758194174654,-4.808457898883987,109.22887940847974,2.634949581006751,2.700527636561639,-0.009427567386246949,5142,-583.0,0.32703274329006665,1
219.84381605270525,-9.779018245824801,234.37701680547667,0.948393163163377,0.6605010544399318,0.09296893092543645,289,6.0,0.05526154424396186,1
196.40669324976778,-2.5451462443979835,202.5579149868333,0.3853201987635551,0.48675597528078074,-0.23955802484959882,357,116.0,0.1768707259712678,1
191.53859887083215,60.25656151105724,186.4670666871415,2.271684122117555,2.088364083585973,-0.09381461337698838,47,17.0,1.00754651490445,1
282.0175110577531,218.49657181546684,126.14511271630488,2.113283334294875,2.5407757313343278,-1.1383458330929477,9,-3.0,0.5139128512091684,1
131.2820373597749,10.587490864421568,192.13881476888358,2.3654987354945436,1.834947016195379,-0.9000845873931906,30,8.0,0.9153342466215529,1
101.22997657297267,-0.8929168240625245,97.23262287127814,0.1978772750225048,0.2821478494504395,0.02773797747402129,682,106.0,0.2624940277866955,1
229.62283429853005,6.946838427677449,231.39160383570143,0.8554242322379405,0.5633056677016811,0.16998387863165443,283,-1.0,0.0711538240120596,1
715.3123573378521,-121.29022310963967,722.0148421259139,0.8355581990825142,1.8034623684306836,-1.1012617805412743,1214,-1001.0,0.9481777859319428,1
566.0648106872553,-97.63886492386848,602.7935260342857,2.3674003524998035,2.520152437627428,-0.2505559402017661,859,-92.0,0.07912261242521063,1
170.82877213091214,36.965491595843446,193.19129275348706,1.5780018999940246,0.8654037891942545,0.8083856364566151,98,-221.0,0.4495812196278737,1
166.2611019243148,63.474689770579715,148.6467328236746,0.5295669918822461,0.5364882435204908,-0.3407244463690656,537,377.0,0.37668989801516084,1
210.68544757082793,9.542634491368943,201.73890398214627,0.5718346906469914,0.4078414521402164,0.08584942233797593,307,6.0,0.08995630830409143,1
196.3658110470837,-339.59559505891815,269.7403191549912,0.8169424989761105,0.8226823656740796,-0.17939857026005057,310,-85.0,0.11618525635234796,1
199.35096533946415,108.05964264119234,188.21877434055102,2.1882022806571344,1.8131941148827697,0.28188856679229946,51,26.0,0.5995995755067409,1
145.35989100778838,-33.92848356240259,149.98565021138035,0.20906649884156453,0.2696236760283389,-0.010995370706138374,908,537.0,0.40306089802364553,1
63.35745396723931,-28.18597623755231,70.7935558459023,2.6022904464030407,2.5933741615548613,-0.010155321076897206,5408,1019.0,0.0746739517458243,1
362.9649610801167,189.33313564920923,229.28196847387636,0.6166618690525667,0.5450848450932917,0.39271062386604005,396,-180.0,0.15488500515209433,1
195.954559419291,42.59022240235012,161.1164333788154,0.7624240701586606,0.6640507259911625,0.035700240923803306,330,23.0,0.3012121181422455,1
254.79023103555872,30.066119915664785,239.7011192889,3.355091032180196,3.2583724453248246,0.5272220431124706,29,-2.0,0.13125358057335673,1
329.1311068932837,84.4583388634025,245.30440221637727,0.8660351835537842,0.7403577595695081,-0.05133532449354561,510,-18.0,0.17369556419350704,1
26.518453744119018,-26.105466097440978,52.47746207021059,1.3075197344983702,1.8108790891210351,-0.35749451158546086,359,278.0,1.2875409784246543,1
177.58566909204896,-0.23910484552826006,240.68402951177055,0.6405066518726096,1.6843586816967897,-0.2055573835877792,409,140.0,0.7917899349267803,1
391.4413723182184,-189.3700933542538,557.3032428920799,2.9180241499472537,2.4083409358123844,0.9833273992455229,1510,1122.0,0.7421523575636738,1
150.3418361595386,-101.75351506800229,184.11662673811188,0.40345252786491304,0.6384226338192491,-0.19866203810943694,546,106.0,0.2660707113470655,1
395.2318851706623,242.9792533204199,294.01987838937566,3.2516291673878226,3.4201325747095894,-0.7753576659714656,12,-14.0,0.27178980395105123,1
75.883012801933,21.108271175913565,68.22407268486909,2.491530696697548,2.525455616337419,-0.09123468748911234,6675,1676.0,0.18531886494972094,1
30.315460413586763,-309.04644433346925,111.13414831347663,0.978052055876744,1.892173301294458,-1.5237924793004027,198,135.0,1.00930747037241,1
202.19028851681105,-498.73437443021396,329.335546479722,1.3148891402780305,0.8674702509618358,0.464193756041382,290,-4.0,0.18710630831337627,1
196.60158395904142,14.794976771524745,198.2135179985174,1.5194608351314907,1.421465952131674,-0.0028177054543434554,438,119.0,0.2804000816149536,1
147.72125111092572,-24.617435597373458,180.656573923933,0.30232274012412735,0.5371545660836954,-0.10025966039694084,423,-211.0,0.7293616551784238,1
108.32769791253388,2.1072260854572704,100.43402550021462,0.2915991095856512,0.41506309696711946,-0.10134566270107548,544,147.0,0.15917055103385425,1
173.96229664000276,0.28681139354273455,146.857343517792,1.0014727775810093,1.482271653626249,-0.24304887791001928,383,245.0,0.6692237115437368,1
298.6869970759059,-544.1362436389923,676.4467786521247,2.2085899793153967,1.948735229561403,0.46378367313081204,180,99.0,0.4850062825514515,1
212.24007589060454,-157.8951790349098,263.9668794956541,0.48276216182762677,0.6437401979824511,0.10962217170634492,220,150.0,0.40349423392236045,1
522.8949954011258,-197.03514433443058,604.4188870645788,2.903848044444412,2.9300318211672574,-0.14532252359337106,769,-585.0,0.2844074791827972,1
631.7368065205503,-28.069907857236444,599.9175695160093,3.100382650374724,3.2020182676652986,-0.16749501815529788,1202,69.0,0.22928652452002254,1
680.4572954472046,179.75210837640816,637.1108926823318,2.7986178170500953,2.8963265816706114,-0.23752517319453803,1801,-609.0,0.3992135645016641,1
239.72094106852006,-41.920109636924224,254.57307542000535,0.7799553548686657,1.774620491098308,0.13729066157279612,275,-428.0,1.085216196070464,1
154.79759989887955,10.341871466521809,161.02536467263715,0.47391674854144533,0.7736215950903707,0.005559393051340955,482,157.0,0.822302324593843,1
599.1609280555044,555.7742271670553,401.5702146080049,3.266150648454355,1.7152866081787235,2.9579134493136428,24,-368.0,0.9689766354983286,1
187.50253725621434,25.892259773814857,158.74134127361918,0.5812754927034467,0.45950890602421557,0.1355961577455443,453,12.0,0.2076908178107795,1
188.3018594296145,-14.856635145277181,187.53170322121804,1.5561927982089627,1.5526679687236833,0.3914352066294249,92,-60.0,0.630600106997869,1
187.80775511369478,122.682650834263,115.37872100299907,0.48698389916808,0.44552635485196773,0.22172179076480808,518,97.0,0.12489079180892605,1
148.38789946662516,-79.07081647956196,227.6473739139413,1.5064431582609845,1.1316078812642814,0.13289374672481036,131,2.0,0.2186323022771347,1
144.9243525717976,-23.225194162384042,158.95944521151267,0.3435419414605337,0.49915140002353875,-0.30250581274980864,616,171.0,0.18252316832345372,1
187.8491990933153,106.95850920296078,456.30468721792494,3.178688570451097,2.5374110509542147,0.11799658329390716,25,-7.0,0.9072744447604498,1
165.28246182945645,-65.15341341532047,175.87334501924897,0.6121685255327635,0.6964576820444935,-0.17703809362438738,479,95.0,0.1590228973812502,1
201.9842147471314,-18.569142364777747,202.94952175001887,0.37392977449695636,0.5288826982245214,-0.12674229204601067,336,66.0,0.19664312111181642,1
99.43987902655718,20.286645517116767,71.39893018205802,3.5566567074628237,2.9966464861403956,0.7760176452332574,28,12.0,0.24845198595698256,1
126.82047880738179,50.28685511455279,131.2131845427577,0.4588076979234548,1.5570731701415674,-2.1065879657015314,615,570.0,1.259061485805586,1
449.79425363517214,-19.024324982468045,376.74006406978606,0.8376314317697928,0.6837354392645801,0.041818856449485575,468,198.0,0.3821299714415471,1
321.5049350080683,-146.58964575088805,505.20559429372616,3.108943659210625,3.004140708449618,-0.042548672950999844,2232,127.0,0.37575225513760946,1
527.0176215555342,-74.96843650323922,571.6603842471725,3.2507542014707203,3.0405110752620583,0.10144167177229813,882,-88.0,0.17969007488246816,1
281.6410507054443,-135.15726741037207,244.78990987720425,0.6426646932958696,1.7496302360607097,-1.3209719576450345,703,507.0,1.1720982156486353,1
103.47533523972957,-4.225930355263458,100.84679480740017,0.1820787279323925,0.28022631191593156,0.03269910509897714,656,288.0,0.4579081660997658,1
76.24329501433677,-16.132442492876592,114.0895267988277,2.5956916385663598,2.52340726991782,-0.06695687459209676,5879,-434.0,0.058186248976610365,1
159.09117002663632,10.537833648468052,170.23996229666105,0.5127249974624022,0.45825530184854235,0.19475262733712617,432,-181.0,0.185161051125783,1
172.8413684400398,-16.526909748126172,160.01550570557765,0.556131166191908,0.34515619290128485,0.13826439102201582,331,-29.0,0.5861556536967211,1
392.80113845939906,338.8767959901227,196.04110331326245,1.7855505277442498,1.7616480809078432,-1.059800408878187,32,21.0,0.8897575657150433,1
292.29867764359227,113.88045677804712,181.25692935523324,0.43594804325230574,0.5064507362152058,-0.051848746578834704,595,207.0,0.1567008686712696,1
193.04485315940175,-14.435413330095514,203.60393773862637,0.35048589507111555,0.617400645550082,-0.18341335085042626,243,-87.0,0.1957265124612272,1
569.2294942386204,68.51964554159088,555.4098691669326,3.000536456467317,2.9905652707876933,-0.04471091147258521,935,-451.0,0.25318131709889646,1
159.49960085767677,-27.70641837297262,166.98801687224878,0.2786255075345079,0.3543211580107044,-0.22969365814664477,431,-65.0,0.11380147327469603,1
828.2674843258101,31.239325152223046,798.8357281359155,2.371396640543852,2.7150999041211623,-0.4893462766847412,899,-328.0,0.2597284217165004,1
624.9487662656359,24.698089735385906,574.5411345866523,3.1150233287836735,3.2147834597483547,-0.14207748213849403,1006,42.0,0.0909528071751326,1
173.51882325786266,54.86464884801974,153.36146803854507,0.4795676379881581,0.43554172279538445,-0.08630718416516375,352,-119.0,0.41101085424149797,1
40.71505318129346,-212.0742810478231,118.01016565107098,2.1735572622751853,2.785705652325146,-0.6106264575040035,15,-5.0,0.5267350423867994,1
463.2892313853637,179.73945340241585,793.7122313040708,0.7156148459015199,0.7526225315013993,0.2424931336032063,437,-374.0,0.268393392918953,1
184.02642093206168,50.78812508358453,184.82250404132697,0.17504303584663605,0.35472121219838015,-0.20840728826988536,527,-21.0,0.14151748272760395,1
243.80452001580724,55.44453987785775,329.60075467822696,1.0552943183928987,1.0536692181458964,0.3589316918334857,287,-134.0,0.16377742083690383,1
50.90412156040741,-79.06232282685227,138.10201636929096,2.8352377453121176,2.104600196585577,1.0533006817654134,14,-16.0,0.36108082424712634,1
149.7551285680734,-8.819816523781071,164.11715849173464,0.39628687101381366,0.45914151995790586,-0.17314445618485153,588,164.0,0.13479348419003792,1
149.708289511341,5.54856571225838,161.04369013152066,0.1676764504682312,0.34189659388602633,-0.24810515583808818,764,328.0,0.27825669869805736,1
496.9269404421844,-95.9457883342589,538.3420445824056,2.894807588478238,2.6745740964367566,0.23178782923875207,858,7.0,0.46302148999185533,1
241.56869589123832,1.7550761528031273,181.79748640793508,0.7092137214771207,0.494488530374045,0.06542744247317522,460,111.0,0.1868267757760694,1
208.46705488474987,9.081748150474652,203.48992112631987,1.3383133027772953,0.8397055702085364,0.5673431913207111,348,11.0,0.0608471389190912,1
108.31973275647464,-2.9173611945920186,108.51059314055112,0.26756791208971836,0.3439233937231004,-0.20053326062029136,561,285.0,0.2665880295880543,1
318.73716752713875,99.49767000399112,271.0534393795534,1.3116982954661218,0.8957223552111413,0.5174366340900639,86,0.0,0.3513341288697713,1
150.90780549673076,-39.799256757790914,156.526482933414,0.43152001788953176,0.5081080090825957,-0.6172220687708139,590,382.0,0.34139867917237476,1
278.9317622986602,208.03125162241807,185.10336457020168,3.9449630543523857,2.7486450363573605,0.7805713715578984,41,10.0,0.26430935706407443,1
525.8619467913082,-33.887816543166196,527.6701166859532,3.1710492070596352,3.0220356867437794,0.15274719747439214,846,-3.0,0.20617554144939237,1
638.6212879823677,148.63546103813627,566.7318628635115,0.9034966959138115,0.7361400076361044,0.054579370124926196,456,81.0,0.3360586380104598,1
416.66942532420114,342.5914427652788,227.54330685329637,3.5464393446710147,3.416768163582379,-0.23774437510817403,20,0.0,0.2774128535032584,1
191.89234954927417,-9.58054902692541,239.05848852693734,0.5518783583771011,0.4872770321086198,0.23592243931166118,363,24.0,0.09651197116673017,1
7.483314773547883,-91.52075187333297,266.66003601978196,1.5,1.6645756066420698,-0.3424785633184686,4,-23.0,0.49515794088544696,1
338.65844678680753,133.66579700106433,233.08675231340195,0.7092343230877445,0.6098269456804721,-0.05962303783700518,363,46.0,0.08180524909943176,1
317.4692451030059,98.9644725714403,197.2978641213005,0.5294841636664752,0.3139238841017467,0.2164176837255653,559,-76.0,0.047279736051622424,1
171.9414848300487,-21.48474931008346,188.8822478351111,0.5249339015758483,0.3298075063325018,0.2994049984004379,307,-33.0,0.1842574919180551,1
60.92955632085677,-20.173987367131964,69.0421321499108,2.4758790448942705,2.565163818167442,-0.035524132117559226,5957,408.0,0.11092545347232655,1
93.49423296456919,-900.148456579064,612.7603133411474,2.8150724101159437,2.2674177844923884,0.7038025286252001,13,-73.0,0.6705351078639356,1
209.32289958470545,-1.06799190734867,206.65612686152204,0.8789502791139855,0.8145979660888665,0.05779787724087526,301,-2.0,0.08758140644837298,1
206.7341048983557,38.28018101558905,173.776156746044,1.084961531281146,0.6322502584099886,0.6520369770979477,207,-176.0,0.36660964666207824,1
635.3886426333149,27.97077641806061,627.3469260525442,3.1464497509106915,3.102308818445502,0.04875219824900601,937,218.0,0.1852538699783797,1
132.95296044332628,-14.794333722534276,149.86441225124426,0.28770885164695026,0.3373538445987095,-0.17808136470198932,366,-84.0,0.15033427178527856,1
513.8507711966514,-167.38472944153466,577.2023624584056,3.016624156991355,3.020373439834101,0.06576429552253238,985,144.0,0.0760337060292523,1
178.41822086554515,13.775778584673816,157.6884235489047,0.48779678983114044,0.4768475079235506,-0.034626486876377205,388,-94.0,0.15112618269322156,1
100.29882964577341,-6.21190884386111,105.72970651533304,0.25943340417852634,0.34321040530092645,-0.047994920683740006,591,127.0,0.22783146799957302,1
123.25715219649241,-74.8238636610998,173.96176978797388,0.4416927176542057,0.5139683929119301,-0.44492144596962013,617,390.0,0.36996790250891753,1
586.6320322051439,-58.55963748683314,670.0749512511384,2.75892795962846,2.9036835882010594,-0.15680615897711148,1310,-9.0,0.11250596785968768,1
137.97975094374297,-42.14137821781395,159.63092210197058,0.24158516195201415,0.45426631715319593,-0.42562464145727985,572,-84.0,0.28168672643839376,1
642.4798914555951,27.403811900875894,604.1883617321079,2.595862384800084,2.5549879052490634,-0.07658017628982572,1119,180.0,0.1017056841364719,1
92.61655845473854,1.5275755384932381,95.58983580310289,0.4949882238641762,0.29998606463039945,0.20910369312060323,400,23.0,0.3006131735029071,1
225.7464375104862,-422.37899335235306,514.4165317985469,0.4074157887079178,0.612455308957249,-0.16215882546356658,568,144.0,0.30922101697519416,1
169.47308874668593,51.240698840116266,159.39070988910964,0.3581391642177018,0.5329447145682253,-0.19515728145775119,459,-78.0,0.1128884844102115,1
78.96828103132526,-76.54321470491428,71.5945634481867,0.40110188767808325,1.0954359045255084,-2.355076842810837,318,283.0,0.8183361341609071,1
90.89468466167087,-6.476308859698264,107.87045959718012,0.1719807595075696,0.3261114882873129,-0.13936319452001636,682,60.0,0.10290565365730157,1
198.19094166050513,-9.504404658468644,234.5933541353076,0.5696614171897699,0.7192805669551465,-0.13582035750781707,416,111.0,0.12715760633278428,1
617.1637446711338,217.97442348402882,668.98834090271,1.8420929108639654,2.3133740302989443,-1.4171112574842863,101,72.0,0.6758156065534945,1
90.44399517428816,-6.9696352065881655,113.36659843234663,0.37008730238722154,0.4676892874756738,0.0030009472320765562,487,-244.0,0.23471427347217969,1
169.5262845602366,0.38512938180377887,166.4617491731657,0.2751706873989695,0.3563490643595532,-0.13892135757639362,619,177.0,0.20083342004641383,1
308.18619353097966,144.28249835057062,193.57225336205275,0.8023196402201634,0.5742343992286875,0.28016199886613236,471,-45.0,0.1449089550154002,1
637.1962418093397,42.29645684599939,513.4762270871538,3.318049632168635,3.2205580611097004,-0.19354075574985385,692,-265.0,0.29797925924089275,1
541.4873429516762,-116.92278285935902,597.9034110805443,3.0423408624564434,2.903646502581302,0.04493490889266827,948,-69.0,0.038822894436155234,1
129.77206126340815,-1.0997595735887273,155.46820264542265,0.3855605658927841,0.33465003974222574,0.08110341212562788,632,-62.0,0.2604124960975382,1
362.78764876877153,-195.56134189199872,252.20855383450424,3.7744551302868987,3.000649440525681,0.9491568181612995,44,-11.0,0.18256244162292296,1
113.84524128132166,16.167969205016703,88.34642531165139,0.5229348796794578,0.43501328406805173,-0.002165437181031793,640,107.0,0.13506955662112438,1
153.0844775503169,-18.848025293588535,173.88616470319275,0.34848669435767293,0.4101863014383717,0.05934967204679231,517,-163.0,0.44729304373598755,1
207.6406309696257,56.64262871866603,158.13525564919627,0.48670320182137145,0.5426406066299942,-0.17546118842955144,560,124.0,0.10278541232325303,1
625.8124270657612,24.85991674803836,583.2432181940337,3.1262832692135762,3.0856855877618528,0.02002297120272578,1004,126.0,0.1439851233802372,1
220.15929529617088,26.26095547685958,205.0902331816896,0.8040531809152036,0.8312740402515779,0.04615619526971437,267,-87.0,0.11798636927923875,1
120.47616932157757,1.3459353443585798,112.35387456735528,0.3741432359663318,0.37365985463792895,-0.0019189515294915083,555,128.0,0.10090547838429567,1
146.56904275435758,-224.04208639360448,342.19187532316494,0.18293899817467174,0.7030617619987127,-0.44616602901951163,422,93.0,0.4321933369951846,1
86.0965985111305,-14.144691560525288,97.00009792601632,0.22737890787221973,0.2633960948310666,0.0866444602976209,522,-446.0,0.35132408344940824,1
159.71919364532695,6.848962484611633,160.94844950628286,0.6224684928811364,0.8451310229985808,-0.007685611856643515,285,-52.0,0.5389768919977005,1
241.5605806907249,94.1846842844572,168.93473846410643,0.46611338147163395,0.342588728926561,0.09323890094743059,566,104.0,0.14040868330979908,1
132.56904252894978,-40.253561790469575,169.264388873782,0.5516165704999016,0.5774543405023843,-0.4425791656450533,466,172.0,0.3209225994104433,1
182.15058807122713,-35.61411927149257,316.51764644994427,2.896291529045928,3.290076572543538,-0.9319459727970272,14,-13.0,0.34038041910758515,1
514.1058278781768,-156.0315452348716,588.7672526271369,2.739065641051912,2.9360629101356794,-0.45902000714974145,993,215.0,0.3814882517577041,1
137.6077593133335,-219.71052791113297,214.49564326703367,0.4351310421941271,0.47617640417791807,-0.35374234188228526,527,193.0,0.21605313457031589,1
280.5638835454058,45.27973097104518,192.95455117731711,0.6060319365003919,0.43593354269662854,0.0170192118920518,602,199.0,0.366267142859756,1
121.5700888417663,-163.8235708198122,303.9940996872941,0.36569868261277433,0.6273374266672446,-0.22498041052123313,588,-133.0,0.30802949709977145,1
183.0993761229686,-4.0196104719786945,179.25646678674948,0.4037233199328668,0.4181100621272279,-0.041810238696273205,499,-12.0,0.09832265090114395,1
151.97466993801356,-25.534835120605663,153.69240574510806,0.4389770389595411,0.48366014466175467,0.05438394110172051,340,-157.0,0.4055513055058204,1
160.47692471041472,-122.33540253296161,182.15345571746303,0.3287394381811522,0.40922387037609165,-0.0026609767572164378,586,-7.0,0.14994581191745587,1
92.01797973086565,89.56848998808248,78.51861445698648,2.4064462981346577,1.8759491572285605,1.0276628046484821,32,25.0,0.8089735415172921,1
580.5921363388926,-77.3242376174693,640.6922981739524,2.9273825409113967,2.694718330593952,0.2489422212592518,964,-88.0,0.03619799279052426,1
310.15718470539537,247.67307102191646,174.4339958721834,3.8268748818646388,3.335531023777814,0.7310796268637048,19,8.0,0.19348405523813075,1
99.20160175267621,-6.279400817986314,101.03684417808627,0.2846086978667928,0.27530394829530624,0.09939373154150169,593,-156.0,0.34764332223629846,1
197.04943521724084,152.96908899495122,146.45762941355216,1.5073882137779393,1.9773586106076748,-1.3657524657351938,256,243.0,0.8837898756861795,1
48.23784821071521,-97.38918167697435,271.8642517195163,2.9219280948873627,2.922268263119579,-0.09114283421648262,10,-7.0,1.1378742871404124,1
562.8524249852954,155.85396965630167,566.6882483503675,2.9205864260960355,2.9499378802104292,-0.15447265694170254,1439,-701.0,0.34820896498029014,1
542.9135409522743,-40.508500106946144,610.4421430882425,2.8985788107996977,2.994975036996659,-0.19605514647001065,727,-233.0,0.14114597857605296,1
123.69452662387447,-21.073907926608925,156.49872358766646,0.6830279200548665,0.559225091695585,0.1989658433437112,470,14.0,0.315743424618288,1
159.06892194074382,-2.776274097425926,161.8537126910627,0.4095900245184098,0.4475008081245736,-0.021095496349508025,372,-93.0,0.4932384878828194,1
165.01081236781192,72.44209854018641,151.68178612836138,1.181696894190426,1.044117868781522,0.6350540599564464,182,-79.0,0.6154487548877521,1
648.5732513314629,174.88952802843204,569.3832882494756,3.2386063375773535,3.1443939934727676,-0.8826774413566429,192,72.0,0.269147185884015,1
189.70978169767218,29.699929167491604,121.01006508401755,0.8042382410422176,1.9777945383528261,-0.13344355260407492,312,-100.0,0.9790633058663324,1
238.92858096961197,-20.252572981039407,252.75558355464122,0.24100807610601155,0.4494250225488253,-0.2717501528433642,339,192.0,0.3860148148872552,1
49.36121103075826,-53.768934865417414,94.10745740919738,0.27461746003461995,0.39397928903438445,-0.18780634883831304,302,-185.0,0.26843518062118793,1
202.3525728630929,90.50893027080163,244.6277459684953,0.3156606807164514,0.4274222160457894,-0.06920375069508738,596,86.0,0.22482759428977342,1
646.3084916145402,-459.77714156612353,670.5935594827566,1.808246813181088,2.1354257892603092,-0.9691450214027777,219,84.0,0.5441253609987431,1
109.3031263829562,4.872906662416469,113.70718134031763,0.12171147302030796,0.3320966924061421,-0.39188512706023704,777,428.0,0.2739212851133214,1
303.7120855582264,-227.28146753212155,355.4961198798493,0.8957114664934137,1.107019146285339,-0.38940893584122904,285,-81.0,0.14276562917238736,1
643.0257193160236,55.21521138146704,604.8769965856648,3.153960388811585,3.04376936491438,0.2902641972183062,668,-75.0,0.3372788468634493,1
563.6669402236872,30.923375105147443,375.4443601541968,3.453670327479668,2.6408198854268923,0.6876143767255201,42,-65.0,0.5196165439890074,1
129.52971764260505,-108.62928386689069,155.39847965643384,1.7817909638866904,2.277796078977077,-1.700308797588856,414,334.0,0.808676535521344,1
437.34537107424984,171.2050805423475,275.4445268399163,0.40295667999288165,0.4793970483715119,-0.022821883382783348,644,143.0,0.2640268503824263,1
613.1772177497965,-125.9552335967877,644.7317957201524,2.7237294671831016,2.873879509014664,-0.2197358765141666,1282,139.0,0.3276032272103747,1
160.5101743303111,37.507445006054965,178.8960363987926,0.6884874911465617,0.5095436271021467,0.29494226114454675,376,-82.0,0.17267383479901666,1
176.22833350650632,17.648046453697617,160.90672900048312,0.33214391510594243,0.3697517622606039,-0.2035468233788963,621,23.0,0.02918116297928285,1
201.07441076768703,-2.9441896375082877,204.51744717481543,0.5270612307735815,0.8498707290751737,-0.06529545667801528,356,26.0,0.05256569196083269,1
145.4264153204095,37.97555707322144,141.57924038467826,0.28683537432781686,0.32183322555442306,-0.0337759746088348,417,50.0,0.2528684817455101,1
257.53700431928223,27.617659057854127,325.22288861113316,3.491729296672175,3.0423783599552605,0.2518345189555862,32,6.0,0.7078646863658552,1
108.86844778207768,-459.67366832795045,450.5455323749335,0.24794428366806712,0.5238330464971628,-0.4515687968031482,647,44.0,0.2093175764273906,1
148.23104138847378,-19.20303547531546,186.37732519547845,0.3847051759441162,0.4949274573930141,-0.07855961908449832,493,77.0,0.10833770188094632,1
206.63968518922303,-32.746143638392084,267.38029593215043,0.4751188325985257,0.5563449678728769,-0.028880539681839568,589,-49.0,0.251528366274818,1
277.9292677700922,27.360515355308735,300.1604873906816,0.3014649160041186,0.5197290512738091,-0.12351514590496943,664,72.0,0.1724116570508571,1
190.09016691002248,-25.9283710091446,200.66924055346985,0.2970143706110939,0.5291475608614088,-0.29188861292870416,370,71.0,0.09946946717472241,1
210.05744979434954,11.711158361426413,205.31216525329518,0.9769858182755435,0.7838389064255507,0.23083159873938786,306,-36.0,0.04611416605180268,1
301.9036308417931,107.89623160558486,188.99814604962057,0.8218129872288923,0.48358478323172865,0.18499300404531338,426,-76.0,0.16553851306249373,1
349.2005854646995,299.50754843742493,200.57787187160196,2.626769662478251,3.0045598040088652,-0.5830974594257858,30,4.0,0.21913284471202288,1
213.36889906570573,6.812307858136393,209.28548023305316,0.8539115677951113,0.797478297970453,-0.09147315816528012,299,-14.0,0.03608711918967276,1
633.6896547666101,114.66495149783987,590.4704234878152,3.0726125260425468,3.0448210442281423,0.10781245352658875,1082,44.0,0.07071446005892987,1
570.1140181278091,-23.283066404026727,601.4231489893782,3.093608481405156,3.0281039573213646,0.16437592244984023,667,-360.0,0.16626766958811404,1
198.0556672432384,30.583055312440678,184.47723663525957,0.6753831636407178,0.5715150576234709,0.1368152292718463,682,231.0,0.5127138410121792,1
137.98955207085882,-84.68856766016361,164.9331081547858,0.40174854253214953,0.7369988445248488,-0.9307896624997151,660,571.0,0.7932186047268709,1
71.58191606541595,-96.698523976371,177.7557993366122,1.1403635483131647,1.4577038835341773,-0.27535091791304755,310,-158.0,0.7163378722163245,1
158.95269186837464,12.35491035152043,177.67705948435412,0.8796594530705549,0.5551502121319472,0.48397719316562926,271,-238.0,0.2715061249290757,1
183.73395042967687,39.96772633262293,170.44540272829892,0.4041050663313097,0.42418604117707026,-0.009315329962272467,441,-75.0,0.11174558618382137,1
962.4692898211866,88.16188616172428,957.903762778876,1.8199849243779558,1.601746694296957,0.747400244553382,82,2.0,0.40416476288053804,1
935.5935816286676,735.7631071600072,433.5347535451209,0.9767819681703542,0.6485743367546349,0.5752733725327499,162,-242.0,0.3871271077079539,1
670.6996774002677,104.38777269936418,571.1926673384312,2.451884749960459,2.596469648353472,-0.06029276647852111,910,142.0,0.2754470228926281,1
150.1971414211615,-40.60501386262325,169.72214916773513,0.9679494089302014,1.7725719876109836,-0.9133371408289739,148,-12.0,1.3647198892331118,1
172.33561097983025,-92.42512890256708,188.34545712262653,0.16049827848473086,0.6028575093232871,-1.4252667552197007,945,862.0,0.7067319138318282,1
208.5611511578578,44.40418751932879,217.57827099474486,0.7886834215179016,1.4941052572957312,-0.1430347548191634,324,-32.0,0.7832877547172935,1
572.0126522260751,-58.15028384037976,607.0935727458012,2.75508832793076,2.649996834915288,0.08951484132798093,1132,117.0,0.07281035077114356,1
148.49906941700306,22.905791279912563,147.00836455540514,0.38834104355840615,0.41901966878580293,-0.04788762825972398,518,-371.0,0.2610819413723076,1
734.1031515792764,418.8899333487866,330.98653205799826,0.7985758166675919,0.5777334484482372,0.24493357737326416,374,-165.0,0.2872271393558232,1
214.22535215991638,-69.76131453821819,257.1792275728207,0.3198066290632299,0.5735756708912628,-0.3712034155684878,249,126.0,0.3804119216144614,1
142.3265420244219,-56.59735943745946,182.0818565933217,0.5666045193493179,0.6050808195932507,-0.14673483861051373,430,-159.0,0.3624577185235422,1
140.4653834585761,-4.128892420205318,131.9030311288571,1.4163365709416107,1.4039925689304327,-0.3328802833429412,442,293.0,0.5096865285454841,1
664.6603560796938,58.22041928933925,585.3638135051181,3.1076526611441126,3.0580351085945034,-0.043370652481236505,1155,-104.0,0.13039993834549812,1
186.48566107267948,-1.8161983569350184,167.14252992072113,2.7170218858797184,1.6937426228968924,1.1608290876707557,28,-64.0,0.9352597512656048,1
199.5051208020392,-13.274567488680873,203.62538238111057,0.3266303407157691,0.4607875192327121,-0.06995066308967107,323,11.0,0.16202366193262227,1
313.2740688643097,234.62942758378387,130.31579510874764,0.5606269473149595,1.0544077929059845,0.24242653821736637,464,-159.0,0.736725310021223,1
185.7176232705945,-22.22164995544017,211.15431665589148,0.5653037173585951,0.618921861284478,-0.14519365516760308,540,55.0,0.25493044039536056,1
42.95740731207141,-473.5380720940059,322.4213921727719,3.0271691184406184,1.70500036677756,-0.14275588300169417,11,2.0,0.9806628870643576,1
574.8801486926036,-78.13498079125657,627.2323649834917,2.8902529248248157,2.9983716337867117,-0.3582316633112823,863,-65.0,0.15094348254466508,1
163.19484450188534,-787.1739850302554,356.711231620072,0.299052924859435,0.3789731448168223,-0.038137363408316916,635,120.0,0.13697923816162091,1
366.7195312470883,51.85904311920808,318.68059190922474,1.2651039964493371,0.8454064159102591,0.5962513624994802,98,14.0,0.1796525727970377,1
214.89269986539892,-2.8683248982989937,213.51885144126248,0.5248040927009113,0.4460202581720881,-0.02564380597825766,271,-25.0,0.04530924833544794,1
149.8375231848084,5.47921776859738,196.8420796354245,0.9323712178956666,0.6319412230416067,0.5438171077165666,294,-303.0,0.24786880670613357,1
158.4801627216127,-191.7212836164077,211.76361595416307,0.4699458231932236,0.512685985980919,0.09038836104505599,597,17.0,0.13106695016641914,1
176.92107107423902,-11.82807019424655,172.2056523291139,0.5529506810752919,0.5311518658769788,0.21647066105868923,496,2.0,0.07407640631942493,1
188.3599801379495,-183.36757517928748,324.54435359896354,0.696362626559413,1.0658558716893194,-0.7060143613952925,421,-7.0,0.14022285186648123,1
157.0224907178199,-22.41516752933353,203.8240714764353,0.4212851342307109,0.7057552149935996,-0.07653809265708622,626,26.0,0.4937536589363576,1
221.42921968772276,-15.596136272768916,199.60777227013347,1.64502030087487,1.1347376579725288,0.05652586819706018,318,119.0,0.40037965801300923,1
140.3780464656443,-52.059315202317805,175.72881667669276,0.21868119395878818,0.29830479964342416,0.06328264361999034,740,33.0,0.2108196216632536,1
126.61995616056466,-2.7855020314762697,309.55611531050556,0.9880723914134308,1.3515044799021847,-0.32250360732050054,987,9.0,0.32309589723703297,1
231.53490470833697,-26.002099610945265,231.39496917854876,3.377278130987436,3.019680816222248,-0.11445116568473912,23,-9.0,0.26118669569899167,1
83.17443938426904,-6.931571082974386,93.94643892237329,0.5217128178534007,0.28842039572761224,0.3612852924147407,323,-184.0,0.33628848911458226,1
99.89450309425546,-10.766943441014064,109.70403689872091,0.24520811396769446,0.29378012566605377,-0.04941329064839725,628,-131.0,0.12275837684380798,1
481.26788659805925,-470.2620247427816,425.6825340942775,2.8926216247399896,3.2336927345685327,1.1176787076116317,37,-95.0,0.8745296267561253,1
92.62712582594533,-11.17931236817607,106.80214088605348,0.373804475979561,0.32799224045276554,0.1802831033987055,504,9.0,0.1722409498038555,1
135.07591988297324,-423.3961940500469,237.67745386780408,3.010599664958788,2.9309032251786937,0.5149967412297749,22,8.0,0.2170055477625856,1
121.45885868065704,15.42905725851044,109.21135855232156,0.3376699636574196,0.34587324422237054,0.16553921912974326,541,-344.0,0.3698969743017508,1
559.9793693480256,-3.921995399885077,408.3804683121292,1.0150481101278186,0.7302415256490125,0.39147320506268435,405,-102.0,0.1869107323028191,1
105.99838962482514,13.519992007256874,96.76020643168353,0.31730041343386584,0.24198087448582944,0.13563510898742573,633,-76.0,0.2395047810127392,1
205.90671573272712,1.7072440691594863,194.13691873186235,0.7816433775400149,0.7012945232770642,0.23955250793116623,338,-44.0,0.19790176833532577,1
179.23127412756463,0.5404559087695304,172.59716840644478,0.9540211004868164,0.8013914711973872,0.4427901334835149,310,35.0,0.532207112850742,1
585.877407866284,0.9199439431146175,598.8757397649038,2.9219286950089187,2.9925243639069317,-0.06930311154416469,878,-133.0,0.12921511294967172,1
162.98552205640843,14.597797160408476,156.1849213371612,0.7684474595922397,0.49979690796320886,0.43803285345476345,200,-145.0,0.3901289276924772,1
407.67231732847915,-321.3149351431384,434.162070496939,2.3467435042102225,2.2842420783266872,0.12435790393516077,192,30.0,0.5494976599035715,1
123.08553768325855,8.04550767282656,119.30010705179782,1.937434188848023,2.3018045002840344,-0.1806588910965301,22,-5.0,0.42254871770560604,1
154.02563012861341,-30.891040151502324,172.91217866618075,0.6218034102166158,0.5216847332265788,0.050316780602565614,402,-25.0,0.4274985041292551,1
224.0942401188998,-302.8653553197956,602.2282597884093,3.160938956105907,2.888767182125197,0.1992517638969229,118,-35.0,0.22046186653370092,1
181.2327939177019,-121.58474663022983,230.4739352611504,0.616472125772834,0.6400098525489122,0.02288381317137822,592,16.0,0.14631008574950624,1
154.64135720124972,-10.569824757387835,153.87998355071514,0.6484975848497504,0.29274943147711807,0.5065773528379275,207,-308.0,0.3695032899481557,1
152.00575251297957,-23.064126199214996,159.80626911983384,0.8819474624966561,0.7343804261040763,0.6325807325946504,272,-123.0,0.30777089070386726,1
671.3852922674105,-27.87662021076585,698.5628060215272,2.9367174262250324,3.3581718933363254,-0.32487719387781633,291,25.0,0.21804166006749343,1
116.14278709938773,-165.13091509384677,162.94351484205424,0.6418846950621766,0.5174854904155224,0.08491819412060264,618,230.0,0.3507159187161787,1
147.21247387831627,83.96889712936888,92.36274678128241,1.4832261969709113,1.7486327328909603,-0.5167738030290887,19,11.0,0.3649903798375517,1
48.27667656867759,-47.18297477494173,75.67917785813219,2.62380065504813,2.5879533154433134,0.05660812977184104,5102,105.0,0.06259341834453293,1
239.8136197384352,92.87561262199387,162.01745569032042,0.6437862790039455,0.4826658990342441,0.38155315317059296,349,-223.0,0.2103779532657897,1
512.789704773719,-149.74721694258733,577.476043556265,3.0066582233346115,2.96833077096534,0.2805599659071589,1179,121.0,0.14825446031193462,1
117.95811866899976,-42.60851751591693,148.1846712014647,0.4178890083390984,0.38493698380201735,0.02410680063518844,191,-291.0,0.3901568025052419,1
213.67996156292938,68.34689869652524,182.81318089696367,0.6682658366328409,0.48416838138076057,0.09762101946923196,230,-95.0,0.3914189109477484,1
207.2918345275449,7.030315505010492,199.34782379950437,0.6020725099087492,0.5328010725867282,0.17795932712833612,281,-141.0,0.2777403016278376,1
94.52606594772045,-6.096376415790573,95.20892132064486,0.33739665016628195,0.3589392884229919,0.24359065401981528,566,156.0,0.25374705864109437,1
1030.2152321739252,506.9819881995003,669.6861868646359,1.663061795433113,2.242703680539137,-1.5244715040568888,126,26.0,0.253593021463954,1
105.30019128178502,-30.056275703193975,117.35263265503995,0.3755464170781744,0.2991835203679972,-0.16177709683261587,687,109.0,0.22683143546761234,1
81.99365108826089,-27.02583064101043,97.8134301486639,0.4759116465035958,0.3702103521272892,0.2357313536891472,421,-186.0,0.28249442026058535,1
109.86478978194943,2.4224073921880773,111.37500044534913,0.2209424101524738,0.24952982229701642,-0.07069721634732584,565,7.0,0.06992178340139873,1
139.79291011822363,-20.034561755458157,193.0768114937794,0.5607853239991228,0.6637936888113568,0.0669919318100412,481,-39.0,0.2642577200079562,1
181.0594875148199,-63.431111611658764,188.50934866428858,0.341958385177913,0.6669179526789367,-1.1517102239335566,714,616.0,0.5073132325917304,1
559.9544717564775,18.927212040546465,585.288863776265,3.0365637316094354,3.039880962300237,-0.2229331434830102,991,303.0,0.17505826167017893,1
212.50922161086297,6.781772896775209,207.2761609052342,0.43550347302898335,0.37890832828676696,0.17237041059834035,301,-35.0,0.07974312035484574,1
105.99640157852225,-2.3830682051540037,114.47236491229137,0.3146005436611235,0.4248672903245466,0.10524121996177654,603,-58.0,0.33485020484052225,1
771.4416805753533,627.0571676699712,246.02041250562002,2.676737030052133,2.9268425769692317,-0.10951795011322218,22,-19.0,0.4320091768425077,1
67.83229060232657,-14.66829944642295,52.34841158812249,2.603095174851287,2.5425808642367027,-0.01499888835047214,5335,-820.0,0.09488454415044392,1
74.23384141106203,-73.96874399046169,105.03373966311844,0.36544187688595753,0.5622467607128881,-0.32088175080907344,613,279.0,0.3090220690568257,1
351.51226511249905,187.22867709951421,208.5231917153389,0.8069059487410198,0.602501340304038,0.4629488610783295,467,-29.0,0.22633160283384463,1
132.00494268454045,-803.5886389441272,429.3184866308795,0.23745007415583047,0.5995332309720726,-0.7393318940145237,715,553.0,0.4518415475973264,1
618.5959889733823,52.53117828612699,616.1996477578199,2.780494656965776,2.588256699536513,0.4130943044659725,881,22.0,0.07989576787622733,1
294.65663602597704,22.699374258173407,244.03862173888757,0.88246892552796,0.7028818718587548,0.1460155211820593,439,-40.0,0.10224065395947446,1
184.91667028011574,19.48150096250822,177.35875737468055,0.5714866296140502,0.47405923956656404,0.23219927385240519,427,-260.0,0.468731843368581,1
218.6624491454832,73.12900488459348,181.30282325321613,1.2149740135627844,1.8337265373524256,-1.260949142311007,427,363.0,1.008035549549378,1
92.84342573022202,20.785354350469362,434.4772066517065,3.5883543471732335,2.222393545779605,0.39305841267701647,23,4.0,0.5681941848666786,1
231.9354837725973,96.67438541522708,182.04093352001212,0.43101575834853634,0.5196434770266187,0.17311867031229522,507,-223.0,0.25920408812856727,1
162.01973640056582,20.37486478507165,158.44236257214905,0.3639666565665298,0.4230650834487827,-0.07100988560543137,451,-23.0,0.09457660936762755,1
106.21389412100389,99.50112833559204,82.93810830462806,1.634928830068002,1.868339370458314,-0.886711806275317,23,16.0,0.5130654313142766,1
148.37919790150843,-95.26478625711835,218.19579489713797,0.8829779436789786,0.7342871438712052,0.30307149993248594,289,-129.0,0.41659521104062014,1
68.49857357651078,-111.75066751189965,138.3945291910493,1.1136629590952623,1.6429484476189926,0.6359565294816618,177,-714.0,1.0881482775023872,1
135.44556066509938,41.21808809181549,148.95280074004685,1.4615581448115145,0.8170181333316444,0.9444334142528982,102,-272.0,0.5571151810395795,1
55.387549252922334,-7.542918465926064,55.94108722356175,2.896291529045928,2.6024151229290915,-0.7200570370292358,14,-5.0,0.473755648490546,1
672.3050697009223,35.14679796083817,710.418153065958,4.073363215533991,3.4149487386830826,0.7501900771788526,130,-41.0,0.20979051662126807,1
110.75780374496941,22.94055782394966,101.79005494337098,0.5244565734371812,0.2692817221245873,0.2812938418340891,413,-151.0,0.21702509194201527,1
152.8057425222972,14.65689070734578,154.71084081482155,0.26036415759441817,0.4278536477195683,-0.1482666380437283,517,-117.0,0.12160919493791886,1
465.48157350630385,-210.1064257219793,570.6464452780214,2.9933635984134006,3.1190811272358543,-0.226708932607818,1551,619.0,0.2797212444651943,1
125.84568119921249,26.57855010189013,104.21791036659059,0.3780824435712026,0.3569975259194126,0.1578740710051118,587,41.0,0.21922068789777394,1
155.2815078791821,3.860535720144725,175.99786326869776,0.3254069646904403,0.346391040622295,-0.14928461711687652,632,186.0,0.26207040985854446,1
116.59895449284389,-18.075113693608273,109.41673238471033,0.3553240818635349,0.4271034266764624,-0.09803262173306343,559,-2.0,0.33605377986965573,1
186.57603375580246,11.168300674022731,188.24224680822707,0.8821834205264597,0.6669859036171354,0.4086485714458903,167,-208.0,0.6394636863945774,1
224.71175186456026,-18.95932559209828,280.9248092775519,0.5653846623924509,0.4628259258620829,-0.005666425691345012,368,68.0,0.0889834948453846,1
120.14550333754529,22.880928239220324,131.23436867238388,1.1602926818395447,1.2813246990886875,0.0681338614445095,53,-215.0,0.7653376883617763,1
134.61622825280477,-53.73955633363363,152.61651031177783,0.49980678706304565,0.45446336434448426,0.06971676686001538,621,150.0,0.21399504146486958,1
691.8277874586998,638.3761216426338,544.5161068362511,1.4056390622295665,1.8983430828740118,1.1388740744265404,8,-36.0,0.9523673081086135,1
90.444424404256,-984.1972433314419,643.6924916268447,2.294274067192862,2.2113194463906547,0.22714337885745506,19,-44.0,0.6211683870345738,1
134.30827275701276,-25.291019402074653,150.2168172857976,0.34024257121798235,0.36268720832464063,-0.022870439376675544,428,-75.0,0.16724761509429023,1
139.06545370156869,87.44886334536635,149.47301020203258,0.61002898414685,1.163366633718574,-1.5294293368080258,484,434.0,0.7245610550319129,1
119.69990111328669,-3.779571089187769,213.9176407026056,1.7884504573082896,2.1727939159307157,-0.41974613496879787,14,-5.0,1.3226766256501847,1
156.51222508053664,12.855301285985718,149.42110275146462,0.6033615509659181,0.4390023096978057,-0.03308371829593815,426,-50.0,0.12270824416760119,1
163.41977920280604,-27.3818518505135,154.61530191154998,2.039966768441327,0.9841585286882399,1.2957050386172355,28,-383.0,0.6837729671314394,1
176.36947143194706,13.638500566567075,194.6625254189536,0.4260832492609553,0.463729954181528,-0.06958389177128438,434,-100.0,0.08223019929473277,1
151.7219506629132,15.755524059660104,112.27029826883525,0.23748576454719214,0.7584108118539961,-0.687130491453642,345,64.0,0.6645132391322127,1
107.82009099738467,-350.8064383751853,300.14315233507574,3.5013978254341027,3.270505974031001,-0.03614858298846135,23,-8.0,0.2911545371163202,1
518.5433952248208,-126.74945834546781,588.7586340817456,3.2062248368203354,3.323799264322799,-0.28410793933715306,1001,17.0,0.1471623408397271,1
204.76225593003605,108.28696066334163,139.93276551512287,1.5655265337950581,1.158730370850573,0.9173019165091141,181,-573.0,0.5616007985267777,1
174.42872058794316,-6.804073329758751,233.76399369960845,0.34335833944448574,0.6155153060548068,-0.2731137863283482,551,-41.0,0.14306084617836964,1
650.7889523827138,57.743255288377554,566.3599245405433,2.9703100860706515,3.029110497135325,-0.13852365064790284,822,23.0,0.27935732070520597,1
376.6364611782679,219.19438877036058,213.06201978154272,0.6872027563440405,0.661098061400955,-0.12724975275667716,480,19.0,0.059826983138317046,1
197.74785541438285,100.57448857376909,317.50049869598683,1.6487311268881424,1.721096699193422,0.2092341399666291,45,23.0,0.8803905055788823,1
108.07200936329977,11.80574183471235,329.8135397072041,0.19426889799054556,0.5639259900763556,-0.19167997464410955,608,79.0,0.277882051033244,1
102.24036684139314,-105.49899383758036,179.15689649263612,3.6869636486080277,1.6503399621251862,2.028956912203078,31,-131.0,0.5821080257065452,1
215.58759482390715,-15.828527546463079,232.3740812059562,0.30831516302943285,0.36300668354626026,-0.1483872756657088,297,18.0,0.30509105601901304,1
172.33191820321653,0.6143207344836412,158.00211623222415,0.43441748559215326,0.5048468891628141,-0.2803344963388396,590,164.0,0.1330757459904654,1
92.16675947193269,-5.451426175528169,87.91325544584323,0.22957427011393675,0.44683765872729264,-0.2793660946139128,425,46.0,0.21650168618836144,1
155.52304319804693,-219.46275379258026,213.87745880739703,0.41722167360556667,0.6048277505641776,-0.8749449295685077,479,225.0,0.3510988994542985,1
191.78808395351837,7.061886290709367,193.43412665997874,1.3456656348441263,0.7562372198704344,0.9826169024429172,97,-452.0,0.5867223977082905,1
164.83912726749205,25.618584178502914,166.38906543669893,0.5193688648680238,0.4709671909177727,0.03881032089927605,313,-112.0,0.22496248980124137,1
298.6156685605897,136.34986796891113,235.9053696742104,0.41340365528924883,0.468419663156013,0.14268558994713565,707,68.0,0.24480655339876628,1
117.47206983001844,32.09473737051263,108.33173978592686,0.28730341451628294,0.4215202581628995,-0.2316735124365853,481,90.0,0.23792106605734575,1
147.3885309229285,-34.58162319572395,199.78594432129742,1.3245437185576978,0.7328700518489825,0.9919506294337692,210,-347.0,0.4358913894343248,1
87.06251834651427,-17.322990866351702,205.48687433435617,0.5962977603181281,0.5002354352672851,0.10841798057076157,458,91.0,0.19578260990964172,1
112.45530166480184,34.02272852366458,135.10523111959773,0.5228115337073457,0.3973102088455264,0.09540780648268937,582,250.0,0.2384927988643922,1
151.2896953669629,7.7183026378313,184.85956946281667,0.346522569706343,0.3148000847226279,0.06976184832053478,627,161.0,0.10712534097643019,1
586.9000064339148,-93.10311211720659,613.9059631235541,2.7279364267792383,2.9743222937600913,-0.4132075559989703,1003,-148.0,0.13593387077008032,1
199.87356161601153,18.40967093413755,171.13964699241296,0.4598768027913046,0.5822139658193745,0.10056203775221839,245,-480.0,0.9484659836664924,1
64.66339708949948,-38.218706527454955,94.86654616298993,0.183782284611495,0.2790788162060506,0.02665257002566443,381,-341.0,0.32392885732793886,1
442.0557091081636,-108.65750023268907,542.7865460399673,3.0266477286077667,2.9106987676206346,0.13262913576189472,1642,672.0,0.2440239841789096,1
67.53266977991694,-32.381514865634486,95.14527691745664,0.3401141504811973,0.3745607507843153,-0.002871879845976699,440,-122.0,0.51221143275789,1
135.41346747204656,-100.86325470633344,169.70845026795672,0.4206759299362897,0.4604576196460819,0.0822721476587257,610,-30.0,0.36648109388487243,1
419.6622151672582,182.00453011864133,271.27656526637884,0.7668620092246141,0.5791810038596964,0.0393017484973649,347,69.0,0.25820520230802513,1
521.7719007265284,-72.50669706701547,529.6588183740905,2.788179131651019,2.9703543646801185,-0.14173451390108838,1427,-416.0,0.5225926317421008,1
1106.0856331806638,395.83601784823304,584.763514409011,2.7773918345838657,1.9671243540531083,0.507011894122082,135,54.0,0.6844600583058205,1
194.32972609880514,-174.54427317974253,213.8351598786283,0.23357238174442563,1.0627072288548534,-3.344247149370358,542,526.0,0.5454573107539722,1
303.88938630470545,58.86754367170818,229.94868667435193,0.6187112212669159,0.43299440511071163,0.04031314579643186,425,-104.0,0.12770893022197027,1
194.6238500016607,30.892785244049946,165.26469653746702,0.571338385747661,0.49846689971653985,0.1681660350917858,507,-21.0,0.08443882434567468,1
262.9594550637723,-36.605047093258406,237.55511604742856,2.0188799847407832,1.5234367094221626,0.5102045884799271,164,-70.0,0.5585023102541091,1
109.34341278658867,22.115466670916504,102.7476056428768,0.40188350906610854,0.323995425675092,0.13324111728754595,428,-116.0,0.30246220269213697,1
203.9717015641337,-6.2246054686835635,205.22819692256985,0.7353562153321106,0.7631315375287391,0.10538028513315612,305,-15.0,0.05653864492564724,1
195.8462802793474,-13.44425810489227,201.91361310374018,0.2646976198392125,0.4456535786553813,-0.36520630104116114,347,48.0,0.09401098595388468,1
74.7886400432746,51.3461249843622,39.833082532117444,2.909682847422865,1.4251661301863887,2.282473483950013,33,-151.0,0.9063079955717025,1
952.740371006145,888.946184555873,366.296468433576,1.4284293689313257,2.521906971581749,-1.0256114278033548,83,57.0,0.7874330136675062,1
168.40842851941653,51.06754512531968,173.21641973429243,0.4401880792508538,0.5428423264768938,-0.1997663481666383,406,-183.0,0.22441425796637615,1
150.7430102228454,-20.82050386342661,177.8874001342534,0.9081125287960303,0.8208881834636322,0.287772670230259,289,-228.0,0.28929726916140885,1
216.59231780029052,-8.402277676282864,195.20712322257177,0.6768552133976351,1.1072811930566862,-0.32316400045922045,280,7.0,0.2732966285348889,1
416.8736547661196,-1401.1614957724364,564.6318695004295,0.8332462933121912,1.9080460540624102,-2.3766220655895496,458,426.0,1.0058766045288388,1
139.89348056213385,2.0750220741649628,182.99299347146734,0.3166906667192558,0.37915370951123667,0.10405584260045328,298,-202.0,0.29120189623411463,1
175.2969175259116,30.120220733766814,157.79735249302843,0.788167890591054,0.5492550951023423,0.28594615661045986,406,-35.0,0.11626709008210326,1
145.17669679214478,0.19256820813362197,157.98363568914738,0.5022217339805941,0.45805030000531993,-0.05014936286559479,441,23.0,0.16200555254796295,1
428.72991601712073,15.13372113183118,318.4554402985455,1.2275440091187861,0.8383517831719125,0.023653833345782083,269,-17.0,0.3838760916130965,1
184.54376077259414,42.26943711959467,186.31026610719442,0.3463907610601079,0.5326719114667199,-0.05122037793638662,536,-91.0,0.22012152006243502,1
173.69553031685786,-12.792362970851428,195.38652972386404,0.26136327844369445,0.972751261886771,-0.5531197136531936,709,494.0,0.8686186222107336,1
492.0398182457141,-58.98101435431437,535.6478224232344,3.121530863410399,3.003191928663933,0.06172591565835939,777,-48.0,0.36066085624758776,1
62.9304677188484,2.064056620443722,57.90063225511996,3.616348566075164,2.5710509312793564,1.9968779952779119,19,-6.0,0.48364263098990695,1
194.2349656047528,46.87106715905105,337.3113902588126,0.48366609735362526,0.4673575918486857,0.2905393543318558,545,-152.0,0.15759647024067694,1
531.2979116935982,-97.04532294008015,615.4126589050022,2.3295132474331117,2.5169038428289143,-0.5078628888194703,793,-80.0,0.1029388060849024,1
177.8884448825084,52.45719847822478,146.41553763892273,0.24797952057943287,0.43003325545502724,-0.10270317284468047,369,-90.0,0.23568319134168939,1
194.0803118523095,-11.383122158024491,203.1257860555612,0.7492732737855383,0.8115881272474239,-0.09926109190730448,354,42.0,0.08030449596539954,1
195.03613417261434,42.89024392859244,165.9590180216191,0.3420808902894319,0.31732087564851724,-0.006981715848451642,437,-31.0,0.1675240316764276,1
213.2802683170011,105.92099827006966,217.2590988884418,0.4481679251954672,0.5157012459793199,0.14162457742844337,278,-310.0,0.47963543566183886,1
238.0292316858034,18.918521327019846,227.67413197955557,0.42170373267288414,0.5228092803457048,-0.24094326769989333,253,-60.0,0.10832095890880489,1
82.0577243562952,21.128168035438428,75.79834170743432,2.448884762906996,2.530180639739215,-0.026994281987274604,5414,-543.0,0.10827104062818838,1
192.65196730924296,-26.2424081324298,180.82330204458668,1.8950228541868326,2.0631897819305145,-0.18242343521618953,49,-1.0,1.0341432640676191,1
784.8822820017111,7.935288615068089,793.7451899048984,1.7883126091708414,2.021831635635431,0.10284933884932079,106,-24.0,0.3866251877520153,1
162.91404097183792,13.07651778702953,153.1533167387929,0.20223091830611917,0.4992611849966953,-0.7301402995895474,786,492.0,0.338209814667546,1
116.25144415011012,-187.90431161877052,415.0457538776075,0.5453405576570077,0.8225301408849951,-0.3210859501431603,489,41.0,0.2322924503546945,1
174.340488833526,-25.21301184446523,183.66084089943257,0.4802636395346929,0.7019496072468999,-0.2015471243636479,340,-154.0,0.3227934548861376,1
116.2561983243647,55.168502079520415,95.24740353763214,0.180655492153533,0.2946734162983335,-0.18451719153515195,675,307.0,0.2273176893673149,1
573.8190373475464,300.31773413138365,492.5436919458167,1.3651602957091884,1.05442725890728,0.40402434716005386,423,57.0,0.11061771522447415,1
579.9231147107819,10.44714541549638,608.8620153029149,3.153413600784369,3.117262069095786,0.08479049425045204,874,0.0,0.09617519855608944,1
383.6197118580518,255.73461853820623,281.0217903905657,1.751107307908362,1.2639223339724197,-0.19545301153711625,107,22.0,0.7327799059174994,1
739.0688989271665,59.66368661329682,630.0446968550066,2.967743374933634,3.093118546836963,-0.04411795732403201,1278,-489.0,0.26078433752650587,1
85.3904150769053,9.147120062568533,102.92143989136329,2.5455877790052144,2.5105144712602696,-0.05010385956114538,7052,1173.0,0.08305261951668239,1
148.80204289855897,0.9719616372339317,149.03821359486065,0.3099801567556339,0.3609259733620587,0.14386859011056363,492,-453.0,0.41704173300470254,1
375.14713609059754,124.63872404598493,224.46353798517876,0.5784041034188792,0.5054008920691979,0.16194211591627833,506,-207.0,0.22601224745522275,1
112.63787573754516,30.64422464928427,99.74201659132683,0.14573484602546652,0.3297108218503576,-0.33017680047812925,750,329.0,0.3060425854534977,1
185.30687888689005,30.44825992947682,191.45434284592017,0.391572189371072,0.39091414273434666,0.07615509417984195,473,61.0,0.1506021621930072,1
280.69739408705635,109.7241574424329,278.30197722681027,0.6010847839312019,0.5369846955040165,0.029200795944974267,234,-290.0,0.2661166814092041,1
177.8344701272284,-10.92546662841525,170.95200879214306,1.12896053917269,0.9250998743157478,0.07801540374488991,162,-67.0,0.45894313970144757,1
149.89713327075495,-18.588786292172756,263.50586150153197,1.3531361558600932,1.387745752459644,-0.1942545455274971,471,38.0,0.20367479545990722,1
90.57569551785483,-57.200461334290736,121.41100581731796,2.5071282522740184,2.5191192815411902,-0.008791258425152826,6508,524.0,0.11083928416824067,1
102.16839179553014,-5.824368019569107,129.14825536628126,0.2253420160348002,0.3892736093289291,-0.0889781239782117,681,192.0,0.2359125950634487,1
165.28223448408136,-102.87678440639871,177.57901581169085,0.11609783307551756,0.4979966167195422,-0.7178777685052495,339,75.0,0.14538914720699123,1
612.9640259306157,14.25744281213042,594.2373489912383,3.0695448032147827,2.8030848940041926,0.2561654850831241,656,-229.0,0.14710409714689307,1
187.1189865949473,-2.484835655910814,181.76602010005038,0.44553355862914,0.6324072114006178,0.12334848767351647,511,-47.0,0.4548953164651446,1
123.97265825992655,22.97024739334465,83.51786566906046,0.29723953020805677,0.40797980237786324,-0.07545635927517869,426,-46.0,0.10338920180923522,1
208.5349122014839,3.939617297162897,201.06139798086767,0.597240549086753,0.7198768743276943,-0.23453911651615222,314,-5.0,0.04754782411104993,1
198.15591401604075,-188.68596167772426,274.6479389155652,0.8454563579749759,0.7566640985744216,0.009103481813911185,127,-242.0,0.3509208403053659,1
141.2974751661904,41.77125636720007,235.93156010023253,0.5539367735452226,0.5679020563604211,0.14814621667505845,540,-47.0,0.10744555567490457,1
67.00040082669283,5.573517128947529,97.7184169345123,1.982236717803483,2.1154697372345788,-0.20812106736479774,32,-3.0,0.1330852392678483,1
171.56043942296253,21.376183313552787,154.42572791833612,0.5130634236485251,0.6577562036961894,-0.6225755801362586,408,289.0,0.5359374624416932,1
530.993553090348,18.940745366085366,335.3901104862777,1.2851204023346428,1.0983534621202382,-0.09929967921400751,366,-5.0,0.13094284223559585,1
207.9965352603622,17.217126554888893,207.64831789303258,0.6811462956007994,0.7536730980136401,-0.09957850550912795,304,-77.0,0.16814111209238497,1
169.00994012658458,-97.19629514090661,349.68336086600056,2.7008787729198356,1.6929679142998768,0.4098488176297068,51,13.0,0.8554732760296128,1
120.41743245871605,-57.540290180766576,159.63175490752946,0.09372607839251783,0.38687412719907954,-0.21276817475959875,1193,660.0,0.6978592596889591,1
546.0540309113331,251.70291543217735,323.43042626865224,1.8060525908880065,1.6795092379166565,0.3011136161705641,228,-126.0,0.2995149807926927,1
242.18073444295808,-54.06395468650018,257.5961486579632,1.3934691335428526,1.4626414077885999,-0.530803568304463,88,11.0,0.23840911738909673,1
181.55674164892662,22.44489778877559,174.9727528032239,0.9006754801444131,0.8969034751413814,0.06748759946302352,321,8.0,0.2457026943061072,1
379.359868181621,79.40729307012134,244.53900187944072,0.9029416449938964,0.8200857517765151,0.15363419547833923,440,-101.0,0.4762535510191609,1
1074.6416677356979,177.48722639155517,646.8463855701942,2.067130688335407,2.0794503989656823,-0.35728254169060847,63,-41.0,0.5948006065704213,1
105.97780709950709,90.32378009055111,97.50594197701498,0.4705903157917299,1.814740946609168,0.06601942201346905,430,176.0,1.185914116082822,1
392.6855124155386,117.7974220547116,290.83668226422157,3.806078301025853,3.2367352031498706,1.1677829191163318,113,83.0,0.8752170536449654,1
301.4190490642283,-24.516507089374727,307.3140223264034,0.44248504702445113,0.7945589889753062,-0.5793855969767662,134,20.0,0.31144840248079314,1
177.08509907461706,74.84473223322392,165.08997352744785,0.8408316327363073,1.6473705670461924,-2.8461320158717203,234,203.0,0.5113351155868079,1
458.04410511829036,-91.72592507469284,566.4510722487406,2.9401078241061787,2.9970069177240193,-0.054593831730211484,1546,318.0,0.22312876201739443,1
94.92645646028222,-4.811053974129152,88.30124879029836,1.325784781203331,1.9068322038873398,0.07415561381550817,23,5.0,0.3297726324321692,1
607.1903454070689,531.1426629966232,182.6813535788396,2.5058051381849866,2.6666176572645286,-0.042989802510411845,45,29.0,0.5691366953167271,1
655.323997747636,96.55353613396198,596.8495225082387,3.0166889350252832,2.9584897474010248,0.20677816678046756,976,191.0,0.10521867032161639,1
215.46644523262034,-58.53551376030293,285.5257428230649,1.0614508529489162,1.1067416477695484,-0.02454983384447207,386,-37.0,0.4878127435349938,1
32.38628895523539,10.572827403130344,64.99869451287728,0.9751710806349106,0.5409637676704766,0.6988259486039614,207,-240.0,0.4141295679853182,1
191.15221633902325,-20.27092208287806,217.80169965824658,1.5047578608382381,1.267068712371189,0.6286337103813504,53,-5.0,0.47377457485730173,1
119.14308431583116,14.358687454212358,99.45482418713434,0.44478571755529916,0.33318522191664834,0.09731700701546486,440,-93.0,0.10398205200905954,1
301.1736734796424,40.88812012978724,232.18993856315197,2.985087760732172,1.4249057802416125,1.2553146993425495,48,-143.0,0.75262103621615,1
748.6572814930527,577.3392718865753,293.4083795262488,0.7132061599520386,0.5369699058956747,0.24731519404852403,262,-360.0,0.2883960874973734,1
150.1801282393735,10.988133127622945,191.54188905386223,0.510873685926678,0.5952445041419662,-0.12138478036547984,518,-104.0,0.1196238559615833,1
434.1128577112409,209.95976536140643,307.5556624702146,2.3875241897144184,2.50556150538974,-1.3819955809744005,82,43.0,0.6301590577225894,1
897.4665338249416,187.18862847676826,459.26214477429596,3.8800881538843277,3.1131481597354265,0.3653302988406737,241,-29.0,0.7146462816134082,1
205.75786522827516,27.803516320792767,151.05572370076882,1.2488554769123434,1.1402097910900861,0.6876787284349162,226,-497.0,0.7780274431196205,1
178.0753504471125,-3.4716156892434356,167.54206216248463,0.9525280098117864,0.61516414142347,0.4684703452588909,503,29.0,0.5060652823706451,1
156.9602306935882,75.30387302688662,105.97445059265586,0.3725550056778363,0.2641470242763978,0.14162879789037697,557,32.0,0.09642883134304744,1
45.19696264240292,-10.12708276282752,140.0924123284184,1.879964948727111,2.8029219489810293,-1.120035051272889,9,1.0,0.62023226074461,1
57.1599961253405,-24.95469331706208,134.60351712366975,1.7266862544888413,2.8658500296130827,-1.6204047571373026,37,7.0,0.4267536707009892,1
310.0729500859435,181.3001934970354,221.8447598787755,2.521782221599798,1.9621242926798828,0.5215201736635731,16,-38.0,1.4791048195734193,1
231.41612237037023,-7.512458599241739,250.03443950211584,0.45670243869514165,0.4250858951937569,0.2156943625891301,279,-60.0,0.3427964055659129,1
454.16590667664906,334.5178812019259,188.01955747791084,2.4740482024237833,2.193577202943003,0.42760885775276813,61,51.0,0.7499805638297204,1
213.30124677319634,-69.43511033910733,218.24146409365312,2.7464645644232903,1.3504268857330906,0.6846155745178817,32,6.0,0.8928435187175425,1
149.75134671881372,9.12065878978325,157.16192384971865,0.6685876273012367,0.5089970264001294,0.1761111094103941,586,34.0,0.1317378364143148,1
188.42338613810657,42.52693063396575,134.03591476096284,0.38546941382616945,0.35948123569358603,0.14927658285025142,400,-73.0,0.11006615100980548,1
337.9109896432976,205.3196387992611,200.06039471522345,0.6295574234753832,0.6073901693980439,0.3528688471187276,482,-90.0,0.21464466195392265,1
152.7596801193991,-165.91329680812566,194.02093765510344,0.294048532695145,0.46203866564640067,-0.08437158542809747,755,51.0,0.2442105426862695,1
602.8098101216827,261.7573661524184,356.1393923804357,1.1314750336810984,0.8576022631099878,0.2362658535263119,758,162.0,0.35339399473538796,1
301.4382848945266,-229.9236649044547,376.32474185252676,1.2238728850447764,1.5414460637077065,-0.035598650739473436,306,-150.0,0.4559690991089175,1
292.07727070964756,109.07020117406924,264.0633303442388,0.5731817425256345,2.0686629074722602,-2.8732576021453804,562,542.0,1.2933041615655716,1
896.1980854795102,308.17252558867995,755.0671500085707,1.3308537052834386,1.0193068230757325,0.1297167397802792,351,-83.0,0.1487320082203101,1
180.3137314677668,11.922293311173092,161.3703951042429,1.15237383237172,1.3427030718402169,0.6114641511703408,135,-643.0,1.1054234869495903,1
2.0,-81.21170290289702,64.2227328273992,0.0,0.7590678128054097,0.0,2,-10.0,0.7406957887523209,1
86.46851675648044,-10.533324392641774,129.97912851565638,0.527258000156144,0.41392019882017284,0.2337787600353492,370,-199.0,0.2540122250020231,1
159.27196450626818,-23.82741161670043,175.22332803857245,0.5063766152948161,0.41982073980863166,0.10265329536194934,440,-59.0,0.13209853942993074,1
212.74675607919906,-26.31021388100021,239.09026391642746,1.0322937284994578,0.7245350025385677,0.36100960123832726,105,-74.0,0.22526452948709458,1
667.6300504983752,79.93037499185778,625.9686847444433,2.518434435414727,2.6704921732029576,-0.2885785779163008,844,96.0,0.1614618176944547,1
197.9135422020996,-6.054033145136287,200.38248842686488,0.8666039351150812,0.7059945432699155,0.09043672071236286,325,-17.0,0.10428760605543781,1
248.90478263051912,-308.0884446339196,589.1095135846567,0.8019142783205886,1.5996455380423429,-0.3483622524227248,229,106.0,0.3934772403197332,1
325.15800505152504,202.15551628959818,199.90171767804594,0.7019897044360665,0.6573643260095045,-0.4256252702831068,437,279.0,0.6588230984507784,1
446.5107352961336,320.4728221288824,149.25432574798356,2.7080464976385383,2.036792927728851,0.2886645519921669,77,68.0,1.3852979070921592,1
148.87993909161142,-29.792582290239807,160.81667079732932,0.34938627359294233,0.35510917402704606,0.07675196453313488,544,22.0,0.2383345920887325,1
100.81895076489009,4.228251212874511,101.59479288554387,0.2917640798097618,0.28773902443770333,-0.05770316436457479,360,-55.0,0.24849966955720798,1
205.32424649389858,-24.677407914645357,213.28276991154985,0.6356645466150848,0.7497358155192777,-0.1308137376751617,313,71.0,0.10836737804114364,1
99.7362203644581,-62.07119592460889,150.18615345549975,1.5179132555550838,0.7117129097741473,0.7841218517618996,82,-260.0,0.5180518960575655,1
213.91452584415129,-6.682133952701008,213.14561259564283,0.6130989506148684,0.4087600276301391,0.41710418011203076,297,31.0,0.10156176842536409,1
109.67685632226646,-4.179733495168364,107.37838628717296,0.3767271088693417,0.27993841448196716,0.11432247120429306,406,-155.0,0.29710559179765456,1
243.4912590577569,41.10378610306938,258.0358536528896,1.9010374380034625,0.9404951630311068,1.2098327148378245,91,27.0,0.5785776179809903,1
107.35927004693143,-321.9522821794533,206.8140364069099,0.30654334776702385,0.5246189618400496,-0.6990701102382573,588,253.0,0.39842743488893656,1
558.2056818794077,-140.22493794837237,656.3296862224439,3.023163582734086,3.042518803683199,-0.22248142594148135,868,-95.0,0.2289855112540334,1
210.29688988768248,8.581276489244743,208.79267946042728,1.1363871352861532,2.4796304750482223,-1.4893448373497942,441,280.0,0.976630475356472,1
93.06839629951996,6.833738344386347,149.34583399282823,0.3216932598730523,0.8733290321166987,-1.5763163949624461,559,511.0,0.6274928936697747,1
419.69368836463013,71.71547341938452,279.905426126976,0.3546209555143266,0.4674414939141265,-0.2184723861140898,736,139.0,0.21964240164509594,1
138.29160857786806,19.867379136328495,131.72985464110891,0.2890340591275781,0.39752145370321235,-0.16295635332127723,565,177.0,0.14246283700353926,1
196.13885916737695,119.05371259240307,291.7660964254372,0.8536850258637563,1.3081863112786283,-1.8075412304060332,299,273.0,0.7115058845615561,1
102.21094065161951,-28.89499268113819,112.11710258646171,2.459147917027245,3.3453510168065463,-1.1617881477235263,12,-17.0,0.34709746900406135,1
176.36465715918575,-191.49440190364822,227.20683384193427,2.950048108803198,3.3201534010826967,-0.8122192818482965,49,26.0,0.48258227610052196,1
141.29555505523024,-113.60260911298354,180.95250542826867,0.5214278866046892,0.561597528396945,-0.0912381410168519,338,-143.0,0.4409236198131144,1
204.4359865352434,43.532966593746096,162.47709498815712,0.41830198026092597,0.3636852543635161,0.09731923303297801,536,372.0,0.36979283904574534,1
112.08355729629056,1.168859848214467,104.0448541021598,0.22318316311659647,0.2464474666788968,-0.047508065069034766,701,199.0,0.20638316939648557,1
219.99097453978553,21.074866857677193,210.46147088444968,0.7657691101155745,0.7939210605029625,-0.3160305666580322,289,-56.0,0.07840533485995992,1
12.309777099724348,-162.34539566141808,135.1292500584885,2.8423709931771093,1.7788666015056704,2.4747169044706228,14,-392.0,1.2263219647288528,1
106.22047182707661,5.926522704205581,99.20303440450158,0.3929447722867267,0.4285719152195814,0.05184875390716975,397,-77.0,0.10763258732504331,1
194.00739923620822,46.335282284513255,156.11274404351497,0.6368199831835789,0.3909965693506633,0.3299599922113459,502,-155.0,0.13594430230268575,1
216.2403499930038,-314.53450873010564,357.3316356008187,0.5991147211680391,1.0968652466279536,-0.611596506482878,324,101.0,0.3759139143686821,1
62.26985604323019,-300.5177927255413,240.4502073741328,3.5821930667351336,3.0039303664826607,-0.19226206355176512,23,-21.0,0.2801269455456221,1
577.8474438464727,-2.758845183827816,583.8508998338632,3.0250684879632757,3.0995238482509757,-0.14006767399407982,1034,-168.0,0.3068910476160656,1
731.6720925317884,51.13759792691724,829.2568691025414,1.9959848765937533,1.7697950411906525,0.6649960864656204,117,73.0,0.40792108456433346,1
1341.489184130288,591.1862160983671,776.5131205868129,1.3515945933903828,1.7421682534422072,-0.08126619461668638,108,-21.0,0.49456706382192533,1
98.62257507534127,-37.00200170917168,150.65622777950426,1.4071728747837062,1.9544225062184473,-0.12536472460477244,366,-110.0,0.4785632650169809,1
170.81062472688953,-19.53925846862066,171.53547317752034,0.3815012278196847,1.0597806805107792,-1.9686389077819892,309,257.0,0.5430533469904895,1
303.69989925725076,238.9594616387225,254.762464435459,1.5477712550853508,2.480640059345447,-2.005991859386894,38,17.0,0.40378346162433204,1
519.7040056825016,-131.449427898252,587.2650799411592,2.928221535717514,2.8790377390673427,0.0417806543670185,1005,96.0,0.2370886639707553,1
178.58769308814675,-17.44962982683174,193.55738371331066,0.696799591106802,0.6671965192401481,0.27954518076271656,410,-11.0,0.42668310571034795,1
216.1387144348532,28.236877106743805,193.67727548760348,2.270942421748538,1.54115899336667,0.3234915854597622,14,-107.0,0.7081361037336213,1
169.96290148898407,-32.834505050580816,238.3436980864929,0.4236072739207906,0.6272785530409946,-0.03590470682976482,509,234.0,0.5305230540576785,1
817.2465555753979,576.4909948919528,617.2005986219148,1.859105592858452,2.295380118575837,-0.9977385286757159,104,64.0,0.6449665275603513,1
170.82374382221772,-8.176855190974692,162.72567372490383,0.35803688532456396,0.5123317801746472,0.10124505476017409,684,310.0,0.4620663050764779,1
197.81288140556026,14.460982499863974,178.67451746473313,2.70424032633282,2.216154260792805,-0.322984844068547,164,111.0,0.9682627800247551,1
156.35021613123322,26.913565521821226,164.0947385060397,0.26344663478110636,0.577306244735536,-0.16254878125769373,628,53.0,0.3852387615281004,1
191.24280505258773,40.08867448400974,169.6534091622087,1.1781218617384,1.3851362073084317,0.866942886618478,235,-464.0,1.0392897226609403,1
382.5202749171131,112.08484545019337,303.8901614387845,1.58621620717298,1.0354118192450734,0.5081560815174517,169,-137.0,0.41479525811252055,1
119.64761184582066,27.557636227040874,104.96515045976248,2.6644977792004623,3.138614579389442,-1.2376770350112656,14,-12.0,0.23490389662169173,1
123.85956917677882,-632.4327743182637,501.4417895619914,0.38564969327156,2.017560815426248,-0.8488896434550035,573,355.0,1.3438010436724335,1
176.88640377784432,-3.2041204983941327,158.18437250655373,1.3138101613217568,0.6968712703832134,1.0274394317804474,87,-375.0,0.4594167286632497,1
391.6508235865208,207.10706281392666,206.50647939925767,0.5498215375100901,0.4935883792210536,0.2034307764499822,625,89.0,0.23730339922600294,1
135.91103336530185,-207.64353973671135,215.17846485805921,0.6601669031317798,0.4516446523664711,-0.01410064088251739,377,-76.0,0.19503801504986143,1
164.68379434525434,16.504798363138207,166.28933808404892,0.753087070414161,0.5360983421095689,0.42371185809862494,245,-249.0,0.5170404259777593,1
159.7148507701444,21.160996876614206,147.9728887503603,0.5390057467389531,0.4233262443774999,0.10913185268885933,444,125.0,0.25909952067272707,1
676.3368502306903,88.34344834763408,618.1834057320219,2.7933895888067464,2.9338418773566275,-0.13199361662211206,790,9.0,0.14804082049643985,1
601.270739667557,-90.55704779114285,531.7996160843932,3.4445342799713177,2.0073130747847174,2.038895217741751,128,120.0,1.2842685454555889,1
117.03815558833297,2.6123508445788275,122.5911724049402,0.16376647761887478,0.3905577342011837,-0.15053172367502063,771,-9.0,0.3937493714128712,1
204.8456058162396,-112.67751088937163,317.79669928664805,2.9701755214643453,3.073324806906387,-0.48586624325896643,24,-27.0,0.2857722195649066,1
131.19116648826665,4.571210327701991,250.5887801933605,1.277492331089806,1.3381897443069495,0.28941993967637525,816,-171.0,0.10180252437272962,1
52.32758482519117,-53.105956769016984,94.31980459671476,2.738587860230935,2.612086099640419,0.12320322617545498,2033,-3734.0,0.332307088883199,1
452.2857754393688,297.9567162631112,220.81775083149682,0.9856739365964292,0.5511570686161361,0.619444568370775,407,-254.0,0.2415352211318375,1
198.9221686947491,1.7591017041793293,200.5959416983801,0.29569710433092067,0.3350662305943634,-0.07938378506767269,375,47.0,0.08084798930037261,1
206.19419578571734,7.2349432839915835,203.3733193895003,0.7582021971172653,0.7702751571441637,-0.132684121409394,309,-52.0,0.06248047992015386,1
644.7219026498495,44.24587408635682,592.2459483801722,2.4734942644611966,2.559392005338028,0.05904913174062276,1153,117.0,0.1298591342479655,1
641.279349212939,17.102592413851198,617.5502422464582,3.4036923481046197,3.1052294933557176,0.31955567386686257,985,11.0,0.09906199175947596,1
649.6712680994717,-300.3492060967003,681.7924745101445,2.414392628913276,2.8665214499449827,0.026158324784495424,1043,617.0,1.0991782056473225,1
498.9740206267448,310.9492917700197,249.813497299018,0.6468954610062309,0.7105625900776481,0.06881755479730667,626,99.0,0.4535194531685957,1
492.387842442199,-81.43905596587746,603.6773628533682,2.868811731269625,2.9534507739519835,0.02444274688228898,942,-53.0,0.14762669590080016,1
804.0941955469608,157.22894974451344,749.4013791930558,1.4920710304012716,2.4420248425361537,-0.9427013279620546,1271,-1605.0,0.9345288098344186,1
129.96644438725968,63.99473327812848,128.4110900057661,1.7819370635467042,1.8133093462203889,-0.5576351984400183,30,15.0,0.48953509584165944,1
284.46833495332373,-60.592717855145565,308.4678361784336,0.828719758126432,0.9145118939522787,-0.36946768316984324,123,35.0,0.3428789268506,1
636.1923133472044,367.0929648433293,321.23892675617134,0.5903784649134851,0.46586917265678834,0.004093492153798284,509,-68.0,0.15563298998456748,1
77.91606753582289,11.385465647260958,80.6917458238295,0.0,1.459230729544192,-2.2810361125534238,9,0.0,0.4708313653971012,1
306.3441663617718,-21.684627458526165,317.29459216513686,0.75937813292916,0.8376590747086123,0.33908751679608023,120,-11.0,0.120808320955212,1
661.2048373315963,45.85652099339586,610.5630637432325,2.8443912795243373,2.9275233753704435,-0.07258200481078037,874,157.0,0.1399128755048296,1
650.1538171868286,-168.13363011290699,686.2697930398346,1.808223529386902,1.9606804391647532,-0.18575000817318665,96,50.0,0.43020965309605536,1
202.31780993818415,8.190797472327716,203.43638184584938,1.0265733822290404,0.8303374499891764,0.37209933417237473,324,-29.0,0.05861059169156723,1
85.3667124781651,-2.009747999702512,71.81643677197738,0.5431496103746124,0.4008310317142806,0.3012299019991276,342,-394.0,0.6143551481130456,1
694.7353887735575,519.8253080686995,505.17765590137304,2.1901823381791417,1.767135720637199,-0.34396450562609804,67,50.0,0.5424172072129011,1
174.67696657848518,96.44218249593521,125.56459222650487,0.14404663292567604,1.256901526423537,-3.6828282489389625,490,471.0,0.7109961539923295,1
151.71511893947374,-8.5180065428452,157.77168357978434,0.7936233253786433,0.5971421014968904,-0.021509456049785602,347,59.0,0.2938794996530374,1
196.42592093473738,-8.017984447792685,207.4821018896301,0.5704526290197091,0.5210443133059152,-0.1253786475287768,330,-1.0,0.09016815938548707,1
102.88368417361328,0.6727435219937661,111.02547459994173,3.461320140211009,3.3307712406126804,1.0021722231837642,18,6.0,0.3881998925573143,1
84.89707699086017,-17.275665443108537,97.78167580518208,0.3969835934643741,0.33737143741152786,0.0378403926164137,402,-69.0,0.27711449087895196,1
230.43230239753868,38.909868265793364,168.8949249306536,0.7439571602714662,0.9183238114059492,-0.5019170957791125,421,236.0,0.44669603000550306,1
216.75695391524013,-87.13243238946532,232.35500286295633,0.2962495109513385,0.44878524142106013,-0.3224617103155774,379,-46.0,0.1839564037054211,1
379.3353519531654,59.27569139722942,353.34993177577905,0.6951272326926172,0.6347084119813179,0.055763655089915876,542,77.0,0.2353160973474033,1
586.2010818799752,-444.01415029395,641.1289527463074,1.1954417862246978,2.037314917729064,-0.4676200092084153,234,108.0,0.35529663800365235,1
186.48789328770928,10.229369616596898,189.4090421220283,0.814482992096888,1.0127890892737113,0.4308070501803461,215,-101.0,0.5859172875571167,1
170.33801401054603,25.497616869035255,158.2844020506247,0.49493002486062,0.41328854029618906,0.2057926721779088,601,-10.0,0.13555705940857202,1
87.03945550692767,-23.328991492253053,97.71999627498232,0.18711431661795702,0.2910769339809982,-0.041210103135657344,565,-305.0,0.21848589740012261,1
156.92815938734958,-283.2953274743406,254.69076776714238,1.541469307851975,0.7809304973454015,0.7231559065940355,129,-233.0,0.583747586421969,1
207.42806227862792,-208.7791307154385,218.94336001025277,0.6339990674680921,1.9271712170963995,-2.331958253481082,431,411.0,1.024138394481132,1
144.99494271651457,9.324648965738021,277.29173536351203,0.5851377032781019,0.7064661078541603,-0.4731221190273228,357,-21.0,0.31043599106092445,1
92.56871382762552,-54.03928036261843,153.5886686383107,0.5466428342339796,1.008418468630278,-0.1613782829838084,261,-116.0,0.6830598017059214,1
207.34443383516287,2.446276320177276,216.87704751444727,0.46487536667954144,0.7105142158305232,-0.13356259678592886,330,29.0,0.06583069558295493,1
110.20160417436558,5.080872474260687,104.06761776773631,0.2253247725319067,0.3682286689802047,0.037214287417701386,551,-450.0,0.4477995291584337,1
213.48826352289615,4.608870155685395,230.9230608744699,0.5018996536624457,0.47828178645112757,0.30303297320017164,359,-7.0,0.10424051410547311,1
194.06656098978024,-3.3061092394835896,181.43035591251538,0.8832473892497588,0.8228357449554027,-0.647472972553601,262,85.0,1.0481951246326828,1
307.08295707164007,133.3421824545241,186.73254933058251,0.2934563601183738,0.2869151778000839,-0.032065514779609894,558,-144.0,0.19704753278303708,1
91.66776746401504,-47.381860092087976,480.54570749562447,1.8423709931771086,2.4401570850718537,-1.8278360362756667,7,-44.0,0.6834917524598351,1
149.74085934279077,-36.151420445462946,202.70198932613482,0.4613636913732014,0.5644067708177374,0.10647358103518789,760,-104.0,0.453870389087801,1
144.32900686356234,2.7119355383311756,153.48848881473708,3.5898980954642874,2.0492662243109456,0.829217813808703,15,-42.0,1.445267630864403,1
622.7633377575816,-146.38612751360608,627.0250210120913,1.0114004177083256,2.729199978868734,-0.8572866736872988,157,46.0,0.8027468871144993,1
673.8413526531126,145.04086315814902,370.8893060224654,0.8773502221251805,0.46072682797749465,0.5192170722587688,331,-180.0,0.22708333224087113,1
621.0876553166792,114.22050012624976,582.4621211353754,3.1914193065552516,3.079529345174984,0.12646673084655458,727,94.0,0.17630657902951982,1
547.7152495583498,-1.0492342126225367,600.5782509538456,2.7062545088605985,2.709772445567536,0.17888879691988224,576,-253.0,0.1645540536782809,1
131.1059333327577,46.833402962535644,143.39046376930528,3.6209360647507713,3.371313367128777,-0.3943834663640118,29,-3.0,0.19197152413005916,1
178.61073736844136,47.904753242271624,153.2853182134937,0.5468753041130608,0.5201921793509452,0.015945957852281256,498,173.0,0.405302355461807,1
132.59135084403653,12.897905151548272,171.44587401824168,0.2766885763566556,0.6299147545512771,-0.5302820236526615,572,176.0,0.24823328056581415,1
177.50950505861923,30.32854094596189,151.78690329730222,0.3845930978578206,0.49580728834524085,0.15936969937006934,497,-6.0,0.3775430327273794,1
628.3432346336783,23.243001960944298,639.0794348822735,2.837376136252582,2.538252192817739,0.3734861395714075,873,-49.0,0.08013247762797501,1
293.15591684568244,196.8270011453591,215.87698032652315,2.6778673182918786,2.5780301714880065,0.2824054740535562,28,8.0,0.35674848127853154,1
165.22587416749954,-42.20218811112838,210.38572415048043,0.5708888109310429,1.5768147938983685,-0.06311025653704916,341,-90.0,0.9427055603181295,1
96.6164425090658,-6.916106091523417,99.69381962155028,0.14528884857111066,0.22565841968433645,0.03346748600006612,777,-88.0,0.22781582462037006,1
131.05589695814575,33.325237263574294,109.37726450911141,0.7819547190227502,0.31344634238571656,0.6051939163334376,301,-258.0,0.3553077901831741,1
144.59427587878142,73.01235981336546,168.63982443466497,1.7492168542845519,1.5916083558182605,0.6088533059713872,149,-161.0,0.7798229071472725,1
139.10714656831024,-84.10662578804425,157.07237165575287,0.5422998175892563,0.5446976609758731,0.059156735452461695,456,18.0,0.19028432164828718,1
302.44939187724214,-129.27614956818775,218.92512444687154,1.1899705151833322,0.5733534098055351,0.7091762012911973,225,-117.0,0.3749350601513937,1
229.69984432880125,111.54895402051791,158.07459472072566,0.6957309568130455,0.44555115081944213,0.27500220275082904,437,-188.0,0.2525952169873653,1
143.16627960978582,18.272885210525615,185.1542349186203,0.5444110348845622,0.6190404605331495,0.24201000651383114,466,-374.0,0.45081215720133605,1
105.7763536663535,12.822560863843918,107.06653277500939,0.38973614340805374,0.4068026437854009,-0.35296683035797316,528,360.0,0.4483487966810524,1
205.84479375273747,-2.115363336366215,202.76018249052441,0.8933881997065554,0.7734082544390202,-0.034877839092145924,323,-24.0,0.02879902350509471,1
65.9717111091312,-240.3073436350677,127.03490866496588,2.3395722619867225,1.8444087712806525,0.4645722619867225,15,-1.0,0.4220625664206282,1
659.0691696062054,-293.6712013999396,406.01666710068577,2.494442479507883,2.3813635227984955,1.0660131105765573,88,5.0,0.6951261561798563,1
152.55653715652033,-31.17741327315653,170.5485699909962,0.24872675236422134,0.37360022250858244,-0.15537831396708837,541,100.0,0.1000780111954899,1
541.7707484321661,-22.663286421660587,593.8939490154373,3.180802929929763,3.167515617179542,0.00893917418838397,660,-201.0,0.11605389755822508,1
169.92336768862668,6.727349677804511,161.81705558360406,0.6205531888243416,0.5070455530275306,0.08602988726002125,495,13.0,0.11895972186135297,1
182.1187837238146,86.257677253172,119.92900405914479,1.9721874796503198,1.955014169671119,0.8466452213570124,152,45.0,1.4108542772790809,1
123.00272932425612,-33.94418679815503,174.63811015052823,0.39354523000201497,0.467957837666584,-0.2527896696633553,458,127.0,0.17298457060130137,1
156.48937515901613,9.364707924287273,140.84846613157274,0.6278027765406653,0.549720896756631,0.1655699024839803,373,-149.0,0.2735813906740046,1
678.001516831803,257.31519874259374,581.4496459867283,3.0186167540817164,3.008749398359802,-0.0036626061223281603,959,78.0,0.12116157781399675,1
140.05075427050937,-3.22454464345023,164.2864467836861,0.8495457255937789,0.6877092355459433,0.5884777711085266,247,-476.0,0.6403897185722033,1
615.0600754328112,-3.535913540571073,620.0856079417836,2.720969352951371,2.625631814493648,-0.059525304014405034,922,41.0,0.05309877679241273,1
605.4999086711914,-21.85498497735898,620.2428177377129,2.8368636544040418,3.0648779199953324,-0.43033582550410765,856,-182.0,0.12900694628077064,1
404.81236709459114,-168.13723389581907,557.8615046276542,3.190885663131878,3.0700004071240206,0.26964362874068204,1753,699.0,0.31167257430416395,1
630.0689576943215,416.02619746850183,286.031472775459,1.3253683526029907,1.2411285247731247,0.5364245473835171,333,-23.0,0.45222421626247034,1
219.97985317403305,-84.62026474109524,169.40625395963443,3.6835423624332306,2.0459670771008964,-0.28627341999357947,18,1.0,0.8779684965041125,1
256.3705294226787,86.34705541296239,210.47266518761117,0.6733222132443171,0.4443503299543659,0.02304076798546506,370,58.0,0.3433419723367877,1
96.35144005151143,-65.25553114147927,159.01689689455284,2.9888452815760616,1.8935964151737619,1.4211122251867898,40,-101.0,1.0486483249930696,1
136.21874681372296,17.89743739236981,110.40190588148607,0.16738037679184087,0.6353884032086874,-0.07315555470482937,411,-229.0,0.5887531789462216,1
238.1421140686075,75.90941992732212,179.14418356655483,0.7814377798198576,0.5475185285606522,0.22342172855098097,524,-116.0,0.12035177880027467,1
141.38214881820386,0.7703639558259567,130.22979818070343,0.38535302603204274,0.8937437211659447,-0.11847612912989341,236,-93.0,0.6423563081358664,1
211.30815715524002,1.837975483174688,281.99189182056114,0.8077328719267247,0.916258560466027,-0.13376346467172906,299,-84.0,0.10756262382473102,1
357.3182872244665,139.4783231473,247.56098798689345,0.7888733840764124,0.5012879265555064,0.41461194014703395,334,-297.0,0.23281019742620934,1
176.79760178548077,-0.4817086003357076,177.1028698841942,0.39877214915032094,0.7110427501284955,-0.6504420901328107,509,335.0,0.4365991917761981,1
51.61659035620234,-124.69038704959748,157.21223561909542,2.139458320954876,1.1716055812787638,0.3067186873585055,50,-31.0,0.7713058134169409,1
201.00831567505247,45.55418952656791,169.31762394947677,1.7176752055369369,0.7791331176553709,0.9470630820856173,84,-192.0,0.6088636829517372,1
410.939828360651,285.32921404328124,343.09551213632517,3.1322576082309266,2.2806353136097455,0.8669238048158014,23,-36.0,0.5869175412976514,1
175.74673294300993,-28.263949900132275,171.6087780392893,1.2478688838396343,1.312100755988889,0.5944046529596521,189,-193.0,0.709163585884066,1
82.88771704745807,-111.68912274346832,132.6492926888945,0.21124300372633112,0.29751981467001903,-0.25624162377708004,661,124.0,0.14407608053005172,1
187.778549231198,-141.8398831919624,265.70037287877113,0.3615334447282087,0.4222445323828333,-0.13715180252876175,562,78.0,0.19087819941004303,1
386.9022160601355,319.0261261591482,208.21311923209683,2.125263951730488,2.5982375446670174,-1.224945077369409,38,20.0,0.4457302811355833,1
548.0513851906647,-81.3908625536053,561.5858711914473,3.032585793849636,3.033937517092894,0.01976046408683363,1148,234.0,0.17620616134631845,1
122.67103028667223,-29.710464708641396,153.12792587385533,0.7446352392852139,0.4661115234499345,0.4102228278142858,122,-298.0,0.4581257275253115,1
95.62548414383247,12.737767096374398,129.7340686827879,0.4141940572094569,0.3352936716055291,0.20295105348312578,417,-244.0,0.21896837668475297,1
167.43407686378924,26.680796649319802,186.302147106002,0.4632647950286145,0.4775855610651464,0.07193229377181842,416,-131.0,0.39994980855851,1
178.88706725807853,-15.955915924764327,170.8827450208026,0.3677454346756223,0.49941187426481226,-0.31271985020170706,401,-126.0,0.12833658333090137,1
113.52818399514996,-37.03708363639913,162.55809900606653,0.5173076389918565,0.4525534494057747,0.24759478452724992,290,-335.0,0.30769975026719787,1
260.28555334985515,84.53882040684522,185.35377677837204,1.7297730613896225,1.4561475348165513,0.48190417754998816,191,2.0,0.7231172636349299,1
550.2443657543839,115.83106449455897,547.3756329619912,2.846093738871309,3.0816235687335594,-0.3215650443626066,907,-1094.0,0.3917224866554915,1
227.5558731922333,15.214448380863047,247.08795512013472,0.27401237490643543,0.5582402467882285,-0.3102178239242322,469,263.0,0.3924536693623341,1
530.7470807241775,-77.30455062047281,545.8921197612124,2.9377664297480246,3.097544996376956,-0.211577508585723,1146,69.0,0.22586260968517308,1
274.1926327368908,113.70919018585201,221.3088348535213,0.6014709144946547,0.44120386364808495,0.2200699057330453,347,-140.0,0.18249511143347152,1
276.7463042812557,109.9455120698488,250.96663575958706,0.6584386587308646,0.557294374041623,0.26344195485963334,300,-125.0,0.17789289253729662,1
163.52685747017853,-20.262756264705075,148.92844343665865,0.3815324891822121,0.4248941734965629,0.11679462625862569,462,-77.0,0.1369347242706534,1
491.00389001521063,-42.580966836491314,544.9361062582823,3.243018159260175,3.208892348214146,0.04632958810269505,689,-319.0,0.38194109807948895,1
286.42053580938176,4.457689187703579,291.2539800650744,2.3285124535353914,2.4470652171685976,-0.26855464054019995,60,28.0,0.3599406704784579,1
212.6416935180451,13.668024720675191,204.41094263534052,0.890281283946659,0.7973985188847228,0.2552265625832484,300,-47.0,0.062318249997375695,1
142.63788906289676,2.445538402525301,167.00932619490067,0.48715978899204476,0.3583480880187476,0.12510213681315024,626,0.0,0.14829379240797247,1
597.3559180270198,-106.09221077621032,444.0978156994315,2.510673021559335,2.4443201697829595,0.5574793008292627,41,12.0,0.923154107478101,1
106.3624866359856,-3.907394997111041,88.23014809073723,0.2831570353498979,0.33865346263648133,0.21015304707365662,488,-265.0,0.4563338728857748,1
855.7707505910209,140.78688562583955,586.7866584443682,3.1374445973576135,3.649821111783286,-1.095619179692891,323,-174.0,1.1648572834619975,1
172.3058710996251,-74.99597701646286,213.16397332005363,3.715281085981498,2.1711214969636488,0.2383320435330818,31,-11.0,0.9762653250803922,1
167.970057931405,29.130876995626863,182.54123890843078,0.69036274323228,1.1314301163224207,0.21608660804695845,443,-395.0,0.6027934083437989,1
256.44681097244865,91.16391071635485,206.57881222152417,0.5392240233579652,0.4585721484548328,0.20477550096316227,514,-119.0,0.25324925063932363,1
171.53633854937294,-13.655642062206852,158.406094621058,2.067573279295883,0.9094929143011949,1.3365109473674548,116,-229.0,0.34259919393018656,1
181.92813767432847,23.898423422504607,198.6669700403532,0.48342353022115686,0.46914031868843553,0.1402021838842925,414,-133.0,0.17319385186764008,1
148.34514841552226,-140.57177630013064,197.03322460538982,0.4260768617319614,0.5479897914562653,-0.2989539304934255,477,63.0,0.13114859584123142,1
279.68611865239245,-46.65417649432624,309.4365506624889,0.4815320544281549,0.7450642038801852,-0.8708142975290372,198,97.0,0.2730941939671121,1
188.78713388832594,2.40074777653129,161.30243169887365,0.8405700795413554,0.5960243985777687,0.26156515582444384,420,-9.0,0.2775573590542968,1
206.57391720321172,10.72763692386431,203.56388813919767,0.26116515080075575,0.40833680913424697,-0.0035324690384567203,308,-39.0,0.09922101653027286,1
168.02371004239117,19.940843619164525,195.328863517755,0.49097629176463653,0.5702533426252521,0.06841710791788724,356,-165.0,0.2970965656948359,1
200.385333160967,-20.303970852762234,208.60238743676456,0.9164390610803118,0.8949244790285367,0.1965693457051717,336,46.0,0.06913689366302223,1
233.68278030094675,58.283851135459116,184.29942728171935,0.6606921086024846,0.8463772454982242,-0.814964325080453,349,115.0,0.33702210331044496,1
553.4106405728397,-79.76924453081381,625.2855333013047,3.100709269286768,2.7895862490456396,0.29100336411628946,2848,1075.0,0.4813141425214832,1
134.36086683342705,-23.76375229872616,138.34609206418048,0.6202795832620537,0.6185120758525013,0.2174633717833327,333,-252.0,0.29852755283407945,1
182.16442187471722,3.9610320455515478,169.9291064969581,0.906363528813765,1.5717558893695278,-1.4640993877908675,518,469.0,0.8942019232481255,1
161.83537342230605,-24.031081021189095,157.30673000222933,3.201545784032374,1.5098240904713423,2.490041328232285,23,-465.0,1.024212917435626,1
151.82107839081502,-129.57340337826642,213.24640174457903,0.7064966532415943,0.736289149625499,-0.060897889366071434,320,-198.0,0.3743851259244356,1
323.2884685688391,-51.858667521758434,261.1556483748526,0.5472602384075885,0.5239057363070889,-0.031143865011290628,555,49.0,0.21504026063042816,1
162.90222749858273,-13.108051339363328,160.99293000165846,0.3108148959759527,0.4082575874099155,0.09406755565387803,500,-307.0,0.3689989415414334,1
67.67377480175291,-66.63449795525985,125.21093240078312,3.3248629576173565,0.9547784794977515,2.9846203863993743,14,-414.0,0.572683967504416,1
217.55953195006163,53.37750701834645,164.4671375153712,0.8774859269800659,0.4642371096316834,0.4924018497391694,153,-266.0,0.4848141101216219,1
164.64244228087134,26.74909741659053,153.96218933059433,0.5224232767075176,0.43586824534541624,-0.009961704507483238,482,-72.0,0.14984717711033366,1
710.2496153324307,131.83323470771154,379.2076380711419,2.2703799404617837,1.5318376629986827,0.6413641673889836,81,1.0,1.3217789525338317,1
173.1480197284128,-7.2531553165924265,197.7043355675222,0.8032803900326831,1.1696146979332709,-0.05064369958798598,204,-210.0,0.6615049795939901,1
183.0518483451195,-8.244389454270475,262.679596802258,0.4583186017136887,0.5956168231426152,-0.30340172446033103,362,171.0,0.2922779753654322,1
192.07507632108337,-15.452726471046077,206.3803898507336,0.29005351409780195,0.4558885961412802,0.04368590398276587,400,107.0,0.15285155975305453,1
63.38131535187694,-75.74389131194692,156.71831792323627,2.331802673624286,2.7419415858847738,-0.8050610359830328,19,-2.0,0.6884307261763909,1
311.9076766614291,94.74941041561706,210.86334627114948,2.1920945850020104,1.041052532633127,1.2253549478569286,66,-211.0,0.698808881448615,1
648.1254308628393,-303.24635038825863,679.1221861081647,0.5695746141714844,0.7068098979809705,-0.3269749695355235,424,-10.0,0.3200264815762824,1
224.15309234983448,-419.2242774023951,262.3962075543787,3.769519770688819,2.2060416306092794,1.187488654148321,39,18.0,1.1210500698666794,1
144.74322335170328,-0.1811292200943342,154.2914986616994,0.3776197164749635,0.490338448871216,0.03407777501442982,599,-17.0,0.20286438322681175,1
63.58881340363762,-112.16466995542814,133.50183469068332,3.095795255000934,2.2266708138718085,2.5708141617208544,22,-647.0,1.4210697604548883,1
163.6064274343522,-39.903198458878364,162.1707778183166,0.2736649469917201,0.46632068077944744,-0.1273672513640865,601,184.0,0.13574587828060683,1
187.20031914645722,-10.903803268717127,186.60024360852682,0.4043180467177129,0.3801852142090798,0.04787717460615215,413,-250.0,0.2279191835623803,1
61.6980460702678,-42.816282602690656,73.6147899870401,3.132914563979398,2.5514424837860643,0.7730355352425367,15,1.0,0.4256912070951429,1
157.86189749808764,7.067080875068058,217.22896072597035,0.685546407112616,0.5890467044915628,0.39794313562264155,567,116.0,0.11269852653127713,1
153.3363638010137,-25.337338693606256,153.47464272574788,0.41603204606094973,0.51371719407855,-0.14477084359651388,523,78.0,0.1579996742869402,1
210.80361777442764,9.142447943070465,209.87941960976985,0.8249570178033582,0.886608792700374,-0.057621105530109795,294,-31.0,0.06393476113792934,1
170.02347400971632,-137.05948306192374,190.94626725510892,0.650281445258852,0.3531523421181751,0.3568250851404782,312,-246.0,0.28167697338900777,1
131.68811026671816,-26.6272108499401,189.06139853652724,1.6530316880579248,1.9128951111544743,-0.3965937116060667,788,449.0,0.6519694595221542,1
169.8798376629247,-467.56907691025765,290.6413678403777,0.6079561794055512,0.7300532272908388,-0.7900334804458007,578,120.0,0.11544002539652366,1
214.58299259126193,15.735010835050474,203.22956866423215,0.5315740809162557,0.4479943214549089,0.3114191819592894,316,-19.0,0.03490561243934798,1
628.5131052692701,205.01216415499232,591.5657330884453,3.110404786137675,3.0006927180535548,0.05297579978325251,811,-52.0,0.1427434388239089,1
653.0151294838602,-36.120942540184615,613.6297662830568,3.248484588136098,3.0333115639634882,0.4324944239696462,928,-156.0,0.2094807092537075,1
68.52062747004648,-136.90911761398286,99.86719909948991,3.2516291673878235,3.1058158111581085,-0.28668142822718323,12,-10.0,0.28894277936691803,1
220.17293406921635,159.40498976010258,150.04414624975647,0.6073529916848389,1.9989514431366722,-2.4776095090363173,355,343.0,1.0561661629574985,1
190.146248017314,18.372235631832723,186.156716328807,0.8821364686845741,0.6884853947714552,0.35451647878503223,318,-203.0,0.18624502174804333,1
173.50609349865184,-7.838332613357068,155.68099361381738,0.4884299426081358,0.2972274433621068,0.31896023700269127,282,-338.0,0.3450721031216794,1
664.1825790216062,218.38671310845422,632.3105056635044,3.523996109580039,3.82838768119412,-0.7135517497234551,157,-92.0,0.24921022660981332,1
154.45867011330648,-46.97969756434162,150.0942138849905,1.205290738239421,1.2937010131271283,-0.8398358504133299,121,39.0,0.605376611821842,1
545.0098910270606,387.11159851241257,226.24034789068406,1.4432364663413517,0.5622168226422541,1.1153864081682985,228,-257.0,0.33637041643164123,1
614.2686357112271,192.13211984971196,505.9703742551448,3.016806976599226,3.035787273019741,-0.03416638217396928,1053,-552.0,0.34576174903686824,1
607.1399415943985,80.17049909556829,624.3019816057912,2.981288148865605,3.008601910664063,-0.07935379113570606,843,156.0,0.12221017841466603,1
118.08074241126307,-1.5668694345575886,107.58162046828605,2.197159723424149,3.0133534861539424,-0.46733805577631315,9,-5.0,0.40773764034224086,1
166.00326240495977,23.504779852207008,148.9185786061529,0.44156294990101347,0.484072271191957,-0.053640421624498835,609,202.0,0.19247000812046144,1
160.98446136411084,-8.285692109799925,140.2733597725167,0.6843540495646717,1.0693312600271976,-0.7368781307893698,724,488.0,0.7461907955761121,1
137.49864937647098,-89.1013037958933,182.58013353780072,1.304832161020825,1.1398958402737556,0.012863512294063684,204,-11.0,0.49353143567045415,1
111.89628874564514,17.885579559818396,115.92116220165163,0.21132044135049852,0.4113383671871613,-0.2713892870496878,584,2.0,0.26004275698939344,1
96.59069955201558,6.875259067876328,101.46213576304888,0.3494672441743366,0.32171628868338525,0.23127397474072364,415,-202.0,0.27554463658767264,1
147.7835358804949,-30.58133360524957,209.2025892730394,0.32036969342193256,0.5555740086804949,-0.040413200689245254,716,191.0,0.4631297681334593,1
633.1492247632981,-80.01584816192997,696.7992269460062,3.0470786942155086,2.9961313302671853,0.1423137267576573,970,-331.0,0.14203076869330128,1
102.546269282957,1.7711626200748327,92.0273017042415,0.32447630395556604,0.28207299073894687,0.08154431480637594,468,25.0,0.18196857182234935,1
93.78362278264204,11.838675868232727,90.83206515950897,0.3472698697158789,0.3035222953091221,-0.001500244671419293,511,180.0,0.40905202357954734,1
126.56678209920297,-4.633070328014028,192.84895059515966,1.4394675162701036,1.796559226523782,-0.15180580627603635,251,-281.0,0.5275071708521499,1
194.62068946138905,31.63516740498062,156.17346240046618,0.712202863616569,0.5202063324937457,-0.056244595975670664,426,226.0,0.37813236091621655,1
152.86525823568252,-209.6867542814095,261.04252339963466,0.5791604312951555,0.5580695234304104,-0.01566048659044128,455,49.0,0.3120621126435551,1
240.81114008029323,9.031160334854405,226.9126492626895,0.21522003239622547,0.3174627336078447,-0.07802140870905408,253,5.0,0.07381442690433443,1
102.47523470884795,7.989493458918332,122.13530068799928,0.4895099893891915,0.365856456485997,0.21285781956258593,343,-150.0,0.2509066656450635,1
181.3165395103271,-463.0944433204278,322.49218021719753,3.6464393446710153,3.4233994031187462,0.2252736622545397,20,-6.0,0.3099500013024789,1
271.23082000825093,212.65974656137962,182.6976707404518,2.069936938447031,2.7820173503507863,-1.4583055459844476,63,36.0,0.42563194475904276,1
209.39990211530815,8.750953159355191,207.66203899115877,0.4217921987072954,0.6685975701250906,-0.2555543907855488,298,-36.0,0.06840436613347613,1
306.00351760236526,-260.85455668862426,333.56984355180975,1.100187602924312,1.5278125170847916,-1.651441564463511,505,493.0,0.8494538597957045,1
154.38072340623972,-77.65349004468132,168.71456076667738,0.5157083801991971,0.6151669344514109,-0.29778705032253183,603,229.0,0.21424018096721398,1
139.4927268014837,19.075294342767663,155.23781528199487,0.3515626915999888,0.3771276320329787,0.257836613207471,561,-632.0,0.6450684826146438,1
501.79040419774185,-9.509723565141257,558.3092264604327,3.12701513251784,2.9272382452509054,0.074179619175617,2322,91.0,0.4034168432042633,1
680.0031185511214,143.24303524444747,614.2616158247185,3.1411439827782086,3.05824119773073,0.16056581807492298,1151,267.0,0.1894632798877614,1
98.80623705753656,-23.18455817384603,118.99140207158693,0.549700447306825,0.4563461988214369,-0.07561564719717628,604,-66.0,0.1272783861144547,1
200.27122105652396,-233.84163665471695,326.782048176083,2.3574762254069865,2.6360612640838204,-0.03004796430743184,33,-49.0,0.5142678339631673,1
18.519465846356773,-104.30839395820004,190.34142239922875,0.3035466085672007,0.5248180102742726,-0.29185516580707227,320,-17.0,0.4088508744424898,1
90.69304780629483,24.185775469555168,97.5631332217213,0.30306583640277696,0.35342431433077187,-0.18009519516861489,690,380.0,0.33165405090227007,1
202.7974065395649,44.03037932298017,231.2577956217712,0.45951198075055544,0.8808991240617076,-0.009178557468535076,275,-340.0,0.73185895507127,1
134.92404135582757,-37.41156962400268,183.51648100564327,0.3585704335758844,0.592653591134782,0.19807215509115356,741,-204.0,0.6464056273573774,1
146.15277157892572,-42.20763273399422,149.73575730975008,0.8571898795398359,0.5295478817270054,0.2735186690938034,138,-461.0,0.49076124607361743,1
192.7031992268251,27.60310184902579,157.23617526905255,0.3644066017518024,0.3843529608628537,-0.20648761555729056,465,50.0,0.24823214515466,1
587.9934018830562,-24.964169140701756,593.1295221557023,2.9253832054288584,2.9501906051520885,-0.03677811841716805,781,-330.0,0.12911531908813975,1
162.72901660614465,-147.34393347979884,219.52246543329926,0.41935716948485297,1.9499429986699153,-2.102425052114945,547,531.0,1.7091539105011446,1
140.00688258887112,-21.327955752727604,151.84161223212664,0.19707392006983654,0.2915105395986954,-0.056032230144981876,532,59.0,0.10735705191221383,1
159.74698404081224,30.894450539967323,150.39622275714544,0.2569381503543752,0.3053371456866737,-0.09638609307549861,604,-160.0,0.22967064702385762,1
324.0136551917891,186.51500581531812,207.1959582298855,0.7479745363838921,1.1525736159451931,-0.556857624636933,328,124.0,0.3452148944866434,1
115.87303963505575,22.529313791437872,97.26781239758702,0.19939000924101039,0.2186341934281065,0.05833696382382039,735,124.0,0.24054084839938444,1
132.24400385433466,-5.0650487735726415,138.60634919167288,0.3225704233174747,0.4013697671305505,-0.18203180664587365,561,-113.0,0.1900234649430633,1
112.28773242659713,24.785154607828332,96.09299169855396,2.5331140989059646,2.48407656162628,0.10851351025219547,6242,40.0,0.08720234290601424,1
210.19630703281726,7.878497094633104,205.2607610988754,0.6299759301989545,0.8509203898742509,-0.3965974520300859,320,-4.0,0.047294634089379395,1
580.8114656724722,48.73553663421035,639.8338075378283,1.9346967507017307,2.123150311903188,-0.44278130000522964,388,-46.0,0.7621751086531818,1
179.01049314909986,2.134573067982558,176.8052341669288,2.1095648435001326,1.3962946394628264,0.3588417503076309,66,5.0,0.7288362580575363,1
95.09865312679571,-69.91074396772345,151.94467587968296,1.435178855391386,1.3430463889479534,0.020759200345962014,56,-351.0,0.5476903608097359,1
167.18999384849897,-70.0836686800362,172.05034589841407,0.37762488559297797,0.4320035423453,-0.466270188348813,596,386.0,0.4915067885627545,1
487.2418614546803,-144.61543072945705,570.9703820673977,2.8552622429901886,2.8778138309305867,-0.11875754568444385,798,-271.0,0.17710913575137224,1
168.45303850287803,6.205983480642971,224.49567341265538,0.28663934885569864,0.48592500591606075,-0.09126307556000518,439,-219.0,0.4415532221596106,1
119.97013331596608,-647.7339014292878,242.19662620375453,0.37430382257033307,0.3250909753340871,0.04986197320522323,422,-183.0,0.16181981751281727,1
78.14018987279466,11.112717156262732,109.22554107758931,2.660129752633257,2.9613927246294027,-0.5789681653555294,17,-1.0,0.6138750928005584,1
222.86861328724655,16.067862239048054,210.6651524947259,0.564100522319761,0.7842665618762268,-0.19195419486310483,288,-13.0,0.042172947392268234,1
99.06078209237415,61.255824166858616,76.48676569459812,1.2285763800288914,1.9688095210093892,-1.9742431510858918,21,5.0,0.1982019731661089,1
145.13190226197045,-33.627139294020594,557.1613681103778,2.012630411110452,2.239029716969602,-0.5179862902212853,33,-11.0,0.5373854422762714,1
198.1025430976465,-5.397835938052339,207.65289590025154,0.38935240160144596,0.3705014894933527,-0.1647374294763571,382,50.0,0.10350224197910039,1
146.6290911454094,-7.379541591373027,157.89894666299728,0.4867968423360807,0.5442282316462888,-0.11875939194628599,436,-17.0,0.24914509377421257,1
107.45085824718805,-60.54179455568783,141.78849877684672,0.32061134893665166,0.32522920634228164,-0.056711205465496406,367,-173.0,0.3131722307637663,1
137.07436656342654,-6.33602149350736,292.46954605802756,0.39801091502447317,0.5058432540219651,-0.20145386016933453,541,183.0,0.32784170218291014,1
172.42861180889912,42.04464296774054,149.11481652289743,0.3539353506699611,0.5627751985680238,-0.2996138600597858,332,-20.0,0.16940953938806494,1
130.79351493599518,-27.2669921291224,181.67984598700883,0.42883638432916915,0.6473177253551781,-0.04681663745303549,494,-215.0,0.4300734308547593,1
326.2422736295756,116.18461347471307,236.19372774734194,1.0379276080902982,0.9949574035847479,0.39514738571588837,370,73.0,0.10222326641883224,1
407.44794351508074,-212.1331290257823,494.88511287980253,3.1445911941959883,3.023549371554722,0.23265444633634136,1453,263.0,0.2593030251724076,1
224.6360191458245,-6.768114665286845,222.14846250005252,0.3463256385950875,0.7363363191962327,-0.48511738008113175,268,17.0,0.059674947015879665,1
259.92868798866004,175.08286095377062,341.66371207410435,0.4903613711133054,0.4281281267629143,0.2354236183170056,432,-208.0,0.2691929546731085,1
125.1129327269944,-10.304305475410487,109.70716124829525,0.21860225314867193,0.371936088211017,-0.2828407591892615,664,326.0,0.2536184365819573,1
611.249118240377,456.5098898694039,219.60995880873256,2.3527827799773524,2.5592841634272863,-0.1059077516177358,39,0.0,0.20617003150482643,1
128.8525335008449,-12.24090032334027,147.3783093623827,0.35332424342987384,0.33952411459472776,-0.05078082290143554,764,323.0,0.2671685450438377,1
580.1731722338145,49.42609150963699,562.6078463530723,3.2804904331627007,3.1040183012580327,0.3427240034146761,1014,-132.0,0.1645110163747763,1
200.17862098967143,-2.029652598476048,202.00138948826407,0.7596525679181408,0.7669733954530146,-0.03950915782360276,317,-47.0,0.07961246056155186,1
613.272381650996,30.337206464160772,622.1366957331131,2.9610197515251855,3.0431536133424273,-0.08631215653304958,982,70.0,0.13951352632383557,1
220.68930401372924,1.3359242071345818,231.2641715233117,0.7198697153751401,1.0218754644399082,-0.17473915216271974,290,-21.0,0.06818694719253199,1
207.09584779178437,-2.1768160623104222,274.88349060803165,0.49237678140053537,0.9691279247991007,-0.45275004070783004,331,55.0,0.11962286577737317,1
428.86962535898436,333.17081231239723,159.08618965289412,2.682588730501833,0.9455690240889872,1.8812352531626202,15,-239.0,0.7166922159806869,1
586.5294001708776,57.59774596719103,494.94710111056554,3.0033011787185884,2.9571375618909417,-0.006824415438656306,924,169.0,0.3412111284245631,1
355.860116462042,117.10989058284437,232.71282373809646,0.30928181463858273,0.3627298412827239,-0.21149027194967662,352,-131.0,0.22373245674254486,1
188.54168240296062,-164.8548476281314,197.37995999676244,0.32766662185842804,0.34621773176172815,-0.04098663564168564,433,-117.0,0.20969837151735368,1
104.8270061375345,-71.77419517861979,148.57149010698947,0.3813641683885903,0.43519138109970273,-0.1971867334248189,456,-13.0,0.05927609926666186,1
99.07073925122722,28.426839630430393,187.50195810486127,0.8595951413983861,2.324939457764141,-2.3887699053525187,191,174.0,1.3447649186728479,1
188.13962309874867,12.710461774603772,198.13593762029265,0.40882634821646197,0.507542979435917,-0.12163752908012931,529,31.0,0.07544711917087893,1
125.56712834679844,8.528972758465471,121.49341868267075,0.3350396212038189,0.3011747146373974,0.17127314358494414,602,-169.0,0.27171040799693674,1
135.8334660088266,-31.646290630447936,158.0116138568852,0.3316272687296373,0.4706190785415627,-0.05676444588355922,514,64.0,0.1060550251951583,1
464.52584169236485,416.0100939626042,251.59553266198154,2.555783629896564,2.6434299324732784,0.08193224028651924,50,32.0,0.5970808733891547,1
187.18060809745683,-262.61364553771534,330.24374265582577,0.2554890065971739,0.581460838739092,-0.5821424251726189,611,143.0,0.33328118357523123,1
63.95636533345736,-16.78884839971895,94.20204913246964,2.785694614725999,2.665091907413609,0.033656657726776285,36,8.0,0.15536701308064374,1
100.35120254663858,19.945897516913845,98.27987216806478,0.26605433552875657,0.19147094678147922,0.12060959942337904,609,349.0,0.3780447179198,1
145.47379243735858,-82.10797570649976,171.41597109834348,0.5859999326828147,0.48202592671875893,0.06458486576257183,578,62.0,0.13115012131775877,1
138.80300461566085,-39.80773275278051,152.17425805338365,0.5465892441402974,0.5517992061431848,-0.00028605997276343054,528,30.0,0.4044735242692356,1
213.15887466411976,7.432885117075671,207.15979509838445,0.9760695917986412,0.8320471355491668,0.051560973091655415,287,-37.0,0.06833224499064229,1
134.70199704127293,-5.469381505987485,247.6757425002914,0.3832904660653663,0.5667704483996769,-0.02338580099171006,571,-12.0,0.28126053092350417,1
146.63792032433932,-18.807504105487794,152.04276285160768,0.3824230343569574,0.33884782681019016,-0.023635522817313792,510,23.0,0.09027034380498505,1
261.07874591825345,96.04395599738248,188.1916086768216,1.598378162957135,1.336326926508823,0.3311053631462755,176,-311.0,0.47394721244334975,1
100.67648525910978,-14.58237852198134,108.52800640876265,0.24447512276592864,0.2983700770049124,-0.04286484296663112,851,205.0,0.24940582773773742,1
82.10905779237874,1.0863022001830416,92.5921784972103,0.6313445436355548,0.36286419203328657,0.13983716606646435,215,-134.0,0.4336780211433241,1
237.02535596049168,82.8205327626772,181.38067525867928,1.5884944326778099,1.3188127305225519,0.7564187812894443,199,-75.0,0.6667197617210574,1
581.7995465495036,-34.074597313592676,586.2212144825455,2.5781548972709687,2.614607432437219,0.0915924122970071,1363,336.0,0.3096608036683906,1
84.69459579107169,-410.887670235468,206.52160079592758,2.720088544808449,2.459347450706839,0.43331549940402647,52,2.0,0.5394458585187375,1
94.27229940966836,7.019244086285525,77.28730143411424,1.807763576417194,1.9023790286432074,-0.20534738287157106,17,-11.0,0.38222721044169944,1
91.54343020479162,43.26675363611403,70.80466441960563,2.612445767479938,2.592883141226829,-0.01135488756819214,4389,-713.0,0.07583175700723996,1
129.92252465575223,13.754387117361986,109.61146300049157,0.19184720252015344,0.26754647621215033,-0.014870663733519585,399,-218.0,0.23622686590281514,1
65.44097118823323,-4.241649242026853,287.1118933096025,3.238901256602631,2.894419508363627,-0.042472152809360786,13,-6.0,0.24494896198363,1
959.6805310390166,-435.86303600446195,877.1088548276164,1.8925758930240706,1.9611562128102378,-0.9520858131838748,126,52.0,0.6519069672597718,1
600.6465200058104,-70.55226515457537,647.1720734824271,3.073614998522825,3.044299417962955,-0.0029657705527137423,862,-133.0,0.12674685070653033,1
182.52374167036808,-1.366245502137133,172.29275392980375,0.2732186863028698,0.3738409686527662,-0.1400557148805779,607,179.0,0.41493597450916875,1
177.9543489074824,-6.647105599737387,142.96889429904132,0.5611767484774273,1.123142526845052,-0.11981489969963866,723,418.0,0.8760711758066961,1
198.1379957234736,144.86966407089656,91.23789279884652,0.5242830476597655,0.6039802394521983,-0.5647134414384041,673,525.0,0.5542061388312783,1
563.612719473874,372.4519191348288,330.985119469169,1.0922771545255807,1.090293004968527,0.8372003670511504,446,-329.0,0.6577657680622058,1
355.1046173400148,272.2256430763332,308.5335169647911,2.679374370513199,2.9800631186726547,0.3692468652913572,22,-18.0,0.7325297644317761,1
88.50116054821736,36.92752387210152,115.55242336968175,1.7830789481809686,2.1858999883809154,-0.8734858139499857,27,12.0,0.5565237927394204,1
133.17412054273453,-14.791035665660331,190.91931685329934,0.34686480151509036,0.3921073860747494,0.07979675518943435,779,347.0,0.4190202659591657,1
596.0680165667517,-37.62163819985847,593.9657253109527,3.0065226842513706,3.0095468440332467,-0.06608984179117616,1196,114.0,0.10476471079503137,1
562.9496769821167,181.66691589916428,349.15074297259264,0.6004511752526552,0.4836640624027259,0.15965821396928742,259,-416.0,0.32502705990083347,1
58.466238295345825,3.8440379086302983,77.29604523689302,3.6245186549588992,2.8448244252621544,0.693025487496985,28,11.0,0.3323814333847578,1
101.94075371143265,-11.686301444915472,127.778698183856,0.5794791421666022,0.42485573598045034,0.1953869998415252,442,-139.0,0.11372263765289155,1
139.82791662046972,-182.43361224835698,270.6669329416903,0.4547360172181332,0.5367268356270822,-0.12627173845155976,482,158.0,0.24171559964172737,1
180.09052427623845,54.75645815956203,154.14826107222493,0.2863707295413093,0.4908383171839182,-0.2812198629188431,462,107.0,0.28855850903862124,1
136.50716122312215,-0.8510021814241782,157.85558134888555,0.29356586866454243,0.6076083134044251,-0.2892136508032703,643,151.0,0.3948674129088868,1
124.0014149892137,-49.517408268648964,143.2263577206908,0.8417221281217699,0.5750768218346032,0.36215449013361184,339,-13.0,0.4751278235389506,1
132.4895732942796,-15.414268656915567,159.02302688419232,0.7413443988819544,0.5527823072008725,0.2841406714135002,347,21.0,0.32694174825591277,1
482.0233665300268,-70.75652116255299,312.64612706835186,1.1111244632249124,0.9706684181869077,0.12701109492815987,238,-489.0,0.6048461242946208,1
706.7042312814256,-27.279605014728986,688.2800384387049,3.0407556535055877,3.0094673877253557,0.0796554403485561,1401,52.0,0.11626149305616511,1
394.29308108583734,139.56180522900235,228.98842074048426,0.7748015370225334,0.5785989322026549,0.29775513877832227,336,-311.0,0.24687262924274064,1
202.18515588713572,63.448507658728204,267.30425335858627,1.3306488929098124,1.0981981268626269,0.31748203595063984,176,-313.0,0.4975404869906374,1
202.8974947144139,-4.7324677674778854,198.68773738685113,1.2542466061292594,0.862962256429164,0.46766744431589435,323,8.0,0.0987376951707097,1
341.1425463433282,209.66536106489067,188.61597989470795,0.8119888067171537,0.6219539882601148,0.414532890005308,377,68.0,0.6238650138289081,1
146.27027978878513,-12.444310830086437,144.779937518321,0.34322134633686446,0.4224026714723917,0.02794661574434998,547,75.0,0.15471284253177706,1
136.48506630452505,-1.3073411634475747,138.59460073593308,0.37817897563764435,0.33476484246377486,0.10088957305376295,528,6.0,0.1666322633311001,1
270.43542946691974,8.789337952215078,254.8858363306561,1.0780601256555282,0.9791350100146424,0.3352205920756681,306,-204.0,0.37776518179895757,1
779.7293654573213,30.963737722061524,687.2116806701899,2.524609411849134,2.2169778139418086,0.16139033555631332,71,35.0,0.6100301454221995,1
305.25926646375814,147.67672598724985,359.6812738002112,0.9717878574957748,1.082127224485039,0.2649047251867065,444,6.0,0.24671383624350787,1
174.01984202769424,-13.39084801097465,178.70677668895968,0.5880413249553009,0.4874345454312607,0.31679816996621624,504,-140.0,0.31874493353939526,1
690.4855692134543,152.94246461807677,584.683600234521,3.0150355436323375,3.032805127697853,0.009811723561020447,1151,293.0,0.21925378515049618,1
227.87680882441722,182.89438242119718,127.14240251119205,3.001609497059028,2.9829378835310036,0.0173753324065391,20,3.0,0.17045024051146015,1
627.1064712603057,-1.166285379298074,621.7278980647891,3.0593070010551933,3.0283224097684065,0.1607439892447884,912,-9.0,0.09683305326075858,1
100.63402077480085,-2.841314464928729,102.92252199981972,0.13404206895087986,0.16782292907375265,-0.04803665898151263,601,-55.0,0.24320465854137352,1
294.3511154791558,80.12808774718678,266.43536927003623,1.5049389747174424,1.6379743523304824,-0.05406026825875432,354,24.0,0.34610204245396564,1
224.72411111989393,-6.810793588443033,259.7639965497912,2.8278689890677255,3.1232291129914254,-0.5494091419197105,31,8.0,0.16976586177813757,1
67.4081164746996,-306.0237802452905,232.97288370702432,3.8239348962840563,3.264347209469526,0.8763216874502899,24,-10.0,0.18931937973260302,1
184.62714328982037,-239.38616088381923,331.9272653348436,1.08900359168204,1.0154447197638663,-0.026132267022365818,136,-180.0,0.2848346614523802,1
169.74988217921882,-15.355444799369536,172.898182380902,0.3653040712841754,0.41292125923275513,-0.08349068043214936,532,-24.0,0.23740620078850788,1
82.71476004714398,-186.05202794879628,208.37006191513714,3.2406667788138517,2.657019112782633,0.7176000439408479,31,-22.0,0.459114361791104,1
394.39092799103867,-312.59071518133,829.8708584832311,3.0763314684498253,2.3524677494194455,0.9157066130373162,49,-65.0,0.38825810853019826,1
218.7903244971164,1.3576501097039966,187.14339565185028,0.3093660861946525,0.28215286852156785,-0.13221545752598407,314,-268.0,0.29063308772291685,1
209.62739455363774,5.755913729658829,209.98277237463807,0.7556024714406007,0.8140325518738804,-0.09790155818792923,310,5.0,0.1289190375423242,1
48.92788280993748,-23.136027024262567,65.08017908456152,2.651793902628769,1.7623101384406343,-0.9577024317969278,17,-9.0,1.280986139128887,1
97.10868001167981,-91.49280244186156,179.54132237758407,3.8890495359141704,2.9958264871136864,0.6789997556484613,31,-4.0,0.3866798516686776,1
179.2373414132483,39.44443129502466,199.02810507406144,0.45185136209781634,0.6841395403621822,-0.1089339619013065,596,115.0,0.2912229118536069,1
154.85861895741323,-118.14685354199196,195.65442103714707,0.31541709519123007,0.36832596738433887,-0.08341077160939186,412,-195.0,0.14651988448312595,1
198.2887492627143,-9.003085264830588,199.69109751735945,0.5545405589531884,0.5014371415362804,-0.04753195095556073,372,91.0,0.16446296577017544,1
788.7558334420999,160.97813124457537,695.7548138247441,1.685921492471486,2.1464069124788105,-0.5743735918967949,232,141.0,0.7833148962606022,1
299.4512920595936,-9.344809669851259,223.58232481751162,0.6105486058189624,0.4775572885631603,0.026386861562307407,625,174.0,0.27726534904897315,1
157.72888614149755,11.909698024949535,306.9049517000997,0.5042863825930292,0.5451751302053962,0.27411226560533775,480,-427.0,0.4910533657267541,1
682.0969632686264,224.41055492856003,623.5275732021332,1.8513633770163953,2.2912851802799037,-1.3078026895205224,1355,-1327.0,0.32408903322006893,1
625.8081974764532,-153.92116798086806,688.8754610304434,1.4656729168260936,1.9387566024194716,-1.0589364950230402,118,47.0,0.5504224747286454,1
381.2827610829524,-21.193218073725973,259.8120472410422,0.4407929612833678,0.3997049257829014,-0.036352698479070134,675,210.0,0.17965597119557603,1
163.36547071300458,14.98627281149615,224.71579781912178,0.6987063731714096,0.7851343686324274,-0.18427157050756904,293,4.0,0.42803941913649457,1
199.38530673427522,2.656891492384517,201.20316683087827,0.7709701114565842,0.730152977126453,0.14432523036886302,337,-10.0,0.05736276054775834,1
186.5841929385913,83.5653908670912,177.84913244143132,0.3624908547526647,1.6063004505321175,-1.3437804559416042,550,460.0,1.242238128989525,1
66.53060188856193,-24.924689921152392,83.14264365040226,2.2810361125534238,1.7974815119606604,0.7667331610797992,9,-16.0,0.4338320018793648,1
316.9246346290325,196.701663569466,251.32884007647036,0.4990330081232382,0.7867032777825733,-0.4310604988330136,171,13.0,0.1853403794051348,1
922.8615543910838,701.6717348059849,416.7543212736338,3.962875013043198,2.3165503875608207,0.4259882893010305,58,39.0,1.1617314859640153,1
190.70706225452167,45.39990526973165,169.2973454159282,1.0487420866603456,0.5576757370618802,0.599129296962739,208,-402.0,0.37539172384231095,1
176.6012013161543,30.853828233025723,180.6647823593212,0.5785509018134092,0.46933298294605874,0.30622198415872226,469,-49.0,0.09477146783590944,1
203.7308470255441,-5.702584609671419,205.82209783676754,0.5978911692050152,0.7969475464811608,-0.34059067565915047,318,4.0,0.06452935748293798,1
161.96613353899932,24.856209749464455,160.06231496704518,0.19153185324848604,0.36071705490830064,-0.07761519979520992,573,-109.0,0.5153040605135416,1
137.79240746797262,-6.252178666369531,139.29896399280233,0.2772894025838814,0.2985438313502133,0.12535494062539937,522,3.0,0.1673009789025294,1
246.70995637153177,-385.7435216294655,304.4836362725622,0.5216419946115955,0.6207318475250349,-0.33864152767338185,444,-155.0,0.16470319458076546,1
672.2673010759138,10.116280710022806,639.7269781997632,2.7637333771720374,2.9208022098901543,-0.3221010083136391,927,-315.0,0.5071281074367905,1
148.20698005643803,8.092444932305312,244.8482599410786,0.3812431595643322,0.7924671744326138,-0.13925747998652194,558,-149.0,0.3296080956767217,1
146.07363656346558,4.849924185957889,153.99528875821858,0.3376098545551359,0.3326513651257536,-0.013905266062702148,544,-49.0,0.16045742412416644,1
209.2726638540948,-11.667541419448412,275.47585308064725,0.9451268221083654,0.9992086129938755,-0.1397502418050468,276,-51.0,0.13350883677830283,1
552.75567262759,-80.39355213570809,660.5535942122933,2.8934668964888126,2.982604666933542,-0.15361179772669598,1038,68.0,0.16953430061247696,1
200.93453173136538,-0.528994928069551,217.26601186749636,0.6845856580267045,0.9394791160775174,0.0057273745217584215,511,108.0,0.20339227088854245,1
211.76141107841912,10.560146771032151,207.3322683838854,0.6036690291512901,0.4266215390607739,0.2761352540276166,306,-26.0,0.09442081774913406,1
230.43587524477692,57.29089107777082,169.23087164090006,0.7892066191571508,0.6632680392180411,0.15791124857390615,384,-63.0,0.15068686854583838,1
658.4952908591796,159.5212702324348,335.6345905555683,0.8350812457854532,0.7365897328791308,0.18818578477922232,289,-337.0,0.509898474078072,1
673.8167571567765,25.020352287497758,614.8601808962774,2.9203180770059887,3.0458381021796233,-0.19165983157418554,1132,12.0,0.17851876754720514,1
104.3970110910789,-14.307787166886598,102.36199286594328,0.2026778656568435,0.3196267666850385,0.07064132306865031,738,178.0,0.3859971892433305,1
139.41579255772658,-22.55034098127274,158.41649537101043,0.244587774896288,0.3431541582021109,0.05305592164780196,611,38.0,0.49255975861565165,1
156.38550541483974,50.62293064369385,156.677966390133,3.6537567082869997,3.2612925995646207,1.1946087912597547,21,9.0,0.3273537875784569,1
672.7647193214922,557.7624309986691,198.6239864584226,0.7165304880662977,0.418767034816249,0.29029609806509016,464,-28.0,0.23610835463444466,1
600.2080417239915,62.38736294461603,544.7167240987899,3.067651167507567,3.16929937676355,-0.13587037658054824,1025,208.0,0.20328523327133413,1
188.74914126848557,25.8324218190987,170.05426629120683,0.33648002001660265,0.6203029088349985,-0.20580368949431443,494,39.0,0.2593144158826152,1
166.7628514567149,51.24026694834886,131.89261528536136,0.43865171079549514,0.42792042589697077,0.10303358552208397,522,75.0,0.1109545800130564,1
199.7848072411167,-6.653546058155257,208.10697945869265,0.7020775907027278,0.8116516603532247,-0.16823128357185602,331,-25.0,0.14597166478300383,1
306.80136153920006,-16.242633328414627,242.30385731628513,1.192789119054737,1.0439616941208651,-0.22193032329167095,281,11.0,0.29360149529801094,1
190.57900283234355,24.847041157457994,176.08523743906753,0.03546151347477081,0.3705365356591945,-0.45434894768089035,602,172.0,0.2282479737038135,1
354.10518558965236,-72.30548712424172,286.01259222084076,0.6295865523529816,0.7079452807507572,0.067567257903827,533,107.0,0.1634752726495818,1
141.06934617357183,-7.810592918039589,163.73559720766792,0.31124957234490686,0.33501090884980206,-0.038136701248035476,511,-33.0,0.21728549323990254,1
162.3680867189546,-23.21471588918189,193.91800173582314,0.6078433050900021,0.61889142476934,0.1272043675261963,222,-310.0,0.33631957540772994,1
105.13008617938908,14.900107261815208,95.26196989801925,0.5219480384154338,0.24781808140037,0.2675412575079241,454,53.0,0.2402978029659324,1
295.64950081509636,94.88857201533119,220.09434112737554,0.8485980939486347,1.370456655106649,-1.0715671907850148,451,386.0,0.6875309927145108,1
92.56584588843883,-153.8047371468768,117.46008673652918,0.16882704032733406,0.2773445443006463,-0.2294256722924509,494,-59.0,0.13324738505593636,1
107.81885927655063,-11.89476671512746,110.6366081131105,0.22079615459769358,0.2817072543439846,-0.07838884640931226,722,-126.0,0.22006555062915564,1
113.40132701775475,18.71288156994285,134.0259354252098,3.410232940673185,3.032737655066554,0.5175307674129956,28,5.0,0.07151929678725094,1
172.54855607271554,21.612868039720013,172.634501040127,0.6433553710784866,0.5313914015570733,0.06967233678063134,446,124.0,0.29233492724554117,1
122.9323822767821,-147.459051594652,247.45241521675348,4.104302931775618,3.261212492523813,1.296965192670744,35,-46.0,0.567206946684023,1
230.24925588046267,-109.17942068038951,236.62182184300832,1.1157878207093375,0.8862492308614642,0.01728758786329032,310,-76.0,0.12287431914369089,1
212.2421387671209,11.65143898893703,212.2300548928637,0.91408414447601,0.7665285489300351,0.2677783412510518,312,-17.0,0.11439163002128741,1
213.80554312071928,29.632649408385618,204.42545274662857,0.31517510989166875,0.5096782728609954,-0.5824890614756826,303,-81.0,0.10546427832447562,1
263.4406160327509,-285.0743065222781,350.5085001109414,0.5971272047541752,0.7313923524757597,-0.45789014603935263,685,114.0,0.1532395189193969,1
616.4068726213393,-34.447762174743275,570.7822049489097,3.045561018308428,3.0518698871900627,-0.2543533250897281,1089,136.0,0.2498165224790064,1
210.52717489264919,-7.587279509892653,210.43488959624173,0.8142337173260794,0.906188445434922,-0.21030800498048952,284,1.0,0.052364048596290735,1
194.58412386156536,44.37688693728114,150.73060205784017,0.3039596372376488,0.43773511400794096,-0.2923418039340578,546,419.0,0.5030992185397957,1
571.0097116210326,-37.87585049649738,699.374191448375,2.6681569259078013,1.7144438921598115,0.9312328909690786,1670,619.0,0.36114253042676986,1
654.8943409762435,20.861030821333316,612.459082087845,2.920944906982591,2.9289112812025735,0.15853100322497848,1358,-56.0,0.3386654754196743,1
145.5477564302877,8.048494902620718,147.1931195916916,0.3345727128988096,0.34736185902719763,0.12044990047947965,575,-17.0,0.11437902023666786,1
1186.7188567029064,322.391156984796,968.073280652277,2.19296747958463,1.725020547789595,0.019093058986511036,82,2.0,0.257401762533675,1
81.10354368798873,17.746089720749424,75.94815115446332,2.5114031770118297,2.5834265142438455,-0.09088726939121106,5549,141.0,0.0885347903985649,1
173.32996771553252,9.803110245353992,156.35502923502693,0.29777438100816417,0.3742412299546599,-0.08375810817404794,649,187.0,0.1633517178423632,1
150.12128382861505,-0.07478173081480577,151.3712261295258,0.29344450479413553,0.2985132875424001,-0.08567132070365951,781,340.0,0.3137268115283477,1
553.2986181873448,-85.75304827656817,563.1717491911182,3.1308792612078573,3.0215567982293634,0.2401579962149989,932,-372.0,0.27681455985737763,1
539.2688016061331,-51.333894497132974,605.1763375963907,2.5686222857559406,2.646495229374426,-0.08042306262070342,828,-105.0,0.16180858370381346,1
631.6637844123314,82.05518988655137,593.8564551160842,3.1368091630340516,2.965223987201072,0.32436081990008603,990,59.0,0.15859131032808657,1
39.43086863563298,-66.54693846387411,87.97635304707325,0.522345060832458,1.4697669495272894,0.051754745040728134,210,-220.0,0.8999056549398977,1
84.46835530002589,29.57047029725208,569.0501337146294,3.176110251517255,2.0061714648265534,0.9789505280931055,19,10.0,0.6842985063399576,1
123.96517244118708,36.05291708499604,101.3930803526572,0.2037972175206223,0.29276797168018176,-0.2528314083629312,779,211.0,0.20704175311360673,1
254.731275856835,108.21315520243752,186.2794243340188,0.47704639824421113,0.5196850666010854,-0.20406432669308294,647,224.0,0.20086377245633455,1
210.90440709182235,23.01292484447407,204.51190538547726,0.6670571725402862,0.7187227207208682,0.09462830338868178,306,-89.0,0.14976223023251464,1
92.5847717903134,-12.746585108493221,92.96716640534001,0.45375776893287934,0.4046913195335969,0.02783547943168052,428,-170.0,0.2266515429101495,1
169.41951142687267,8.435050062761832,143.4168409401529,0.6179614130691218,0.9951998290444827,-0.06639263649554994,491,-233.0,0.7298112949873536,1
286.73134638542746,-420.15935269983714,542.817968176468,4.024754166419816,3.9132878830391626,-0.1430711570149228,160,-16.0,0.164732779137774,1
229.91588286306194,9.654921448066773,221.41408956705072,0.2998238960942432,0.44140868605227535,-0.5955901287218273,261,-76.0,0.18903841170459734,1
197.83542533870553,-71.2352057708012,219.65432160124527,0.39552036894291753,0.5211508136502202,-0.2145348464342628,604,50.0,0.34822232574674206,1
178.67370249461996,23.938922153928758,151.47971704270378,0.5608028896574636,0.5761311092589063,-0.09543858398910254,445,39.0,0.18004177925475423,1
340.2556731423245,59.558279055268144,279.3889023784571,0.3673181297698352,0.5412773063238607,-0.23376665416136672,680,446.0,0.3366305373461184,1
964.434114665236,390.6150773176896,638.9670914610563,1.1945051529921844,1.1565807774401207,-0.170655142717004,634,211.0,0.28038501421919976,1
61.01527895476655,1.9974677380132988,60.53500194465005,3.5368867237421684,2.966535313534815,0.7295318016845633,19,12.0,0.5201269018441298,1
89.68216099091279,87.68216099091279,63.868106663638876,0.0,0.45620722251068474,0.0,10,8.0,0.45018257485712787,1
154.84623773511652,-482.92766907905985,284.97713830719005,3.5368867237421684,1.6241164917008315,0.4508380998717336,19,-7.0,0.8640082983500467,1
156.85925927717494,34.40485130536926,147.10969719334616,0.47518940375370805,0.38791693113845865,0.011211948180715026,466,152.0,0.24399095883752556,1
204.8981575149856,-14.945658537719652,219.02050458014438,0.5984379634654703,0.672219231015746,-0.34995519969790667,301,12.0,0.04979395698189349,1
125.61729377390203,34.23034804052803,108.1373967897282,0.25480154478794376,0.3853250958227445,-0.051230130526106865,699,185.0,0.19155420656031233,1
148.68187121277256,-34.003175426950975,145.80692365752978,0.3543779222532454,0.40776283215178805,0.007249880378564,570,71.0,0.35817814082021965,1
295.68947495641436,234.33743762099166,134.36762348667057,2.577796811598596,3.0151185721419913,-0.8816943486005577,25,-1.0,0.12393176954838904,1
209.76010772054593,-8.311794636953834,212.3338087126769,1.1559938096893247,0.752930933852136,0.4077786559007205,373,10.0,0.1255062457025137,1
132.55492607912382,-35.292708761296495,146.6577014665187,0.23165669022077012,0.3689099460623778,-0.1872373051749593,305,-129.0,0.3763043665112251,1
112.77669636013535,10.469227844582548,247.24464181625527,0.12142116786306219,0.3286480278677497,-0.04459931105347269,497,-30.0,0.30965492809550615,1
58.529726585501855,-124.85497221759363,111.39394273007706,3.219712891530092,2.68012234732018,0.6069980113528768,29,-6.0,0.26141747515828656,1
61.34905510032808,-12.407218564383463,104.6977198776078,2.539366369819638,2.6307167804764235,0.07381452577893599,5936,89.0,0.0781533080271257,1
147.59275034263942,-53.52821226444442,199.2020725433586,0.5647143337438986,0.5658958693537643,0.15840843721729359,217,-233.0,0.33308686527958475,1
140.19874286169616,51.697582313478804,101.43923135657664,2.521928094887363,2.3058999883809155,0.7388491467063942,20,-7.0,0.3272038359557293,1
157.70486830668173,26.474207096480313,150.29083702714348,0.42627382841102973,0.4859114268428807,0.056432764306979966,356,-244.0,0.34467689107570654,1
360.89056288375525,-3.3024635456529836,476.92688279759705,3.2049651795194727,3.143905653864607,0.16841201701930597,1276,297.0,0.15178871371798458,1
228.54212063815527,38.44400767054543,213.99800622000686,0.6711938334281207,0.9076152945216588,-0.10580378891734565,275,-50.0,0.09174203680415241,1
80.00374957750459,-222.44564229973753,202.88370420021775,0.38556140276356643,0.5507769340076993,-0.8044091124197658,756,531.0,0.430501352807544,1
177.95772263948263,0.6521691728452481,165.59882248879202,0.3064942531521166,0.41232712961945295,-0.3839539316751219,533,386.0,0.4400906403253841,1
92.91340658866314,37.70403769551017,208.2359924555226,0.3664972589480265,1.5518882719758913,-0.12759773102937433,338,158.0,0.9621271454001933,1
829.413991373273,-149.60899289968154,845.7666039034041,1.8128512136488006,1.8591582388627892,-0.15936849280622933,176,82.0,0.32277300390825886,1
195.85675448933452,-13.302341206737424,206.4261729223606,0.866628495180049,0.8645941699550796,0.0472364911891463,361,59.0,0.09886101212311837,1
156.1409753442688,7.627728168692499,335.42489845247763,0.3546891739580306,0.8985082207135966,-0.3391740424118583,390,173.0,0.5800179491738787,1
205.72744871408776,7.434136590012059,209.96244061479283,0.263133062430643,0.37477471093762244,-0.10256133076203089,336,11.0,0.07775229464407002,1
98.20845883416706,-14.932936127059634,89.67987984437511,0.5087088501747961,0.620733373378844,-0.8411623712605429,319,184.0,0.4616743136103285,1
567.7468853788845,195.87242712528132,388.6060177396002,0.5810684879466645,0.5865642721095686,0.2403852059561712,464,-93.0,0.40586877498234764,1
286.8873472045122,174.72939676780888,133.8750634795809,0.5178753832087742,0.33585348549123006,0.13582025070238085,622,146.0,0.2433778473953774,1
190.17415038851763,7.34674500288628,158.30793268866114,1.0796944928641363,1.2606248626638208,0.007084731035661651,216,-15.0,0.5275141939130651,1
179.51580550709247,-15.520328665521873,172.6703197951988,0.32369701074412344,0.31507400702221766,-0.018383879545308457,507,70.0,0.10824065518510398,1
75.14772159553343,-15.061516670035829,88.30952824663049,0.28916913600712557,0.26094514615909686,-0.04461920177480927,284,-173.0,0.23592923045260997,1
55.403775721138025,-54.46887610014071,92.55294570751983,0.5254266684093182,0.416366791610575,0.22265693566526495,224,-159.0,0.20160543730955557,1
177.3654304482386,-5.315600388119719,174.78216933891508,0.29575187151418847,0.47289077049102896,-0.1394802022256828,587,111.0,0.2924775408849169,1
200.60488252071372,-8.312881736474878,201.8341617819289,0.34451131885819214,0.47874631187630035,-0.5124409840471571,407,107.0,0.12414212667237284,1
110.77882589287638,-37.831106359598905,116.83388616324771,0.505116067685842,0.9208792898399188,-0.20615237055526925,361,-134.0,0.51620665832401,1
207.88137493063076,-12.10959960915477,211.2915642975939,0.6454061740097826,0.7626260400803183,-0.12036293610579185,317,28.0,0.07717444341123192,1
95.14871946540904,-13.719728316668636,426.11399234663867,0.4530141379579849,0.5257145985751187,0.20506985428991778,602,-45.0,0.20613971306204049,1
51.74646153112052,-156.65624958368238,87.86672014321977,3.079225801519103,2.924006287400058,-0.32946916804373805,22,2.0,0.2031009499030464,1
78.72448150199567,-46.892812271906365,100.78239182146477,0.502205096769828,0.4254872522107391,0.2474035519818843,193,-506.0,0.3749971997943938,1
186.07687151277509,-26.54488767859425,174.47038635452105,0.582768017847476,1.7608635684922902,-0.5050713038629441,467,117.0,0.8937702534177656,1
125.06593352490997,8.709128596523115,115.36008160049944,0.4745972346840676,0.26890482113887887,0.2355130050846286,473,-174.0,0.18056186850908867,1
156.08318620255386,-31.695363028644152,238.1320679518464,0.3431417148796453,0.403080886446736,-0.01839172984856341,487,-75.0,0.1904138183552106,1
104.38550921286597,8.545312566373738,206.52318971958312,0.4878797797473665,0.4669883522215968,0.11689808072954067,367,-159.0,0.20381501917318315,1
426.06825656495937,-138.22924674631213,324.5468193618196,0.3143994840451678,0.5638799914326643,-0.3344957630093146,712,198.0,0.2927880047461492,1
157.06049564940145,-25.668368630870503,169.12676849384,0.47420318288831337,0.5125513376120576,0.02793561767883984,429,-13.0,0.3431155114020026,1
149.7329041289027,-2.3703143435340337,192.58939256116412,0.3792649247877438,0.4219983931266997,0.13057863601999953,540,-106.0,0.3273067404633559,1
231.40413381111134,18.503046848258236,221.64680265207812,0.8314430186762193,0.7747021665186256,-0.15708152707235323,251,-39.0,0.0818247910471377,1
111.08231954273892,11.880717790062704,103.86549493858934,0.2038820952915965,0.2708070583492118,-0.08072660257519632,521,-72.0,0.3286607867957304,1
237.65768504861686,-56.49650148095631,226.2100674526883,0.7275602607272492,0.47252307836365864,0.32124139533343077,278,-256.0,0.2328961805867042,1
44.98242640322004,-12.870887392618513,120.62103024788807,2.984234164652489,2.8158100543192326,0.6383821753142285,17,4.0,0.5109785136959231,1
208.13375383978075,36.89695645747807,198.4419232421007,0.49090579082555114,0.6087950342378997,-0.37284392820949014,445,123.0,0.4378640573701764,1
137.07923048598542,-8.468525944302286,142.75078391779573,0.3337158011029285,0.3570439950534582,-0.000856911795881099,492,-83.0,0.1175365691406401,1
168.82462238814358,3.5724935284277137,163.8907364620608,0.4002743991881765,0.5661326193968946,0.056558033864101964,316,-217.0,0.4979076021973404,1
641.1236040355657,67.47079518456326,601.9013695152244,3.070970078444957,3.0060796327038046,0.0404234072680949,708,15.0,0.21930506931748553,1
831.4735220679008,511.73721434930997,618.4476197587935,2.50058171051308,3.240075210026969,-0.6274531562068866,100,53.0,0.694631121547709,1
172.33868670829918,24.61693972202687,173.01657198380275,0.4025824005210682,0.6396049938667712,0.12634488270019378,634,-581.0,0.8466548771757835,1
177.48661951339466,11.072542958523627,284.1101526423542,0.7203245416197234,0.7742391090187966,0.26823368667095504,672,265.0,0.3961624888407885,1
185.3790340186701,-83.18993773052938,218.69926835614348,0.39622819049452485,0.6057198001596625,-0.8720882418012217,488,292.0,0.36141180357274993,1
351.05246565326024,-58.84039220825122,295.88284630537726,0.5288914508585871,0.4833995301017467,-0.06539131122486541,689,324.0,0.2218479487574762,1
172.0957613214227,4.95914395358588,169.81263090616548,0.9745305425471019,0.6285745525643852,0.31681263135628934,269,-113.0,0.37473743226044987,1
169.3952747629494,-19.650725716471356,172.53536688113277,0.69297252988709,0.544109540248885,-0.09840906577023889,312,22.0,0.38789866383889654,1
614.1639487553399,15.669418548013255,574.2845164987964,3.0700671162703363,2.955784976118904,0.13138624512091068,686,-264.0,0.1360160113014673,1
109.72085734876667,8.149905339001876,99.53376104907575,0.17307249199628702,0.2721047436838326,-0.10613644161478616,718,73.0,0.35352409707715754,1
108.37940987375428,3.249323694365202,97.12416303459817,0.19671027291866364,0.26275979492899965,-0.3252377654967702,654,200.0,0.2200230222839839,1
203.18203859036848,4.787484080145475,200.79045070241833,0.8523830456679095,0.8442341782000493,0.13482497560168105,307,-56.0,0.18112100970116188,1
584.9574639231694,-10.557689303064535,600.1962614141745,2.9912318065530834,3.0388035750868574,-0.03797014771591645,1011,122.0,0.1190792851635507,1
161.87567010506442,-194.24289320054547,210.3901984444179,0.33666649424721834,0.30067751249443864,0.02316614427981173,436,27.0,0.44925398936398986,1
57.230427215843484,1.9887965818547642,66.65478602731568,2.291620193427939,2.8262957149356445,-0.8984414245173697,17,-11.0,0.3216833224831672,1
53.437709933858564,-3.63239204425593,109.1438614993152,3.4251185503571397,3.5814961306813027,0.04353806204797683,22,5.0,0.3372169454305531,1
858.602664049382,95.93799777362904,813.7739520789049,1.9795788130545175,1.6321950499904134,0.26551292064050314,162,76.0,1.1613775749102324,1
159.37498315497336,1.5364365235465698,134.30031190647617,3.71937582241537,2.6687679087090883,0.4872740175699568,29,8.0,1.4393711428258853,1
714.2538295849162,69.7128685292871,453.3910313650566,0.9860624999885218,2.3921957752954643,-0.5183852668671997,221,148.0,0.8583871478822376,1
190.09811296760984,-37.083739705118944,207.46071567020667,0.7769976223454663,0.8779024809974729,-0.5413849815820145,325,55.0,0.07429866302607227,1
600.4760285634927,14.315715585373141,591.1763631864603,2.414445132720574,2.587826700572404,-0.27690786265521217,1036,131.0,0.1450228887927042,1
680.6218712786185,69.9851517100991,727.9892774031899,2.4985415608813812,2.7192025655655803,-0.1690676088873917,1538,-1668.0,0.6686260544649103,1
315.28223217802804,201.01381472269344,185.7854448697363,0.6573695915094762,0.5667003815526479,0.32708462229920127,441,-211.0,0.3196863400493183,1
51.24728135610592,-30.46088332168558,113.36758459513558,0.12531319314842662,0.37047585161839414,-0.3761240740872549,479,-23.0,0.28262457483468717,1
229.77168122708756,81.24490293024098,173.4020166320539,0.774398884448601,0.6316495706605828,0.18301687332715122,167,-222.0,0.4982006466310711,1
22.23561906485099,-18.004507391975064,50.87929159333767,2.3492225720234714,2.4832957781863465,-0.22982072886940985,5573,112.0,0.0831385000290694,1
658.6805669417028,28.76980941368231,623.989913732237,2.4965090388771225,2.5351349739292073,-0.10336439933423502,848,51.0,0.15327555125178013,1
153.42376756320766,9.994228339817965,161.80776940248225,0.4167473115566051,0.532566464239338,0.07948400820212026,278,-446.0,0.6034789200472929,1
111.16623317746169,0.3656648988552007,100.61538113611033,0.2982851237550562,0.33729489425716075,-0.10772053617340877,460,-30.0,0.08572450316188285,1
112.12977289385178,-8.925742761374977,114.81912715891812,0.24637213356553547,0.3088008853190493,0.12816535100932913,851,358.0,0.2888359420174231,1
147.91657696743624,21.380143736088826,123.9442794834604,0.28371456787422733,0.33503991703383373,-0.11763569808113844,564,226.0,0.19514768511215883,1
690.62903246512,112.12575634986115,602.0325966538143,3.202708759054652,3.0783300640845157,0.15866354811383854,1098,225.0,0.13378833041799648,1
161.6132578143803,16.95584074738167,149.3467337592467,0.32894643093919274,0.34514150133449867,-0.09892656395545268,456,27.0,0.15461823391442592,1
169.20728426919285,-20.938963748121154,185.36917634924433,0.43230871402957266,0.6486880634607207,-0.4498277546550014,385,67.0,0.19527178070895063,1
140.6117848623779,-22.546047558381446,136.26063612693724,0.5038291551619362,1.2301877718187129,-1.0085772162269149,329,195.0,0.7603803059328428,1
119.64802547472316,-3.4564564476981445,117.85001392808756,2.046439344671015,2.227517203220434,-0.4043120733638248,10,-25.0,0.5203584743191849,1
375.18568652735144,286.83046755986277,235.89434183565945,1.2417601481809735,2.154130679307344,-0.6153928740740693,40,13.0,0.6312086005191936,1
164.69676379297243,33.65972923255913,212.54543773974973,0.4408083435541684,0.5861849623602202,-0.20277166804420066,438,21.0,0.5296301610404156,1
94.4505199932445,14.876440154536823,89.05484888884584,0.20749442070963275,0.32324926525332226,-0.20474615722450357,745,363.0,0.49768946524586727,1
646.8652458024474,-2.806022297024356,674.8070287686052,2.4347723583633263,2.7801716316286518,0.020379729450050288,2876,1833.0,1.294284599916334,1
409.2843632488298,283.8129473139142,172.7250971561474,3.0970120122477947,2.4502241355328302,-0.2011502008851953,40,7.0,1.444552327333569,1
164.78196789088898,6.06661443911517,170.56724655930432,0.5723035986274938,0.554884356843741,-0.0021859178188267103,321,-117.0,0.1750674193240584,1
197.2488514014699,43.85494851134081,222.0533745063257,0.9194663892050635,0.6266134558057255,0.0800296413319389,122,29.0,0.44226565236788523,1
200.1969592128766,-12.312262397986359,203.5324974969108,0.15362138886173685,0.3363651469986791,-0.28188208416724647,317,16.0,0.049092511330974045,1
97.90872885879264,-2.8055565225655954,94.30468404655754,0.16975393041425627,0.22997250812173556,-0.08449381365623385,806,188.0,0.3035507621494066,1
143.5196081531496,10.566647709823314,142.83382960550392,0.35842588374333645,0.35451215953541526,0.07071703209638619,337,-29.0,0.20263477770101337,1
137.476620811265,-57.54304535219774,291.46688018274915,0.3588719178235657,0.40037540850876363,0.04097460888391774,476,-267.0,0.27108205024355625,1
182.3109864509106,32.671542759348284,184.71495653195947,0.4938189556643046,0.46521535223858124,0.12317785706262796,305,-59.0,0.3004735461932551,1
253.9834774625696,-312.1155813380965,591.1467964578587,2.4948586576434253,2.650224230871582,-0.05472311250440942,56,16.0,0.40930894631308096,1
529.1317973968239,311.97280479693495,334.8297425592176,2.4215878571768554,2.8563883842411038,-1.0414315791008213,61,14.0,0.2177912615144914,1
149.80481469865003,-11.077143120306232,170.729369455894,0.3930296640715529,0.4580779538543691,0.19517682171837658,427,164.0,0.3333526220213165,1
561.8551951245923,25.33027742900981,594.950186059823,3.2857244226308797,3.1461636239991533,0.19260568111535248,719,-140.0,0.25052473640782275,1
166.0597353428769,-8.397275347073844,181.65893878771146,0.2774624282286333,0.31779434157700936,-0.042809521144342944,382,41.0,0.26713577292280277,1
117.4228505241792,32.0561380460141,84.89845967578825,0.3349974825209314,0.40238442324490853,-0.20815212785368098,286,-56.0,0.5204626494181497,1
181.93828987950883,28.017001392553425,155.84005781216325,0.593014870464053,0.41974083383978555,0.27750424591673856,483,-590.0,0.5965784177724532,1
94.3375104199784,23.059706628279983,81.68564498369258,2.746019158675494,2.58217346271318,0.22103879865218046,2181,-3480.0,0.318987092231161,1
149.30150979947382,6.009981724222314,155.66240205725728,3.536414237122231,1.5695603209356377,1.3426417003649034,26,-58.0,0.7118900491116726,1
215.66403666356013,0.21586069115431883,229.52162909136737,0.8767396368567668,0.7694958791209416,0.2994261435492842,281,-11.0,0.08594286945347958,1
205.5937936488019,34.12245439066052,177.25976595188843,0.37286112624735157,0.49404790942115345,-0.1106943883545995,957,425.0,0.31255342633195815,1
89.48516870713581,-9.583275483723824,90.80738777035576,0.17619126874387586,0.2608656934588002,0.05418956346836025,645,-52.0,0.31825553946946755,1
221.18981958509897,-377.97110847040545,317.20078009843064,3.5368867237421675,1.9266247585443304,0.2707360752878123,19,-5.0,1.019376972342444,1
91.45529180971434,16.596491391861008,76.73320806228308,1.5143029514736246,1.7626352647088388,0.5433523570189558,25,15.0,0.5279677756276726,1
207.52872650401025,31.838872566779713,210.38593245178353,0.32349929561905477,0.3500493815925179,-0.041783917067298226,487,-6.0,0.18516531530878697,1
155.59826091584787,18.027426636308263,150.36285104834266,0.436969450971583,0.3340453479239322,-0.0801614589319708,433,70.0,0.23528285655965286,1
163.22453753158175,36.74982340970291,144.10837991945613,0.4036098866681622,0.5012858316779305,-0.008131011562964585,295,-291.0,0.43523903815557285,1
177.44666772801278,29.13739184042234,218.30948770940267,0.583119038885126,0.6649477584159623,-0.1747572520632268,379,-39.0,0.09874125787369771,1
268.81918772311354,139.876627300062,171.26895003426225,0.7318959283006763,0.43327916109863446,0.1119518931281458,534,118.0,0.10521222294310711,1
134.53338916537592,-142.4202958224792,174.34698364076218,1.6917101290243552,0.8010715223574625,0.5788454160346939,122,-150.0,0.5268777345562417,1
185.5828026081365,18.811972759740684,277.3147555341449,0.48063893756380577,0.6981796481861124,0.0037577705636603898,532,51.0,0.25034181662413735,1
208.47728374003734,-1.9559538987668077,209.66450033197643,0.7033729022113091,0.7073323480359898,0.07348730880370913,294,-21.0,0.10101096363406739,1
420.68631808920924,-127.36506710145551,543.64066051925,3.0222793602040445,3.030730649748879,-0.010306433645591362,881,-267.0,0.12992495577302896,1
363.40260712789905,-118.52682711304067,514.0379116580218,0.669277685260855,0.8584167525815307,-0.2808938772440308,381,33.0,0.06521386748539522,1
203.485198912482,-23.967813539221993,218.00694172832738,0.9977279396898926,0.8228460490083433,0.5612902602039149,127,-558.0,0.6057144637370241,1
137.03232967077514,-37.69614750626414,149.87903397029982,3.5778195311147836,1.8855078801319844,1.7634993719231828,16,-96.0,0.9449485693153343,1
454.6276298940528,12.571920785889176,514.806349730496,3.1405525942643373,2.9801829578477848,0.11390486565657065,1919,277.0,0.3372241719188004,1
207.01253545677048,0.8632356303131701,207.15216603620883,0.891105109406049,1.022426778756109,0.024245594517219526,318,8.0,0.07882733525808754,1
174.4561486119495,14.669098837956028,148.35210455014686,0.2879319017940303,0.43093197418123685,0.005031424853561894,397,7.0,0.12122342251165266,1
190.5689758184107,-66.66028825294097,195.10502353532888,0.580659171838413,0.8140791159912821,-0.24533758368772884,601,250.0,0.4325573071843662,1
177.85083209912037,26.36089569298514,238.3729449017385,2.049413274823808,2.1459516500330094,0.012430813781419747,2513,-116.0,0.2011361835017927,1
155.5537374535249,26.261217461452134,164.57532852340228,0.5821369528993791,0.6123187485919435,0.16784107846238056,487,14.0,0.3993792980648424,1
87.34666247983824,-79.96297629776865,204.24500705208612,3.4104172527605194,2.3960854672769587,2.380532087286062,17,-121.0,1.0315419809694923,1
200.2615190225344,6.352121410846053,196.80736209663084,0.42411318278041304,0.46531284540677065,-0.14170553917308643,422,93.0,0.2559573661568714,1
520.1055069913874,-42.74691799390803,541.4696344691163,2.9942180377725585,2.9806013340052115,0.07363161167652299,850,-589.0,0.39930723135129703,1
222.4239375606861,23.265805140781225,207.97520037474632,0.47525241707337446,0.8495078969973553,-0.32866848301421575,250,-70.0,0.11667526479334824,1
183.3846988030955,-34.70700994663679,126.70076919444323,2.612714880177215,2.476124966977788,-0.7591183519391178,35,-4.0,0.42635872723940593,1
202.78419855241455,-2.143432401427532,204.43418449013743,0.6139033636592571,0.7224286424300596,-0.11013769427216868,334,20.0,0.034579077216242406,1
87.91225535619104,-12.877302512780062,98.19859782743963,0.4566286258835535,0.31487255617865967,0.18193058901665154,568,7.0,0.16096197242599022,1
253.0123816701596,-3.358147752519102,232.04602335826212,0.9575806009586024,0.580032498895626,0.28425838771428535,94,-276.0,0.57355947799587,1
125.91613372569182,-0.2040895320761109,137.19949827543354,0.5105930807238348,0.3734397689202414,0.16227620308348406,336,-238.0,0.2622332464770813,1
281.68071864164716,76.76396743781805,231.727071963882,0.539847080586399,0.4977307648949961,0.07743085111427556,306,-8.0,0.08896755037677698,1
244.13045592590794,56.18108088103236,201.05742569351065,2.7950490211807772,1.0415008571141453,2.064780037409801,74,-167.0,0.6814469908949773,1
365.3003836529099,-87.64870695904983,526.0902905570557,3.0373267091752614,3.051039884871312,0.018346549291127,976,-794.0,0.36265207313786213,1
263.13848277136486,51.89796484721734,241.8421742789348,1.2890762201802721,0.9987917858930159,0.26897506724509124,443,-46.0,0.4856905102395841,1
124.47642416335331,111.73323426094314,71.06146185372471,1.7835490075024816,1.5840525625596442,-0.34226557619142994,206,194.0,0.7622435256029865,1
662.2705930320791,130.97268133848092,625.9225521520873,2.846320529450574,2.5967788834031333,0.5168072820174623,720,-73.0,0.14273262961557784,1
191.30894176290846,124.6749426051962,131.29059976240023,0.33934069631884,1.4645115001407798,-2.685056774028859,673,657.0,1.110484394245563,1
190.78847469862822,54.23509657143049,188.10256463390687,0.18927558915529458,0.32703702774445575,-0.15081680904876543,598,151.0,0.1764450289098556,1
623.4231670170195,169.61062869213356,348.9872439228031,0.5123102051556138,0.4621143504904851,-0.30597487317609595,653,409.0,0.32267988140491405,1
198.387873935804,-10.60742822380513,200.90298999587665,0.6431018038705646,0.7161620122750136,0.0010529527798273097,351,39.0,0.08731955168290989,1
841.7470088941502,24.387544651612643,824.6428245050287,2.3407937397665175,2.0639587283150864,0.2721745364243131,260,155.0,0.7406060079568122,1
185.50680769232497,21.119732456331263,169.34939856142805,0.6502186788011669,1.42027575848027,0.26976773608412286,390,36.0,0.7778841827540697,1
450.1435017950638,-125.66479074935751,592.879843418923,3.0426269861739326,2.985141627035839,0.4018504537734686,1028,-277.0,0.40487215779704633,1
571.8130135358757,361.873297486244,432.60505585072326,1.9657663391356786,3.0320266053156186,-1.278030097139483,56,16.0,0.48787699451870387,1
107.41577103230375,10.47670529208014,106.9278316019876,0.3115218480105148,0.3398559700277322,0.0851553029884459,421,-304.0,0.42637337297513,1
694.9499927926906,66.323647622718,656.5432953240929,3.010893533628788,2.8983352571706114,0.13227252736938988,1186,75.0,0.07183682724445876,1
100.19616808191158,-10.970065095550112,101.74940156294855,0.4138030660439673,0.35257617743269787,0.1155179422889111,460,0.0,0.08671092053418097,1
632.7134318066088,26.946406229113563,565.2305304253423,2.900884863570708,3.076789416221442,-0.316584923925761,913,140.0,0.07762935452455588,1
146.93800711644133,-22.821794539385735,151.41386870101752,0.2622331258333525,0.5014099854770702,-0.03286982024909407,572,82.0,0.18670520526090925,1
572.9496009904102,-81.16814750398032,581.4905458459599,2.921242034391196,3.0219038332728285,-0.314099635413434,1054,181.0,0.10494987103792448,1
160.23312548231894,-5.77013692264083,150.896836470709,0.8151327814284289,0.5664083219046601,0.37356983152741546,288,-321.0,0.2961140109055677,1
88.24490422302328,-36.750344727368514,107.59239667584961,0.2318027997826153,0.3457047812215962,-0.15280203453691515,482,-69.0,0.09047626119402903,1
69.05171170136833,-29.453344482311905,91.88838517448471,1.6258145836939113,1.6439166232301143,-0.2491854163060887,12,-4.0,0.7086469105848806,1
205.0596919368035,-9.479408415524233,204.49962321925562,0.603726959250564,0.609215265653481,-0.04249456435440768,289,-15.0,0.05805706626806141,1
107.16311499047383,18.356015508387117,105.76570571494737,0.29050745516178655,0.37055212945368066,-0.0011265669324651562,618,105.0,0.3603512535627387,1
62.07537964075793,34.88317680498663,50.37068680309794,2.5232851350226415,1.618057723115743,0.4812266295512799,31,-5.0,0.7304325224932227,1
201.78434676990312,-20.564066685009294,208.08652598270868,0.5050062387932245,0.4071352033808736,-0.0503882770407561,324,-11.0,0.0992288370439196,1
175.9137529417404,-1.1713461328766641,173.10735861211816,2.6879552632315544,1.961607065364,1.847123630495247,67,-167.0,0.6687823067436183,1
573.9040919097675,132.61480644116733,308.17330973929666,4.1693666577752415,3.804029584669491,-0.09521171612714241,230,195.0,1.4752735941702626,1
705.0197986485599,152.42116860468025,513.7922518512618,2.469659781984402,2.276682673232336,0.09119229096989523,837,-118.0,0.12165348720560079,1
155.60886101293733,-13.382766434662841,199.61613126349,0.5794179495919386,0.4618134687512578,0.05312896229241337,430,36.0,0.13548044866352854,1
801.0127429091905,548.642805490759,467.85531588728736,0.6784658484199806,0.6124264633471426,-0.003637900143099171,583,96.0,0.3232358364849576,1
153.61969895928365,-8.805130356654388,162.41360419033467,0.6999867150027115,0.46588387324523434,0.2910003447455422,443,-100.0,0.11393481720465358,1
119.15941254693539,-62.25046515364113,150.5262418411681,0.18337111987157007,0.3160275783517993,-0.15074422168223262,382,-140.0,0.368677136164123,1
55.809249475015704,-29.581165601889595,87.43910514498262,2.603928324914372,2.5419905251307884,0.058340545909157715,5017,-2035.0,0.12329168071939475,1
15.654027008955978,-213.8184297226472,88.5364221794049,0.40457089377826083,2.411186789673779,-3.2899779340086974,254,222.0,1.439260694570793,1
100.15566515241515,37.80085800011935,102.33998576145426,0.4616504010381711,0.37812352558535506,0.19470966818496033,323,-77.0,0.2001942919400296,1
765.0313003613279,-29.602466012012655,762.240136976293,1.6206431681539415,2.292797088555688,-0.6756494704482809,52,-40.0,0.53684471269095,1
596.2164959686681,461.8556291352411,232.24163813307786,0.8568507759997285,0.6616019693176345,0.2365711927376748,467,134.0,0.2991285392256728,1
584.0615117624426,-92.2753384682477,614.5829383354233,2.874390101285736,2.9046855989774,0.08100051247898943,1004,214.0,0.15324452365441277,1
148.16824918290766,-56.82424166321306,204.60132660390565,0.5350802726871451,0.5236524135626988,0.1729171067077076,442,141.0,0.20609643224350493,1
225.94062015865595,2.5112437902767226,212.84004503199588,0.4148353862832609,0.43187264176204054,-0.03649314263696235,305,-12.0,0.14689421869507988,1
668.6704959886932,41.68818642657959,613.9376598808043,2.7848071110686887,2.9442784069623475,-0.1415768168308058,1176,-72.0,0.22282892591877643,1
284.69117212889955,31.349449964500707,267.5030248351169,0.9274733096818409,0.7069032724673686,0.41726150670957884,504,8.0,0.23976308141329433,1
661.6087887503828,-252.5313357855881,797.8102112438687,1.8737951051850168,2.363171599421168,-0.24017873459656092,67,-30.0,0.2745888005531412,1
799.4283522679759,22.297752271742752,805.0963790616577,1.7067172326357791,2.0030173392735366,-0.9084230720398005,134,63.0,0.22286935285797252,1
214.9260793664574,-10.638542610725807,178.3712906741478,2.907156230921614,0.9563653607109668,2.4100783648664974,35,-151.0,0.6920367145349495,1
133.83189807263565,-1.183583990552222,107.80129209837726,0.6530196247155731,0.48517350396160397,0.5201844081049595,511,-564.0,0.6615622510837375,1
780.7467597857687,-8.009073656331111,672.4732775130693,1.183196413227291,1.8981635491190656,-0.5027250792441951,734,502.0,1.290573686098721,1
453.81253832488596,245.15434455797626,244.44529347549187,0.8182850783317097,0.4555328878943416,0.4473176420663817,244,-398.0,0.3289092125663746,1
222.6759958708526,4.614276707204368,228.44662656186478,0.6854403536062861,0.47262877752825216,0.4120399110006304,284,22.0,0.07150375171673422,1
511.6314091499511,354.6711784563629,187.53944478382178,0.44076601369499874,0.3135959524992264,0.06821100801716246,530,-27.0,0.08483929689692135,1
139.7759717974609,-23.418872704424444,344.34859893880673,0.2075652642652062,0.33574256335356734,-0.09148766059422883,537,-98.0,0.12917383463536672,1
103.06617724773307,-0.16678729741903453,104.95557897862643,0.3583631907803721,0.31610410468618105,0.05436725854153174,463,-80.0,0.14029826382902646,1
184.221776267619,-210.16915172341967,587.6065003280594,2.7485518819762946,2.333245784573115,-0.32777958647353067,62,13.0,0.42179200286475343,1
116.6762002193506,5.781622232468237,110.18524477414216,0.3695086511616369,0.26158436563976195,0.2690338279598481,490,-223.0,0.16973305807298888,1
320.6753520937386,88.7944896341557,182.53857497009946,3.0031125421592053,3.0481611674508358,-0.27752652007036094,19,3.0,0.2500912738729907,1
215.58513812309735,55.327817552547515,183.1825840321349,0.5527388953496486,0.4394694971900791,0.20901945341109002,362,-35.0,0.47807505591716964,1
89.5387293580966,-16.211435875978395,345.2464276227713,0.2396386845239271,0.466388663693889,0.007969731061555463,532,-65.0,0.16346162539830378,1
78.64464128052583,-16.898324920224795,126.29216470502217,0.3182004090975932,1.4778558671013684,0.01720579921970483,623,-281.0,1.0472617324139797,1
108.86720547890899,21.851519298442668,95.67713161149375,0.2110182815595946,0.26412935937636367,-0.2784166613647465,596,264.0,0.36966404739224457,1
622.8651023032987,32.384044326763615,600.8178349482588,3.082936056878027,2.9993241502566614,0.10862158349162154,827,-191.0,0.09241002931630057,1
700.924662947025,527.3895472673557,343.2889411299205,0.8506953842366485,0.7517831037754098,0.31749976022583715,294,-47.0,0.19000942965220186,1
783.1737358211841,33.96819143902724,745.9319151257467,2.4861731137607084,2.0056433594220797,0.07354242047807613,216,79.0,0.9190248384208893,1
185.65100020616916,-18.458381837126552,179.75849245391635,0.36776673746670735,0.47021763792322285,-0.19332588370677822,525,76.0,0.10398582253945374,1
159.03515013407062,-23.91060108374714,174.83874421635903,0.2628979551191682,0.8250025902355922,-0.14720265762173668,748,305.0,0.5989790134284942,1
194.12701246585644,-21.401141146001237,203.7765399392516,0.6544740480566656,0.7434941110336876,-0.11480406377025798,353,40.0,0.05672671315815834,1
107.40973431803458,-38.01668100237491,132.50704226757824,0.3769026330193471,0.3207778336014515,0.09006725869153026,302,-115.0,0.3361194695753809,1
100.98491098260712,-35.23383583111584,113.35195648698077,0.31747662343687777,0.31928179692896325,0.1500962466450369,592,181.0,0.2735273852788731,1
170.13111644811423,37.88711259377956,139.28000218995274,0.38611910052135695,0.3908632450757229,0.06354867720388224,467,-94.0,0.20424681659724628,1
215.96836207637787,-10.96596380643976,213.93822902234402,0.8868937418459716,0.8206572899213601,0.16347599498410736,301,61.0,0.13004235511995935,1
135.8268275183888,-111.59288638216955,171.69792590302646,1.116772771642517,0.7513520325185759,0.26109416351124193,189,-145.0,0.27069840556682767,1
612.2445806632403,1.625313641307912,615.2798326140058,2.5704283177913307,2.7785112226899265,-0.25888856749017064,937,-143.0,0.1707971867116651,1
224.1885254431154,16.263357304485652,216.4147763293986,0.6869137510652621,0.5752215947316085,0.41551741478576576,266,-49.0,0.08774892093153962,1
248.7710495190473,107.38498372920279,180.46983233015735,0.8308680993112872,0.6791103683047386,0.1821044388273514,502,49.0,0.12374420556622505,1
501.6663048076964,-97.58925708228298,594.6689965850818,2.757024012067623,2.9130041067178767,-0.21225412667647126,948,75.0,0.17741054745808368,1
264.76073988239733,95.22907896454475,186.24737413429443,1.5857650337044316,0.6568949577999245,1.2268502233194511,83,-402.0,0.4587492162389551,1
174.6381733414331,-128.2963095711995,199.48115220431137,0.3460233445122865,0.40107982223238026,-0.21466530956978253,478,-135.0,0.15494165402628013,1
313.498306548244,263.0166034891157,127.25180865927359,2.7152088061657307,2.1631737325480436,-0.05918866418196833,21,5.0,1.2899992816506454,1
645.796951318262,-349.0580078351144,663.2511275068521,2.0170217960804404,2.044753839996121,0.18718703735416242,54,-56.0,0.45204157070911344,1
179.28837457019097,48.869477187362946,153.00905695190562,0.2200618695477029,0.2935582638962565,-0.0756448511125723,371,-20.0,0.23468212066205582,1
157.0017509991986,-87.29871755317899,216.14172093082615,0.49266567032342684,0.5938497672043924,0.2972667640866642,443,-233.0,0.5567532398504471,1
90.76929235862896,-32.48785983786345,160.0641641455897,0.21378703971177482,0.48798191246657324,-0.22790567794243088,402,-215.0,0.3684543851115793,1
380.36498524130985,288.5468622571553,507.5191766480169,3.3224870291627173,2.3096476116307767,-0.16811453378800634,29,5.0,0.5612237280626368,1
1380.097075755874,820.1177064078483,652.7038509189814,1.7531513241196726,0.9868826258343024,0.738103213991854,214,-191.0,0.35484727866364435,1
266.7500110248007,93.61989678363153,183.38521789637838,0.48640272945392204,0.40553779395879896,0.1824535042639715,496,-246.0,0.25517920851553794,1
748.7656277352597,47.7330089718821,674.1165734957088,2.3632190762928205,1.9092684315696862,0.33180611364851,36,5.0,0.961004997281001,1
123.5089138104356,-55.726969038619686,163.95517359683322,3.1206382570746953,1.6450280914360875,2.099353621842324,33,-51.0,1.140995239219731,1
135.06385890733276,-128.3708613780766,145.84222564324358,2.199725989818133,2.659843425240326,-0.5680694955155867,71,44.0,0.8007540459645198,1
156.50123380772834,-1.5175901058196075,159.91377695450225,0.25337494963631263,0.3581220713260326,-0.12501427310741936,617,108.0,0.16302907766288727,1
151.3452678855663,54.99382783405487,151.9888182571302,1.5685113315578143,1.663894304309381,-1.4203339500182472,274,234.0,0.7679912633133188,1
191.42706757088004,12.999939907587219,167.70849656029927,0.42691819389956964,0.6170527689447628,-0.19343587379797977,497,63.0,0.2352686730429192,1
113.85869223644195,-3.1209128501378274,137.33222058178598,0.2718001263197271,0.3984442453344923,-0.28180200701031805,636,289.0,0.22883325332946197,1
200.42532335382998,44.934900242896106,203.45888838785032,0.6363293739382184,0.5175454241172531,0.1670310653711663,531,104.0,0.13603551003477213,1
60.151562958212395,-57.806555710787364,124.54200989595829,3.286629486786196,0.970106302337021,2.8687404784470973,19,-172.0,0.7218726961712315,1
13.618685111863247,-18.48626255145236,28.802810686629975,0.2791594007773102,1.3557959905221872,-0.5950448404917947,410,292.0,0.888309860359016,1
114.17976268980125,-10.435731254000103,108.1910680798319,0.3911565615041719,0.2905243142533807,0.10441375017886195,429,-169.0,0.24687732842846555,1
203.15849457489168,76.59171247568871,196.28030985145426,1.1647575915795378,1.7464391384155604,-0.27470992469056577,152,-99.0,0.5428080398456125,1
302.2854582408636,-209.76574760266135,249.08036182818213,0.6727236391487023,0.45199936624287335,0.26353827930601387,432,-130.0,0.11642760841939792,1
162.23269414128538,-7.240394605400553,161.71536120302528,0.5580160512688767,0.5236638506468653,0.19987688705117485,640,181.0,0.15567426651422703,1
402.2320074547802,288.14497409043736,164.11662073307647,0.4964190320318862,0.4884632882863653,0.018837506773965673,421,134.0,0.30747980210948195,1
590.3787048950467,11.945424708776159,606.2328888808519,3.1747417129695865,3.0951282361141765,0.1798340588007208,783,-139.0,0.11398176364121904,1
628.7252601597949,-51.0055609751239,612.2704856074963,2.567023276641222,2.9006404064931792,-0.5057481880972299,989,207.0,0.19282970272473796,1
143.36173538579322,-31.93518214011837,149.66635520374183,0.7281016219627313,0.6148213517427645,-0.06006626862832265,404,-2.0,0.07909076802531367,1
163.90369518040904,-17.58562700885949,163.0457621465618,0.5221576413540311,0.5301978617645305,-0.04885210649168681,516,125.0,0.14868843279889996,1
69.92582686773476,-226.40099327765762,219.68013426893654,1.7229778748354838,1.1235453202823629,0.6731677636254301,99,-116.0,0.5031528019460814,1
192.86691794151102,53.09094614405012,356.17562480436004,0.3416836696596046,0.3137698216518105,0.13411840539439843,633,96.0,0.12012923620248889,1
113.30148739463506,4.9817546381604245,109.12406837221211,0.5349500852126358,0.3746540691309643,0.2673821731229174,277,-284.0,0.3456092506641976,1
424.0133041736396,-46.83910972170844,387.7043847786605,1.1151358587044058,0.9514621855879186,-0.1832226627691642,316,84.0,0.26187291076130914,1
736.2411450296717,172.62842555579766,451.39079203743404,0.6092511056688172,1.0350565199430863,-0.4830260488567635,425,-21.0,0.6217765111732123,1
207.87884255946844,9.490968623664429,203.049868295436,0.6629544285442315,0.7059512260733317,0.019852624673666885,304,-47.0,0.08131329298566588,1
568.4079350460154,148.89798319013573,548.7927215566058,3.301576726544131,3.0007023592343907,0.4700865095602764,888,188.0,0.20249726798481182,1
413.15760242408265,309.3383363893047,201.252797617809,2.158454538928349,2.4765669547644955,-1.487984805742666,175,155.0,1.008355124879879,1
88.62829800132444,-56.59314909951168,119.63821322561118,2.663532754804255,2.8290242865070416,-0.30730725829773053,11,-8.0,0.2783264173655957,1
190.77940870547332,-44.75638408176579,210.69322619561663,0.7807248011099274,0.7801561322188284,-0.24327593896815702,381,123.0,0.1631841587976293,1
145.04232146877007,-69.71979644053184,170.19284149777474,0.3177335662350768,0.575151131594747,-0.36162509155087724,508,133.0,0.14535618632456604,1
690.1868269863803,9.729531539175696,641.1535261892373,2.86744192689822,2.9103540993701325,0.06882410984812459,1317,-484.0,0.37589010505495846,1
182.58319918812333,-14.978761692735588,162.07750964935724,0.8969882648522443,1.7342287056315677,0.3515627310748747,229,-529.0,1.1063635800686251,1
114.49792301609668,34.56655010783243,123.44443188904197,3.1099865470109873,3.106218716053559,1.026780327664492,40,0.0,0.3148350163910469,1
215.95784217467556,9.633600726898152,212.45952834036558,0.8895416327413177,0.8510658295357265,-0.017010347414787685,279,-30.0,0.048362508531457266,1
570.928673375016,-37.92389696416626,608.4177826344334,3.3866236327359394,3.041979394071616,0.43219279808055244,675,-141.0,0.21975200651334686,1
127.94839845679424,11.506040578253732,523.5202970470882,0.8196613683608155,1.208014567980824,0.49316824759398176,332,-145.0,0.6559794024903601,1
219.67299623288497,-3.621870601600449,209.0002820790938,0.4322622033520671,0.47446485331041355,-0.07484314232232159,408,222.0,0.2636835179819928,1
170.14194576898967,38.08070175361448,142.82489937579925,0.525733470089685,0.99112026977351,-0.1763019401947753,398,-177.0,0.6102894216083334,1
175.33509321790785,-17.30841654036402,213.28499735556653,0.6947032749770122,0.5390729640532828,0.5030229016898631,203,-571.0,0.5178944777086864,1
217.158992599889,55.289416411863925,238.6767278995106,3.4630194362776767,2.732273673967099,-0.1228418799008697,47,9.0,0.0898255274544484,1
161.2740507111425,-12.06146876128139,162.14397107221635,0.32715460585364176,0.37950334444188333,-0.040319538857887194,488,-87.0,0.1782802331498285,1
593.3970845318358,-11.727100371305937,596.3226541431893,2.9292325589553156,3.0262335848158526,-0.07009153622385922,1027,81.0,0.10127252531003833,1
274.1365322473482,119.51873950293725,188.6434960288375,0.7677702211935723,0.5023920294555835,0.35690726601593437,430,-75.0,0.14989418679968214,1
157.8385466314268,38.94498078364849,138.98233891275385,3.232101804845413,2.0252444623578514,0.5188321153303046,21,-4.0,1.2463482241346318,1
554.3799802141995,-70.4695630155419,552.9199117486214,2.916907838862551,2.9498669895986955,-0.05892446488512748,1140,54.0,0.14122194689471598,1
197.20032020399867,-12.122579380706782,204.41351191364026,0.5595547862531104,0.7817491965768263,-0.3193954928608751,341,40.0,0.08261092274144392,1
194.7203490029442,-112.08101253625586,249.30408838780858,0.8694099375765957,1.0933499830599571,-0.3233791814781414,520,239.0,0.397954582889979,1
83.09178598368904,17.241139120444842,60.29908562080095,3.3787834934861762,2.858778439137795,0.19795050628073518,14,1.0,0.46432237618504374,1
742.1107419417576,163.54742024342556,795.4884906865448,3.9838580831979375,3.1462610118477783,0.9028723552420801,194,11.0,0.5688091362913478,1
160.31472089993636,4.7164599840884875,150.03256852053008,0.2855881850954063,0.3528566142933163,-0.15138126587617673,478,45.0,0.2411227176640274,1
197.4634344567404,42.09030890426922,162.28821971851286,0.4829164004266295,0.5252093245560974,-0.3155761154506059,554,99.0,0.14946723159929248,1
107.22727606011524,-26.86853080758344,286.4778571215046,0.6875642076499473,0.6867328099974703,-0.1318767809685436,506,204.0,0.26518147705159933,1
438.4579156629935,-83.31398506353491,506.47440546384934,2.9493751117808875,2.976847819263786,0.16119598012986858,1744,317.0,0.5248626225718135,1
468.8185786176402,110.96495248105174,334.31275035247506,0.7958125753203072,0.6617212050560715,0.18088369697159756,270,-242.0,0.4599886268029226,1
572.255152069891,225.265983849566,305.2018595051921,0.3727054909613957,0.5008788574391201,-0.20683570761046033,566,-91.0,0.3161755253606201,1
145.22144710083612,-11.751474990511213,111.15760746013618,2.9708400131019856,2.7668668917205643,-0.24868826919756204,19,2.0,0.21600458612231654,1
222.70055979899936,6.274772405224724,215.15618351764752,1.0996271705306544,0.9496264635246563,0.015893863335946667,311,5.0,0.09787013811144704,1
49.693037027274585,-152.07033923313597,140.19668119178576,3.2098671219040367,3.043721823881713,0.13891652744936822,26,6.0,0.24372675469319158,1
100.71428538135824,4.572012663473529,96.13784531448917,0.2542477440704901,0.24967694974391724,0.012065377354904427,618,248.0,0.23398088792734867,1
88.5767502548738,-23.97523276737165,105.02976398853818,0.4033806029958044,0.4300921078382639,0.2717987902808822,350,-384.0,0.45715308646199054,1
153.92622113149562,-25.595253798211616,181.9226058642433,0.8161752683703355,0.9207012897471774,-0.28294588461320347,333,77.0,0.3280812823186359,1
13.39878933587318,-80.93872108410523,62.82388646251792,2.788216778463778,2.612826902204585,0.04219761978828407,1336,-845.0,0.5352430612091482,1
154.46655867679814,-38.400359264712876,320.13462448995926,0.5086392612497455,0.3388262816603487,0.16695559159014084,476,-157.0,0.1282102789606397,1
156.4067888824795,-42.7543742458482,170.89226333643458,0.4248838597617078,0.47969130466127546,-0.14868178553353412,486,264.0,0.4157397084866399,1
180.24924108841043,22.970487986878652,162.0116530634654,0.4777064296136004,1.492714026750473,0.2049119573473714,891,142.0,0.882463530600853,1
628.6263451699726,-8.409559585594934,660.948799015119,2.878621006259398,2.8832542861402297,-0.15283373615388474,1111,49.0,0.08541719425020095,1
92.13002430140664,-10.038367494123506,102.28843701729204,0.3033739620950296,0.35761745425830316,0.0780319460602294,450,-231.0,0.19313240948473964,1
198.6741913661465,-9.096118667077292,203.55745090586728,0.7187586169885315,0.7815650297652368,-0.17271163937772827,335,31.0,0.0868443196594906,1
202.82052048246726,-21.27371963643253,552.2769898080797,3.0881553668687083,2.8835090063388544,-0.07278358923719885,143,25.0,0.2235273219306621,1
346.33790222956486,290.93412650842686,130.59233108457903,2.861919868696259,0.9178129305582206,2.3364932002869407,38,-186.0,0.5266781908554868,1
298.2334755413938,-22.86582837528954,297.88738683365244,0.5766031400730471,0.6903941820545727,-0.4814635563385783,507,99.0,0.33595264223097526,1
154.61779274441096,-43.73878594239957,163.45758559065547,0.41086295517763793,0.42508661712973533,-0.008928540117682737,505,2.0,0.15828666513788295,1
55.301375019008844,-19.631245191367853,63.04522900430442,1.2046590101674846,1.5358914820938752,0.6391043071325865,96,-163.0,0.9629102451890506,1
158.44071358505207,-121.64319515761818,219.01873078994186,0.4092031658218173,0.4162042202491614,-0.2090896383275121,519,17.0,0.17880588578767526,1
299.5645021570307,38.48575623877724,221.76688705488408,1.5086753962608561,1.3074556681494092,-0.08970276669627886,234,58.0,0.5904306251788523,1
100.88860614116753,-8.73111432368043,102.83383823629474,0.22733218893674192,0.41125897759933244,-0.13129594552747317,645,167.0,0.2331154911845021,1
169.0435734305475,-19.37981270755907,151.25925489318428,0.4289183286009802,0.36056531619488413,0.043448914774810776,352,-48.0,0.1489301345581664,1
156.7060279933974,28.971413700159985,155.28736712918322,0.6317291841891686,0.5324813653330414,0.10645259085326375,325,-88.0,0.21757955742940607,1
276.3095881109686,192.88526539942598,161.692807979369,1.0173600739267519,0.5728630897256867,0.5736659069705674,394,-123.0,0.23493965429982164,1
179.0005990131924,95.9389954355532,147.04697471187288,0.25679183056438987,0.5179986603044171,-0.32237849824204506,374,74.0,0.5048872641296531,1
225.5646219771832,81.756529669504,192.60896236297384,0.4970778660551164,0.46815997492729544,0.03552545067672069,186,-196.0,0.40280769148530265,1
411.27541172993654,205.51754650166137,198.37977149452766,1.9772135897220544,1.4621216912931998,0.728358112809711,190,-36.0,0.9040322978212063,1
501.1692956586328,4.574756384117904,529.5774851703076,3.092698488563403,3.141949463279652,-0.1554254201939158,789,120.0,0.15420382795609336,1
276.9536849878551,148.65627107974825,178.71213438004125,1.1128647129896614,0.5448965817901947,0.7765419974823473,272,-332.0,0.3509656537685884,1
98.14082850490662,2.4830507830439927,103.95701879133487,0.16176469095546728,0.2401757481642312,-0.014941908989647645,791,77.0,0.23711847746610043,1
166.07897683707836,34.05150832837623,153.86655001750847,0.6517044445917752,0.515547570282241,-0.2657413912865897,639,464.0,0.4837265724831811,1
797.6013682964275,309.6776910753899,866.0597888151191,2.836038815261277,2.515691322382415,-0.5755634027133958,24,-2.0,0.6128030170139595,1
156.70584660620045,2.9349337175076187,199.51482612642502,0.28364539532528077,0.3536893577531888,-0.08120276310258423,757,542.0,0.40886536615509955,1
619.6807150588522,25.11451240113672,613.4919517342136,2.9655590598641934,3.0970087185855317,-0.249342397614563,1451,628.0,0.27200930218848596,1
57.26560469399462,-1814.8461332061966,802.8018319867448,3.337175341123077,2.423627872548404,1.074185559317109,17,-18.0,0.7765984476243635,1
108.98944532768037,-7.0009379782634085,111.73354001076152,0.3794592039591498,0.42257692806463193,0.06656474713043148,373,-216.0,0.2774179358299384,1
218.3400385326459,53.05780404856455,200.58670949985273,0.4792592223761,0.5039019559093808,0.36316138930058245,470,131.0,0.26007635682148705,1
174.6166168547392,-3.744396823156279,266.81977889640274,0.47346822689731616,1.2654663201213567,-0.22026921306005742,351,-12.0,0.5375450155251548,1
193.4898178259351,-604.2137397206567,442.2763252183101,1.7110961668403788,2.294217329236555,-0.4027198350267742,233,64.0,0.895247858209239,1
97.41363038087633,-21.767861207288377,107.46166258269366,0.367086355155145,0.474364749801132,0.1219241614188305,731,61.0,0.23373397223432635,1
88.58922381106312,-10.380378064606745,94.69604870311177,0.22032225182060378,0.2692573024072363,0.08610291245620508,522,-330.0,0.34958233992497045,1
175.57191277203444,-14.70572720737593,169.16176091085816,0.9466727384565843,1.3320036525233399,-1.5596857412818852,331,136.0,0.4096866896775633,1
172.96594182780925,-6.271399585439042,166.01552899318798,0.4927643630431941,0.6701547389614733,0.04091300094537775,489,-107.0,0.2663766386874278,1
187.9018373281094,16.592265601718793,205.24992439921752,1.947450836288776,1.3041706463756402,0.7109415767619827,121,-89.0,0.44050905949598884,1
426.2324197129622,-127.29568340985628,339.7177039175746,2.560028936112223,2.850903429381456,0.17134753858013818,23,-3.0,0.2885811344511091,1
57.070101978114494,-16.91613329713168,110.2053002663295,3.381580488309163,3.4248893575259745,-0.7020364870880704,17,-11.0,0.4000956375249229,1
109.01948172927132,31.657395832070776,106.69056446123105,0.2401802928144486,0.3623444312103347,-0.34085527251743153,607,225.0,0.2928681756897228,1
72.7809508938742,-51.65114801367366,174.82576362110245,0.22744397415314155,0.3702465568950032,-0.4166195736612074,440,101.0,0.20910772156178356,1
102.4309316477314,17.533854656871227,100.68541106349014,0.6526919911192874,0.3765841104586747,0.2557083976549133,375,-27.0,0.3267185271875328,1
165.73721077188253,-345.39572098263864,276.09738484666485,0.3804789017921602,0.5654736135765404,-0.7129323260476323,654,333.0,0.2852522872578939,1
124.31804523282368,25.3923342420167,106.26120987578788,0.231595107281718,0.2988807421164416,-0.3334881993991787,828,343.0,0.19437746434134712,1
158.1246191321532,38.83952351464508,140.6109637929973,0.402816211478721,0.6131108390302498,-0.370225467118698,585,323.0,0.27607156351886875,1
194.41649844187023,74.45127421527799,209.1479482351138,0.16909204513198958,0.3349755203792818,-0.15756157818766672,547,31.0,0.05430839274637491,1
49.01853044034075,-2.7279310907797694,85.49714401160698,2.908447924743991,3.1818017581894056,-0.17077787677511225,21,-1.0,0.1622126112895094,1
74.56393640524149,-207.4535746525116,128.30111531015416,3.0930692077718906,2.474682930918868,0.9797858734770157,14,5.0,0.5816101478171951,1
219.11071035878356,5.25727049320389,226.71999698784595,0.6626470003727775,0.484479421268549,0.48878782079813327,313,39.0,0.11542798717221968,1
211.4231384219013,63.03523895527616,222.12060760628174,0.8761241504568877,1.172575885903433,-0.6303190078040968,58,-73.0,0.3507837191478348,1
155.17954854632507,0.5381913450753473,155.18487055454483,0.2620502467993343,0.3111831996157515,-0.3864473380504161,772,565.0,0.3939144341268613,1
129.2613888755486,-39.35600808644105,165.1719885479359,0.3927561655429738,0.422537332879177,-0.1027301565684996,592,155.0,0.18116897529129147,1
500.3762178465454,289.8871950966052,300.5305047472968,3.707736532944162,2.8478330367818647,0.46561015945282413,37,11.0,0.33144293715919465,1
107.44238238976135,11.859168064336828,107.42685631279603,0.29163962649979963,0.28425498078446676,0.11058972026071967,558,-54.0,0.13961134235513903,1
98.50505618368024,8.334499514993581,97.44509332281407,1.875,1.6066531038756344,0.183746087917658,16,-10.0,0.6091174324181072,1
176.01027883794606,36.32179219059634,163.91438551366576,0.21674734032207466,0.42301322778628914,-0.3949500182407417,807,435.0,0.36945635662954385,1
157.4432196377839,-2.05638121989287,169.16505833230934,0.30467173724213614,0.3338044383395621,0.026046229707628266,638,207.0,0.14355241018350737,1
57.85331379583855,-29.885439836116397,128.359499350954,2.3458519893382603,2.8052050111707993,-1.1610386062702585,13,-2.0,0.5560144747063054,1
174.54522491755856,38.48692511468752,245.85562318594665,1.003199893434205,1.3638623118017388,0.40372642827889194,122,-318.0,0.9261682170409884,1
156.46182967098056,-44.964133056149194,269.76796247813917,0.23009854552470266,0.4589657083676119,-0.1988421004648538,420,-231.0,0.37812870867613246,1
159.1935380430107,-237.29840694482468,263.4157863584163,0.5305303285038209,0.5234998804730888,-0.08025763635504113,505,-34.0,0.22733235191339715,1
667.9670575738332,-0.7034384148599884,627.8321653541055,3.1234177946027772,2.981225791653018,0.3386106835340885,765,-411.0,0.2565376903896491,1
198.40412229881818,-12.310704145997619,213.1287796802254,0.7101704819305475,0.8830066303068854,-0.12845174880015586,351,57.0,0.10488210256262005,1
28.96416884571482,8.937071889930877,61.110627609234044,2.6612262562697895,2.330614657659207,0.8560060388875179,13,-562.0,0.7128956040200547,1
660.596887753523,562.2664245185722,223.45429030287247,1.841804883887961,3.1097993988993586,-1.1204873051944542,46,21.0,0.4318782372704276,1
173.8973257454343,-499.94402690767834,382.5026371056164,0.38434491045655184,0.492475785211106,-0.4930053116686287,672,341.0,0.24654408034134662,1
689.4035329669239,133.25892695853815,548.5905006537785,2.7197245804627315,3.0154121053900047,-0.48963063350129543,2339,1567.0,0.6046984182531066,1
200.56209840829268,52.91720787039242,169.01928431376533,0.8424270277991202,0.41745523068308205,0.5100247693718833,201,-313.0,0.3906696835452359,1
39.861498183000776,-70.99000322010066,66.34025188155312,0.9855117871269106,1.9579741512948572,-1.1093449964218278,284,267.0,0.9983031921221016,1
157.26323394959988,17.847441391873303,149.75672247927187,0.28000675059974933,0.23067010276223673,0.035418975703461336,656,45.0,0.2781191344054213,1
614.9365822106727,-33.79689480075717,643.8788580291697,3.102910768879914,3.0058342670164024,0.32487584500841304,772,-152.0,0.11683578915382636,1
93.26276163792993,73.45918069452935,156.77592145172267,1.325011210824177,2.061365894326158,-0.7930669985255323,24,13.0,0.7289978873657627,1
189.7263307652936,34.40948440696002,161.68001752802311,0.21857970420556835,0.5297759114798762,-0.8527663982206493,374,313.0,0.5869494459694163,1
229.15082693768977,18.504987366151738,210.5674113089114,0.24464249244553252,0.3630534190210762,-0.10750878928247656,542,46.0,0.16970398112991275,1
134.67406818645216,32.46885145082115,111.22040024092196,0.45335670359659835,0.4069989192613441,-0.004828025216438991,561,101.0,0.3895265241761248,1
94.6884454478119,-10.309946920833454,149.99753581981457,2.892702173260189,2.929231501583955,0.0692369836585418,23,-2.0,0.05498527574057778,1
215.4481759724058,14.738645575719175,235.14972576181677,0.5773134933074826,0.8052068154281681,-0.19241804698211018,292,-37.0,0.08034312100757984,1
214.8979479293468,-23.13128375645661,221.74328551090974,0.4020397813707959,0.4994137217230931,-0.019663951302088256,282,29.0,0.07715282112237459,1
90.98707897989388,63.6580422913869,89.07968282639123,2.455592548419797,2.5089317379140574,-0.2129715353091748,5221,930.0,0.17876443701472472,1
155.17750859620838,-82.96460547239911,168.65155909187138,0.5168555258799042,0.5535489933723587,-0.2645822539399534,469,-55.0,0.1373390635226861,1
481.9294342409397,-160.18067574213296,542.2095330644468,0.9501715625048858,0.8316443542820391,-0.2891754974226811,348,-58.0,0.06455085003254134,1
148.9188674626244,-30.077050904066596,151.36738249613276,0.24578508878449548,0.3031387642444154,-0.05093539493320773,649,211.0,0.23989962637124235,1
196.13982011167855,28.38625935747214,183.8102396464921,0.6883331286699915,0.5922338634591382,0.09711604593969847,579,-4.0,0.18179050450031542,1
198.82814804604095,-237.67805801113508,392.24073177114917,0.3344959684410787,0.35256999839446085,-6.956281999032088e-05,540,-27.0,0.4519433652686682,1
594.2785977935439,-15.695204478863957,550.274346874733,2.9299136455521073,3.0078849990994505,-0.12411446538334259,1843,992.0,0.5312396898546767,1
476.6544030756188,342.84998374266837,234.0459393911524,0.48228183158086324,0.5943731477067191,-0.030726622871427578,263,-218.0,0.2459400395239764,1
165.43181978729385,12.342655861102912,222.07141711566618,0.6289795945675271,1.2696936610519702,-0.4568275283327349,261,16.0,0.6054953336275407,1
233.34540855078524,40.44689870271918,193.14442409623422,0.8043120397717238,0.5878572676838238,0.20172604922665516,523,156.0,0.13597160580904555,1
211.61834644579199,51.58194933563456,148.16886996463532,0.5599748855920255,0.37133484020194824,0.2504789512699659,361,-89.0,0.21127401693833286,1
165.7134963203016,-0.24809025638418802,158.6457131669663,0.38781583014382065,0.469786420294667,0.05471514938412875,526,-15.0,0.49911860452665957,1
496.7916191074025,-17.059152089248926,548.7783874651575,3.0264723554085444,3.0323580292721637,0.009848198417189202,836,-149.0,0.07887150402624009,1
113.8679194270345,22.20516652529632,112.42319505787141,0.23905509041346584,0.3187509660270146,-0.06809989290259916,595,201.0,0.2586802322501559,1
61.44255447163635,-26.09632577911598,204.58899986583623,3.084962500721156,2.6774668685436587,0.3962406251802886,12,0.0,1.130507418879124,1
203.0152338761608,64.88066954754206,189.41857457422412,0.42762395749420357,0.34417096092133137,0.2124769381046175,494,16.0,0.07292634178305246,1
211.6532875002012,13.84040609464094,184.8561527936795,0.6986204098236058,2.129459527724028,-2.005619916509214,692,528.0,1.0192101269862641,1
112.55198302224545,4.0997052244545955,104.19226456311237,0.1315818127149222,0.4681415157317934,-0.5203450262739903,734,546.0,0.41598937962283383,1
80.40530502972473,-15.008806750751148,93.16499285276636,0.14544473610537753,0.21674077646943388,0.032444162475221874,260,-615.0,0.41821326774735956,1
210.99145686515126,-1.3317280495268449,209.80381889244094,0.5816618589515287,0.6541395531537594,-0.17985574392010106,337,48.0,0.10303607265485837,1
626.3129594171236,-45.584763714277756,627.0015648569455,2.7853705612970097,2.74881063162814,0.1046220137191507,870,-43.0,0.07766531120187946,1
127.2919813455987,-2.1897969078043076,121.45385782246635,0.7769990822979063,0.45574357935438725,0.27875128491442724,402,-129.0,0.278209230329995,1
66.91033450313785,2.455718687045973,99.0283639643378,1.4344282169595541,1.5176711218711927,0.00200226262202019,136,96.0,0.657638095070153,1
129.69870293432137,39.574633815137574,100.07866965352638,0.40008662282670915,0.3326803521167059,0.005518420236983623,649,197.0,0.17532180842519918,1
492.70888527833824,-110.77740970862885,582.9602975261889,3.05610279780209,3.0675074708924255,0.08220998119384282,563,-322.0,0.2678532727642278,1
547.8233836086181,-95.9041970164518,578.7253677001243,2.885400963218708,2.969455148149368,-0.11896464189795486,900,-108.0,0.13940610993000765,1
225.5771302325451,55.6972925696204,271.0991001731189,0.5165418840757923,0.7239095564244795,-0.09141429532975898,450,-128.0,0.12382381049848695,1
174.8877649254237,-83.57429758105337,169.0914575689229,0.32882884939573154,1.1677285741720076,-3.6388912510787677,766,738.0,0.7240168680013259,1
145.68522547751118,-33.46595495466843,147.8466630447572,0.5932733991507961,0.6813049011417537,0.21678909527057377,557,-131.0,0.48758426962628526,1
205.42974508402932,143.4739476689905,100.10527572709684,3.5383105956150067,3.0853694717500835,0.28668142822718323,22,10.0,0.24845198209083974,1
91.39234103577827,34.40501300966746,149.85936076917386,1.5143029514736246,1.7925419342986904,-0.460634549728302,25,7.0,0.36361415539714087,1
594.8997849633403,-15.301734386585622,492.43720022130384,3.511590387918489,3.187102584567706,0.47995844447674774,957,-577.0,0.22754005313754366,1
829.9601486816424,0.546157308369402,859.225700384582,1.6347157310996236,1.843288206599911,-0.178135482549177,68,-108.0,0.3724988469203291,1
304.6001179151283,239.46036189179205,150.72592309794976,3.96981578242681,1.8558503008436245,3.2334950492260526,17,-164.0,0.844416769274384,1
168.06411263479117,28.170632072657327,174.333377987099,0.578627883713204,0.3945201661859298,0.2619372169939482,319,21.0,0.2963092423957996,1
438.17454467052534,366.4854559346028,151.8854049791577,1.7883982883939669,2.19113624069245,-1.546280852657628,120,107.0,1.1728214547745581,1
268.5689717491995,64.80547693301358,203.8388862826976,1.2683164322957465,0.6405202501294941,0.684470815675564,196,-383.0,0.4259297272489117,1
319.7718825708378,173.1339622464985,189.55826089339797,0.62101158089666,0.393166392901811,0.23858854653970257,423,-87.0,0.13002561744817595,1
97.29321152199913,74.9206700426567,156.72779083095074,1.4394969869215133,2.0315280442477213,-1.0821436494218057,22,15.0,0.8545116536779254,1
143.2915280752515,-33.3952869204754,165.15526252607452,2.1937725367573275,1.093146939957396,1.6215175873595191,84,-293.0,0.5013284454634974,1
227.58176814385834,52.73327882930144,174.09586394946876,0.5214150669202429,0.4519473573757217,0.039988763199323096,516,-48.0,0.14860703387741397,1
540.2321911314614,-82.63291117183735,586.6457882840219,3.036306819322109,3.0178425521040717,-0.04662923755591786,857,30.0,0.11028621746893169,1
147.7217469862723,-61.81148134970243,176.97808712288202,0.2762375178208744,0.6629342147836069,-0.3959352869495429,1215,778.0,0.8735900661444252,1
217.476435505091,59.43036314752075,192.00165648382844,3.0306390622295667,2.8809645556304333,0.43240450655302665,32,-13.0,0.40434617223513614,1
161.79513386577005,30.02162850949466,163.84586543279005,0.2912199433568047,0.5145017188201364,-0.2752523829630289,442,-136.0,0.5077649710349367,1
87.8983462672619,-27.974693367793847,94.22794231557755,0.3914829998256532,0.2703322106255247,0.19209299058464283,323,-412.0,0.35236250377137424,1
303.7395438801585,19.435956044959312,294.00454604533036,0.8344907800077653,1.1190849098727975,-0.08003008121948196,194,-55.0,0.33555535366209255,1
164.28358801298484,-27.679081514936684,197.86743380111787,0.34395708766269034,0.5564407785704435,-0.23346330594590697,496,-69.0,0.21496718670839088,1
111.51243079684981,24.576060974092755,258.03276437744955,2.2062389286533897,2.091272358055943,0.19312796936462462,15,-13.0,1.312614291672394,1
68.67760646664046,-129.46038925683314,83.77785267227318,0.5596426939811957,0.6217907150900914,0.03535964632143018,396,-277.0,0.5596918601192713,1
279.8917134735569,99.5768116912692,182.87800814281167,0.6954162239485553,0.5178055874349463,0.08135328561682498,488,-21.0,0.07570508008719919,1
84.75966021640247,41.983109007435964,75.4381097590087,3.121928094887363,2.818217858477599,0.9961135111934514,10,-2.0,0.30935919737563666,1
550.4302913316205,416.2175091432743,248.05050618859758,1.4147510072497107,0.9644512016138489,0.5293174764536914,296,-32.0,0.5870886400872544,1
148.65511352717667,-22.694049601063227,152.35224241518466,0.1698814061061668,0.3669141525513375,-0.45166108883859607,720,246.0,0.19637245874307088,1
608.7323610304314,-115.22093513480979,667.9001882302723,2.4364732802499645,2.2542957990571475,0.21780220727449828,764,-218.0,0.1252345762103857,1
330.84343062422704,119.69542350335445,225.56029387927757,0.6886916108095329,0.6321734826680119,0.3168377744373109,610,-60.0,0.2065682704262451,1
634.7004797630751,-36.684812504335355,692.6663861698211,3.2031390027993445,3.294000471980187,0.2664215765743121,258,-33.0,0.07444689167633212,1
207.92516813862974,-1.8192426256108263,211.80563385666733,0.27139633627949633,0.5350358981803591,-0.4413552736402371,315,29.0,0.0779389348615428,1
473.6700062655925,-299.5195471175981,594.0553781347123,0.7033194758066587,1.1213306291764664,-0.7343326152871213,74,13.0,0.18807575382656777,1
103.32953619159763,10.389325989959119,148.32657676910188,0.41817829171187226,0.28428959249463837,0.22409660601232728,354,-327.0,0.2378279262097529,1
296.6963269068224,214.7691488765741,125.59697787220185,3.3174058114255174,3.0809662421445987,-0.6240222204205068,25,-7.0,0.20570629860066247,1
284.3035878351992,-27.15310938212332,278.53635059961533,0.9145208612272473,1.0507535246532194,-0.20555416046736008,249,126.0,0.3361800796753693,1
203.24902260979442,10.126320716700803,200.13008745385744,0.5321838354598477,0.7375833482642308,-0.17756727513974757,350,-7.0,0.044856952887301675,1
174.17680021715253,-8.91422822111835,186.52359042895532,1.4934016530331233,1.8554711114473013,-0.8356497336061517,298,179.0,0.7019249374540683,1
615.3483163382004,162.60322838644282,611.3726213664029,2.9169732843351177,2.9591715316531535,-0.12415079694657605,717,110.0,0.1442713397329954,1
64.45461581609187,-34.1679592592494,133.27809736560937,1.432425954337534,1.927205430774391,0.025253079553827718,40,-326.0,0.7295838390962878,1
384.07743332436576,227.14927393701618,284.53981668612124,0.5228812859767282,0.7341291257115347,-1.0185880218752468,613,484.0,0.4902032800418804,1
579.135700450786,10.50706300514355,589.4931690085882,2.7867299921962374,2.883450273801174,-0.18112091160022326,1137,150.0,0.1530220657995778,1
195.63111423185632,-32.54047484860007,232.08535744631823,0.4836464464194214,0.7039184983842862,-0.43678153735982833,344,22.0,0.03262654176194784,1
100.56661741559026,-15.710553229789213,105.79478618660146,0.18776632432374082,0.2460723433333137,-0.02768259804131845,665,218.0,0.23755064858272193,1
199.61828467282098,2.105755636565732,201.16373103313896,0.7326931312661594,0.7612358757818095,0.03554911161763763,345,5.0,0.03663612727353071,1
616.9853192651724,-24.294029947766603,614.7314398176779,2.9709211073259394,3.110611394774616,-0.43277124077868034,854,-131.0,0.08538618617789884,1
167.62708331230075,-20.98523533021688,183.77338033931113,0.33761877203599416,0.6239597789904042,-0.5639704602078082,562,370.0,0.4462686020478805,1
130.67310274278458,-24.01893439109483,172.50707243248382,0.5433725298770278,0.5647338275375582,0.13448711721770285,459,-148.0,0.23152549730887126,1
145.3026720379773,6.8793133922689265,146.1098021763571,0.4339584694043914,0.33807707926069197,0.01917373298192676,521,216.0,0.3630892795869649,1
553.5281031228185,232.8527510290799,264.11878961712523,2.3886813975320846,2.9232832611364836,-0.6144311446271207,26,7.0,0.38004359864197845,1
258.55417205143704,52.81008199504643,127.07379135449,3.272439797446865,2.5824455611813812,0.49971616142903175,56,25.0,0.4608364457310892,1
214.73615639641432,20.85060218907637,198.25977984043317,2.4306396393865133,1.8197886441681412,1.314561534946736,52,-37.0,0.9485669439545051,1
280.08390874267025,84.39634627295158,214.5127947459918,0.6182928041493294,0.4663969677111539,0.24888939350603195,502,34.0,0.24714790343326287,1
202.89602001521996,-17.26327528095092,203.83117784129422,0.799011645323916,0.8498838962646575,-0.005041535591287616,308,41.0,0.11530389163904275,1
218.06171916364823,-63.618999477998926,231.51727372485493,0.27340044260565566,0.41988145334157173,-0.2664466379807433,262,-44.0,0.0938761849035897,1
575.8082925444213,-35.27233878590073,620.4132446468215,2.640776532400464,2.949355468119708,-0.21883005298041303,1305,168.0,0.4305418800443374,1
147.6639346992041,-21.12540723300401,166.62091688556447,0.4229777208801868,1.4516843801679877,-0.05858711987739629,892,260.0,1.2106810709735485,1
356.38676537543205,264.14904600314924,132.7765628811697,2.166347837605158,2.1682142729614355,-0.4102498179687579,104,72.0,0.9497568565389745,1
272.77421363885844,42.460373049452016,234.40585882961076,1.4823331942622793,0.954977814037445,0.3560705213572144,306,-47.0,0.13371728081239473,1
131.199852427217,-157.23167514794696,217.7293031038292,1.59127332254614,1.9141777948015217,-0.4203752924675326,532,162.0,0.6765400986747349,1
199.1031837554654,-25.085341687649986,214.09832356632614,0.27639632968822975,0.5161339225398561,-0.41051742137703234,334,68.0,0.11150942977347349,1
298.2978502068302,241.06742299098673,112.61023057467241,2.987365711065321,2.773443023671144,0.6957455176373819,44,27.0,0.46475798293832843,1
588.2769404047965,-15.238608300883698,598.4850563477037,2.979377253986988,2.945524095400382,0.06891435898214349,899,38.0,0.05432585041135991,1
203.77763455285776,1.049977232801325,207.2714622718567,0.792196070483971,0.7778584773724353,-0.00968520563903219,317,-4.0,0.044263347955904815,1
136.6232391127907,-96.35715657715724,235.1182250112459,0.3209004024890967,0.4112221494599194,-0.0863907741036069,590,249.0,0.25910691480950465,1
153.74390841132805,-43.390468217862605,178.03201630261387,0.42513497849196535,0.49986012103512223,0.006254422731506781,505,-90.0,0.12633979378184412,1
138.66024498858235,-39.88048367275263,161.20515658192107,0.3877991759229486,0.46157660134593537,-0.11375846922459781,465,-25.0,0.14112774777329357,1
161.22545416378995,-18.883254813054236,217.29496916342177,0.2865653278997311,0.525492444465471,0.04225170256924696,757,-443.0,0.5511061900355978,1
97.04242973662548,57.51522391582403,148.67838302074256,0.33279928707751383,2.483645101303206,-2.9074246418643384,291,276.0,1.3076242138086709,1
91.386945733374,-6.40769184983013,101.27083844302818,0.3060316753140506,0.40438107893377584,-0.1761158271779582,514,-8.0,0.17751193623412914,1
91.19113364052865,-2.5924891421133935,89.08745495850442,0.4477365551307283,0.32447240026983304,0.10046668541484938,403,-108.0,0.4524180978894237,1
199.0995741679389,-137.041351529162,230.75281613232647,0.6057542061225898,0.752622596556081,-0.15248016454109503,347,9.0,0.019877079129825392,1
103.04021372056043,30.259262826686225,99.10843162283082,0.567408904104346,0.3820448128116273,0.3399649299512044,321,-119.0,0.2684930314233465,1
142.03420111266965,-152.22638816153128,174.72493283629794,2.7199643047423914,2.0172965240485548,0.9787990363178793,21,-29.0,1.348462165732563,1
445.795865913152,-226.50920378777033,615.1866541988496,4.237547859303494,3.739785604869284,0.16418464376950315,249,119.0,0.2320124778370542,1
218.09170874973228,168.22353542501742,142.710773490906,3.371833232116333,2.5071410880090896,1.1303101370913633,39,17.0,0.4709455227445321,1
560.1042778413793,-6.430911102272034,594.3259942609475,2.7978408854712025,2.6615706986332865,0.2982784567788812,780,-70.0,0.09825149052566728,1
189.49376278407678,-9.380405671898416,197.92223638344043,0.6318883428450119,0.7332175279953521,-0.13393717131285754,396,74.0,0.097982708650999,1
156.00554704900455,-0.4956867587237923,158.20944133025313,1.009845901112576,0.47830235823558276,0.7564709514762633,260,-357.0,0.31201708463805045,1
143.8080923076792,-15.142574897928426,218.31707508546765,0.4615524153783957,0.4946617121868685,-0.02115649018280119,382,-255.0,0.19364228005696948,1
138.725099906253,-718.4320836320603,474.7287678468996,0.3288600250759482,0.5483214071701321,-0.30065840595597354,734,402.0,0.2872639677980081,1
383.5898698551264,267.4470827557386,212.4682034924289,0.8621174793265483,0.5049857350806652,0.22023278426437165,587,-31.0,0.26099028844373756,1
113.7833875404945,36.185395299960035,99.94002325564455,0.266049911954527,0.24697970438186237,0.1673658670275725,656,246.0,0.21937406981555072,1
573.8268984080764,-126.57351884952789,656.1936340573908,2.844368984387336,2.986573406949627,-0.053237414963793306,995,85.0,0.2071737429523956,1
88.73697025213993,-61.15927529479076,131.39407699996735,0.5241367781866872,0.5942198407197463,-0.24562807378648266,333,-7.0,0.12326995066784117,1
152.7707249035347,6.29801762228297,163.8518421859642,0.3821795927842048,0.32420531112033,0.07836431451709497,493,180.0,0.21009936117982617,1
80.04487142411583,-40.85337411733114,97.64626823428705,0.3447891018643794,0.39969933086673437,0.14624078847840805,468,-132.0,0.1785292458299611,1
96.51327052532694,8.614924258065045,97.61578045290139,0.37256590898830305,0.26239727683635805,-0.01891709083735016,419,96.0,0.334034304053322,1
94.01193817124798,-18.117834722603803,112.22663121775179,0.2138486163250873,0.25524705837124645,-0.03252351724044816,575,-276.0,0.24005334115310895,1
96.57877956222266,66.8101420445691,33.72667044741377,2.184177750203473,2.5499526691275305,-0.8509415824500977,225,-42.0,0.6205919978572468,1
